sensor_id,hour,n,avg_temp_raw,avg_temp_plausible
1,2004-02-28 00:00:00,1,19.99,19.99
1,2004-02-28 01:00:00,52,19.03,19.03
1,2004-02-28 02:00:00,33,18.73,18.73
1,2004-02-28 03:00:00,41,18.4,18.4
1,2004-02-28 04:00:00,44,18.09,18.09
1,2004-02-28 05:00:00,45,17.8,17.8
1,2004-02-28 06:00:00,43,17.62,17.62
1,2004-02-28 07:00:00,32,17.86,17.86
1,2004-02-28 08:00:00,40,19.47,19.47
1,2004-02-28 09:00:00,61,21.96,21.96
1,2004-02-28 10:00:00,48,23.6,23.6
1,2004-02-28 11:00:00,60,24.43,24.43
1,2004-02-28 12:00:00,62,24.66,24.66
1,2004-02-28 13:00:00,53,24.8,24.8
1,2004-02-28 14:00:00,56,23.98,23.98
1,2004-02-28 15:00:00,75,23.29,23.29
1,2004-02-28 16:00:00,70,22.26,22.26
1,2004-02-28 17:00:00,59,21.45,21.45
1,2004-02-28 18:00:00,76,20.87,20.87
1,2004-02-28 19:00:00,70,20.47,20.47
1,2004-02-28 20:00:00,91,20.24,20.24
1,2004-02-28 21:00:00,65,19.94,19.94
1,2004-02-28 22:00:00,70,19.61,19.61
1,2004-02-28 23:00:00,70,19.34,19.34
1,2004-02-29 00:00:00,67,19.06,19.06
1,2004-02-29 01:00:00,67,18.7,18.7
1,2004-02-29 02:00:00,87,18.39,18.39
1,2004-02-29 03:00:00,77,18.12,18.12
1,2004-02-29 04:00:00,74,17.91,17.91
1,2004-02-29 05:00:00,73,17.7,17.7
1,2004-02-29 06:00:00,62,17.51,17.51
1,2004-02-29 07:00:00,70,17.49,17.49
1,2004-02-29 08:00:00,75,18.6,18.6
1,2004-02-29 09:00:00,65,20.3,20.3
1,2004-02-29 10:00:00,66,20.67,20.67
1,2004-02-29 11:00:00,62,21.2,21.2
1,2004-02-29 12:00:00,76,21.12,21.12
1,2004-02-29 13:00:00,78,21.32,21.32
1,2004-02-29 14:00:00,66,21.22,21.22
1,2004-02-29 15:00:00,72,20.58,20.58
1,2004-02-29 16:00:00,70,19.99,19.99
1,2004-02-29 17:00:00,74,19.67,19.67
1,2004-02-29 18:00:00,63,19.34,19.34
1,2004-02-29 19:00:00,74,19.1,19.1
1,2004-02-29 20:00:00,81,18.93,18.93
1,2004-02-29 21:00:00,72,18.83,18.83
1,2004-02-29 22:00:00,81,18.69,18.69
1,2004-02-29 23:00:00,76,18.52,18.52
1,2004-03-01 00:00:00,64,18.36,18.36
1,2004-03-01 01:00:00,62,18.19,18.19
1,2004-03-01 02:00:00,67,18.01,18.01
1,2004-03-01 03:00:00,69,17.93,17.93
1,2004-03-01 04:00:00,63,17.75,17.75
1,2004-03-01 05:00:00,61,17.5,17.5
1,2004-03-01 06:00:00,79,17.32,17.32
1,2004-03-01 07:00:00,79,20.64,20.64
1,2004-03-01 08:00:00,90,21.2,21.2
1,2004-03-01 09:00:00,80,21.82,21.82
1,2004-03-01 10:00:00,96,22.34,22.34
1,2004-03-01 11:00:00,84,23.29,23.29
1,2004-03-01 12:00:00,91,24.72,24.72
1,2004-03-01 13:00:00,94,25.36,25.36
1,2004-03-01 14:00:00,83,25.76,25.76
1,2004-03-01 15:00:00,95,25.14,25.14
1,2004-03-01 16:00:00,67,25.22,25.22
1,2004-03-01 17:00:00,84,25.55,25.55
1,2004-03-01 18:00:00,83,22.01,22.01
1,2004-03-01 19:00:00,81,21.16,21.16
1,2004-03-01 20:00:00,103,20.71,20.71
1,2004-03-01 21:00:00,88,20.34,20.34
1,2004-03-01 22:00:00,83,19.91,19.91
1,2004-03-01 23:00:00,75,19.54,19.54
1,2004-03-02 00:00:00,86,19.1,19.1
1,2004-03-02 01:00:00,79,18.7,18.7
1,2004-03-02 02:00:00,86,18.34,18.34
1,2004-03-02 03:00:00,85,18.07,18.07
1,2004-03-02 04:00:00,83,17.78,17.78
1,2004-03-02 05:00:00,86,17.52,17.52
1,2004-03-02 06:00:00,87,17.4,17.4
1,2004-03-02 07:00:00,85,21.67,21.67
1,2004-03-02 08:00:00,98,23.86,23.86
1,2004-03-02 09:00:00,74,25.23,25.23
1,2004-03-02 10:00:00,74,24.29,24.29
1,2004-03-02 11:00:00,77,23.91,23.91
1,2004-03-02 12:00:00,79,24.34,24.34
1,2004-03-02 13:00:00,82,24.37,24.37
1,2004-03-02 14:00:00,82,24.34,24.34
1,2004-03-02 15:00:00,84,24.01,24.01
1,2004-03-02 16:00:00,76,23.23,23.23
1,2004-03-02 17:00:00,84,21.78,21.78
1,2004-03-02 18:00:00,96,21.54,21.54
1,2004-03-02 19:00:00,85,21.23,21.23
1,2004-03-02 20:00:00,84,20.9,20.9
1,2004-03-02 21:00:00,92,20.65,20.65
1,2004-03-02 22:00:00,78,20.41,20.41
1,2004-03-02 23:00:00,86,20.15,20.15
1,2004-03-03 00:00:00,86,19.95,19.95
1,2004-03-03 01:00:00,89,19.72,19.72
1,2004-03-03 02:00:00,84,19.24,19.24
1,2004-03-03 03:00:00,67,18.91,18.91
1,2004-03-03 04:00:00,88,18.56,18.56
1,2004-03-03 05:00:00,84,18.32,18.32
1,2004-03-03 06:00:00,85,18.3,18.3
1,2004-03-03 07:00:00,68,22.99,22.99
1,2004-03-03 08:00:00,84,25.65,25.65
1,2004-03-03 09:00:00,83,25.62,25.62
1,2004-03-03 10:00:00,80,25.46,25.46
1,2004-03-03 11:00:00,88,24.35,24.35
1,2004-03-03 12:00:00,85,23.39,23.39
1,2004-03-03 13:00:00,57,24.37,24.37
1,2004-03-03 14:00:00,62,24.41,24.41
1,2004-03-03 15:00:00,73,24.22,24.22
1,2004-03-03 16:00:00,73,23.98,23.98
1,2004-03-03 17:00:00,78,24.11,24.11
1,2004-03-03 18:00:00,74,22.96,22.96
1,2004-03-03 19:00:00,82,22.19,22.19
1,2004-03-03 20:00:00,70,21.7,21.7
1,2004-03-03 21:00:00,88,21.4,21.4
1,2004-03-03 22:00:00,64,21.12,21.12
1,2004-03-03 23:00:00,76,20.79,20.79
1,2004-03-04 00:00:00,60,20.35,20.35
1,2004-03-04 01:00:00,75,19.8,19.8
1,2004-03-04 02:00:00,78,19.33,19.33
1,2004-03-04 03:00:00,68,19.0,19.0
1,2004-03-04 04:00:00,64,18.66,18.66
1,2004-03-04 05:00:00,73,18.4,18.4
1,2004-03-04 06:00:00,70,18.26,18.26
1,2004-03-04 07:00:00,75,22.72,22.72
1,2004-03-04 08:00:00,94,24.2,24.2
1,2004-03-04 09:00:00,89,25.8,25.8
1,2004-03-04 10:00:00,75,24.87,24.87
1,2004-03-04 11:00:00,75,25.17,25.17
1,2004-03-04 12:00:00,69,26.28,26.28
1,2004-03-04 13:00:00,71,26.25,26.25
1,2004-03-04 14:00:00,61,25.1,25.1
1,2004-03-04 15:00:00,64,23.66,23.66
1,2004-03-04 16:00:00,65,22.68,22.68
1,2004-03-04 17:00:00,76,21.74,21.74
1,2004-03-04 18:00:00,73,21.54,21.54
1,2004-03-04 19:00:00,78,21.41,21.41
1,2004-03-04 20:00:00,71,21.16,21.16
1,2004-03-04 21:00:00,72,20.93,20.93
1,2004-03-04 22:00:00,74,20.72,20.72
1,2004-03-04 23:00:00,71,20.52,20.52
1,2004-03-05 00:00:00,76,20.34,20.34
1,2004-03-05 01:00:00,75,20.09,20.09
1,2004-03-05 02:00:00,69,19.83,19.83
1,2004-03-05 03:00:00,75,19.58,19.58
1,2004-03-05 04:00:00,74,19.31,19.31
1,2004-03-05 05:00:00,76,19.13,19.13
1,2004-03-05 06:00:00,67,19.07,19.07
1,2004-03-05 07:00:00,76,23.57,23.57
1,2004-03-05 08:00:00,74,25.61,25.61
1,2004-03-05 09:00:00,82,24.14,24.14
1,2004-03-05 10:00:00,63,24.18,24.18
1,2004-03-05 11:00:00,73,23.46,23.46
1,2004-03-05 12:00:00,73,23.04,23.04
1,2004-03-05 13:00:00,79,24.2,24.2
1,2004-03-05 14:00:00,82,24.1,24.1
1,2004-03-05 15:00:00,71,23.52,23.52
1,2004-03-05 16:00:00,73,22.9,22.9
1,2004-03-05 17:00:00,84,22.09,22.09
1,2004-03-05 18:00:00,89,21.77,21.77
1,2004-03-05 19:00:00,85,21.5,21.5
1,2004-03-05 20:00:00,92,21.22,21.22
1,2004-03-05 21:00:00,71,20.9,20.9
1,2004-03-05 22:00:00,68,20.75,20.75
1,2004-03-05 23:00:00,77,20.61,20.61
1,2004-03-06 00:00:00,81,20.25,20.25
1,2004-03-06 01:00:00,76,19.93,19.93
1,2004-03-06 02:00:00,86,19.72,19.72
1,2004-03-06 03:00:00,82,19.61,19.61
1,2004-03-06 04:00:00,89,19.49,19.49
1,2004-03-06 05:00:00,98,19.36,19.36
1,2004-03-06 06:00:00,92,19.13,19.13
1,2004-03-06 07:00:00,87,19.24,19.24
1,2004-03-06 08:00:00,86,20.98,20.98
1,2004-03-06 09:00:00,90,22.9,22.9
1,2004-03-06 10:00:00,101,24.86,24.86
1,2004-03-06 11:00:00,76,26.24,26.24
1,2004-03-06 12:00:00,83,27.04,27.04
1,2004-03-06 13:00:00,80,27.17,27.17
1,2004-03-06 14:00:00,95,26.44,26.44
1,2004-03-06 15:00:00,89,25.96,25.96
1,2004-03-06 16:00:00,82,25.18,25.18
1,2004-03-06 17:00:00,73,24.48,24.48
1,2004-03-06 18:00:00,77,23.43,23.43
1,2004-03-06 19:00:00,84,22.79,22.79
1,2004-03-06 20:00:00,80,22.4,22.4
1,2004-03-06 21:00:00,82,22.08,22.08
1,2004-03-06 22:00:00,93,21.8,21.8
1,2004-03-06 23:00:00,87,21.49,21.49
1,2004-03-07 00:00:00,98,21.19,21.19
1,2004-03-07 01:00:00,79,20.93,20.93
1,2004-03-07 02:00:00,93,20.62,20.62
1,2004-03-07 03:00:00,100,20.45,20.45
1,2004-03-07 04:00:00,76,20.23,20.23
1,2004-03-07 05:00:00,80,20.02,20.02
1,2004-03-07 06:00:00,94,19.85,19.85
1,2004-03-07 07:00:00,102,20.07,20.07
1,2004-03-07 08:00:00,77,21.9,21.9
1,2004-03-07 09:00:00,84,24.1,24.1
1,2004-03-07 10:00:00,80,25.86,25.86
1,2004-03-07 11:00:00,86,27.26,27.26
1,2004-03-07 12:00:00,76,28.06,28.06
1,2004-03-07 13:00:00,78,28.55,28.55
1,2004-03-07 14:00:00,96,28.15,28.15
1,2004-03-07 15:00:00,81,27.58,27.58
1,2004-03-07 16:00:00,80,27.14,27.14
1,2004-03-07 17:00:00,86,26.23,26.23
1,2004-03-07 18:00:00,97,25.1,25.1
1,2004-03-07 19:00:00,101,24.22,24.22
1,2004-03-07 20:00:00,104,23.66,23.66
1,2004-03-07 21:00:00,96,23.28,23.28
1,2004-03-07 22:00:00,95,23.03,23.03
1,2004-03-07 23:00:00,97,22.81,22.81
1,2004-03-08 00:00:00,104,22.57,22.57
1,2004-03-08 01:00:00,95,22.31,22.31
1,2004-03-08 02:00:00,109,22.1,22.1
1,2004-03-08 03:00:00,102,21.86,21.86
1,2004-03-08 04:00:00,95,21.66,21.66
1,2004-03-08 05:00:00,107,21.45,21.45
1,2004-03-08 06:00:00,93,21.33,21.33
1,2004-03-08 07:00:00,95,24.08,24.08
1,2004-03-08 08:00:00,105,24.81,24.81
1,2004-03-08 09:00:00,92,25.84,25.84
1,2004-03-08 10:00:00,85,23.69,23.69
1,2004-03-08 11:00:00,87,22.46,22.46
1,2004-03-08 12:00:00,94,22.62,22.62
1,2004-03-08 13:00:00,91,22.56,22.56
1,2004-03-08 14:00:00,93,22.42,22.42
1,2004-03-08 15:00:00,84,22.02,22.02
1,2004-03-08 16:00:00,83,21.7,21.7
1,2004-03-08 17:00:00,89,21.7,21.7
1,2004-03-08 18:00:00,85,23.32,23.32
1,2004-03-08 19:00:00,84,23.97,23.97
1,2004-03-08 20:00:00,76,23.79,23.79
1,2004-03-08 21:00:00,86,23.45,23.45
1,2004-03-08 22:00:00,79,23.13,23.13
1,2004-03-08 23:00:00,85,22.83,22.83
1,2004-03-09 00:00:00,83,22.53,22.53
1,2004-03-09 01:00:00,79,22.21,22.21
1,2004-03-09 02:00:00,79,21.93,21.93
1,2004-03-09 03:00:00,79,21.69,21.69
1,2004-03-09 04:00:00,74,21.41,21.41
1,2004-03-09 05:00:00,76,21.24,21.24
1,2004-03-09 06:00:00,85,21.18,21.18
1,2004-03-09 07:00:00,85,22.27,22.27
1,2004-03-09 08:00:00,97,22.5,22.5
1,2004-03-09 09:00:00,83,21.93,21.93
1,2004-03-09 10:00:00,85,21.94,21.94
1,2004-03-09 11:00:00,80,22.07,22.07
1,2004-03-09 12:00:00,79,22.16,22.16
1,2004-03-09 13:00:00,73,23.14,23.14
1,2004-03-09 14:00:00,78,22.27,22.27
1,2004-03-09 15:00:00,82,21.93,21.93
1,2004-03-09 16:00:00,70,21.81,21.81
1,2004-03-09 17:00:00,77,21.52,21.52
1,2004-03-09 18:00:00,85,22.42,22.42
1,2004-03-09 19:00:00,85,22.71,22.71
1,2004-03-09 20:00:00,84,22.57,22.57
1,2004-03-09 21:00:00,93,22.36,22.36
1,2004-03-09 22:00:00,79,22.26,22.26
1,2004-03-09 23:00:00,84,22.2,22.2
1,2004-03-10 00:00:00,84,22.13,22.13
1,2004-03-10 01:00:00,85,21.79,21.79
1,2004-03-10 02:00:00,80,21.47,21.47
1,2004-03-10 03:00:00,86,21.32,21.32
1,2004-03-10 04:00:00,90,21.22,21.22
1,2004-03-10 05:00:00,92,21.12,21.12
1,2004-03-10 06:00:00,100,21.12,21.12
1,2004-03-10 07:00:00,88,22.48,22.48
1,2004-03-10 08:00:00,92,22.64,22.64
1,2004-03-10 09:00:00,8,22.86,22.86
1,2004-03-11 09:00:00,48,22.24,22.24
1,2004-03-11 10:00:00,116,22.17,22.17
1,2004-03-11 11:00:00,118,22.65,22.65
1,2004-03-11 12:00:00,110,22.75,22.75
1,2004-03-11 13:00:00,115,22.98,22.98
1,2004-03-11 14:00:00,117,22.71,22.71
1,2004-03-11 15:00:00,117,22.28,22.28
1,2004-03-11 16:00:00,116,21.68,21.68
1,2004-03-11 17:00:00,70,21.4,21.4
1,2004-03-11 18:00:00,81,22.5,22.5
1,2004-03-11 19:00:00,93,22.74,22.74
1,2004-03-11 20:00:00,79,22.58,22.58
1,2004-03-11 21:00:00,77,22.37,22.37
1,2004-03-11 22:00:00,82,22.06,22.06
1,2004-03-11 23:00:00,80,21.76,21.76
1,2004-03-12 00:00:00,84,21.28,21.28
1,2004-03-12 01:00:00,90,20.89,20.89
1,2004-03-12 02:00:00,91,20.58,20.58
1,2004-03-12 03:00:00,69,20.33,20.33
1,2004-03-12 04:00:00,100,20.05,20.05
1,2004-03-12 05:00:00,75,19.81,19.81
1,2004-03-12 06:00:00,81,19.69,19.69
1,2004-03-12 07:00:00,91,20.48,20.48
1,2004-03-12 08:00:00,86,20.34,20.34
1,2004-03-12 09:00:00,82,21.51,21.51
1,2004-03-12 10:00:00,72,22.21,22.21
1,2004-03-12 11:00:00,68,22.47,22.47
1,2004-03-12 12:00:00,83,22.11,22.11
1,2004-03-12 13:00:00,73,21.98,21.98
1,2004-03-12 14:00:00,61,21.8,21.8
1,2004-03-12 15:00:00,68,22.0,22.0
1,2004-03-12 16:00:00,66,21.77,21.77
1,2004-03-12 17:00:00,61,21.5,21.5
1,2004-03-12 18:00:00,55,22.03,22.03
1,2004-03-12 19:00:00,50,21.86,21.86
1,2004-03-12 20:00:00,69,21.6,21.6
1,2004-03-12 21:00:00,74,21.42,21.42
1,2004-03-12 22:00:00,82,21.23,21.23
1,2004-03-12 23:00:00,70,20.98,20.98
1,2004-03-13 00:00:00,69,20.76,20.76
1,2004-03-13 01:00:00,58,20.58,20.58
1,2004-03-13 02:00:00,56,20.45,20.45
1,2004-03-13 03:00:00,60,20.27,20.27
1,2004-03-13 04:00:00,69,20.12,20.12
1,2004-03-13 05:00:00,61,19.99,19.99
1,2004-03-13 06:00:00,65,19.91,19.91
1,2004-03-13 07:00:00,59,20.66,20.66
1,2004-03-13 08:00:00,54,22.64,22.64
1,2004-03-13 09:00:00,68,24.96,24.96
1,2004-03-13 10:00:00,43,26.9,26.9
1,2004-03-13 11:00:00,56,28.18,28.18
1,2004-03-13 12:00:00,58,28.77,28.77
1,2004-03-13 13:00:00,57,28.63,28.63
1,2004-03-13 14:00:00,62,27.97,27.97
1,2004-03-13 15:00:00,70,27.28,27.28
1,2004-03-13 16:00:00,58,26.61,26.61
1,2004-03-13 17:00:00,49,25.54,25.54
1,2004-03-13 18:00:00,61,24.3,24.3
1,2004-03-13 19:00:00,59,23.43,23.43
1,2004-03-13 20:00:00,64,22.83,22.83
1,2004-03-13 21:00:00,76,22.36,22.36
1,2004-03-13 22:00:00,66,21.97,21.97
1,2004-03-13 23:00:00,62,21.65,21.65
1,2004-03-14 00:00:00,74,21.36,21.36
1,2004-03-14 01:00:00,82,21.09,21.09
1,2004-03-14 02:00:00,69,20.8,20.8
1,2004-03-14 03:00:00,61,20.52,20.52
1,2004-03-14 04:00:00,65,20.33,20.33
1,2004-03-14 05:00:00,52,20.06,20.06
1,2004-03-14 06:00:00,49,19.87,19.87
1,2004-03-14 07:00:00,54,20.13,20.13
1,2004-03-14 08:00:00,55,22.1,22.1
1,2004-03-14 09:00:00,50,24.14,24.14
1,2004-03-14 10:00:00,63,26.0,26.0
1,2004-03-14 11:00:00,65,27.34,27.34
1,2004-03-14 12:00:00,56,28.34,28.34
1,2004-03-14 13:00:00,56,28.65,28.65
1,2004-03-14 14:00:00,56,28.26,28.26
1,2004-03-14 15:00:00,45,27.74,27.74
1,2004-03-14 16:00:00,64,27.01,27.01
1,2004-03-14 17:00:00,52,21.81,21.81
1,2004-03-14 18:00:00,64,21.77,21.77
1,2004-03-14 19:00:00,49,22.52,22.52
1,2004-03-14 20:00:00,45,21.47,21.47
1,2004-03-14 21:00:00,38,20.85,20.85
1,2004-03-14 22:00:00,38,21.0,21.0
1,2004-03-14 23:00:00,22,21.21,21.21
1,2004-03-15 00:00:00,13,21.22,21.22
1,2004-03-15 01:00:00,8,21.15,21.15
1,2004-03-15 02:00:00,19,21.1,21.1
1,2004-03-15 03:00:00,30,20.98,20.98
1,2004-03-15 04:00:00,35,20.84,20.84
1,2004-03-15 05:00:00,38,20.76,20.76
1,2004-03-15 06:00:00,18,20.73,20.73
1,2004-03-15 07:00:00,41,21.85,21.85
1,2004-03-15 08:00:00,42,22.32,22.32
1,2004-03-15 09:00:00,23,22.29,22.29
1,2004-03-15 10:00:00,26,21.75,21.75
1,2004-03-15 11:00:00,30,21.94,21.94
1,2004-03-15 12:00:00,30,22.06,22.06
1,2004-03-15 13:00:00,19,22.14,22.14
1,2004-03-15 14:00:00,20,21.54,21.54
1,2004-03-15 15:00:00,29,21.66,21.66
1,2004-03-16 11:00:00,34,21.89,21.89
1,2004-03-16 12:00:00,42,22.19,22.19
1,2004-03-16 13:00:00,47,22.23,22.23
1,2004-03-16 14:00:00,86,22.02,22.02
1,2004-03-16 15:00:00,83,21.68,21.68
1,2004-03-16 16:00:00,70,21.64,21.64
1,2004-03-16 17:00:00,69,21.86,21.86
1,2004-03-16 18:00:00,86,22.93,22.93
1,2004-03-16 19:00:00,69,23.49,23.49
1,2004-03-16 20:00:00,73,23.52,23.52
1,2004-03-16 21:00:00,86,23.38,23.38
1,2004-03-16 22:00:00,78,23.3,23.3
1,2004-03-16 23:00:00,98,23.18,23.18
1,2004-03-17 00:00:00,96,22.98,22.98
1,2004-03-17 01:00:00,70,22.79,22.79
1,2004-03-17 02:00:00,72,22.45,22.45
1,2004-03-17 03:00:00,75,22.1,22.1
1,2004-03-17 04:00:00,73,21.78,21.78
1,2004-03-17 05:00:00,84,21.57,21.57
1,2004-03-17 06:00:00,79,21.42,21.42
1,2004-03-17 07:00:00,72,21.03,21.03
1,2004-03-17 08:00:00,80,20.56,20.56
1,2004-03-17 09:00:00,80,21.23,21.23
1,2004-03-17 10:00:00,90,21.97,21.97
1,2004-03-17 11:00:00,91,21.96,21.96
1,2004-03-17 12:00:00,94,21.76,21.76
1,2004-03-17 13:00:00,91,21.88,21.88
1,2004-03-17 14:00:00,79,21.91,21.91
1,2004-03-17 15:00:00,78,21.68,21.68
1,2004-03-17 16:00:00,70,21.63,21.63
1,2004-03-17 17:00:00,71,21.53,21.53
1,2004-03-17 18:00:00,57,22.43,22.43
1,2004-03-17 19:00:00,74,22.84,22.84
1,2004-03-17 20:00:00,69,22.65,22.65
1,2004-03-17 21:00:00,65,22.42,22.42
1,2004-03-17 22:00:00,79,22.19,22.19
1,2004-03-17 23:00:00,79,21.94,21.94
1,2004-03-18 00:00:00,87,21.75,21.75
1,2004-03-18 01:00:00,72,21.43,21.43
1,2004-03-18 02:00:00,74,21.0,21.0
1,2004-03-18 03:00:00,80,20.73,20.73
1,2004-03-18 04:00:00,85,20.54,20.54
1,2004-03-18 05:00:00,85,20.34,20.34
1,2004-03-18 06:00:00,77,20.21,20.21
1,2004-03-18 07:00:00,20,19.86,19.86
1,2004-03-18 08:00:00,15,19.74,19.74
1,2004-03-18 09:00:00,23,20.16,20.16
1,2004-03-18 10:00:00,18,21.24,21.24
1,2004-03-18 11:00:00,14,21.71,21.71
1,2004-03-18 12:00:00,6,22.21,22.21
1,2004-03-18 13:00:00,19,22.18,22.18
1,2004-03-18 14:00:00,7,21.7,21.7
1,2004-03-18 15:00:00,13,21.55,21.55
1,2004-03-18 16:00:00,10,21.6,21.6
1,2004-03-18 17:00:00,34,21.06,21.06
1,2004-03-18 18:00:00,39,21.49,21.49
1,2004-03-18 19:00:00,47,21.61,21.61
1,2004-03-18 20:00:00,55,21.42,21.42
1,2004-03-18 21:00:00,59,21.21,21.21
1,2004-03-18 22:00:00,56,20.95,20.95
1,2004-03-18 23:00:00,54,20.67,20.67
1,2004-03-19 00:00:00,72,20.43,20.43
1,2004-03-19 01:00:00,47,20.14,20.14
1,2004-03-19 02:00:00,57,19.71,19.71
1,2004-03-19 03:00:00,46,19.32,19.32
1,2004-03-19 04:00:00,63,19.03,19.03
1,2004-03-19 05:00:00,57,18.87,18.87
1,2004-03-19 06:00:00,43,18.77,18.77
1,2004-03-19 07:00:00,45,18.82,18.82
1,2004-03-19 08:00:00,57,19.62,19.62
1,2004-03-19 09:00:00,59,19.66,19.66
1,2004-03-19 10:00:00,46,21.32,21.32
1,2004-03-19 11:00:00,43,22.41,22.41
1,2004-03-19 12:00:00,60,22.58,22.58
1,2004-03-19 13:00:00,39,22.64,22.64
1,2004-03-19 14:00:00,59,22.54,22.54
1,2004-03-19 15:00:00,69,21.91,21.91
1,2004-03-19 16:00:00,69,21.54,21.54
1,2004-03-19 17:00:00,65,21.43,21.43
1,2004-03-19 18:00:00,58,21.87,21.87
1,2004-03-19 19:00:00,39,21.71,21.71
1,2004-03-19 20:00:00,42,21.44,21.44
1,2004-03-19 21:00:00,70,21.15,21.15
1,2004-03-19 22:00:00,62,20.91,20.91
1,2004-03-19 23:00:00,53,20.68,20.68
1,2004-03-20 00:00:00,49,20.44,20.44
1,2004-03-20 01:00:00,56,20.26,20.26
1,2004-03-20 02:00:00,43,20.05,20.05
1,2004-03-20 03:00:00,71,19.85,19.85
1,2004-03-20 04:00:00,66,19.67,19.67
1,2004-03-20 05:00:00,48,19.51,19.51
1,2004-03-20 06:00:00,66,19.35,19.35
1,2004-03-20 07:00:00,46,19.82,19.82
1,2004-03-20 08:00:00,68,21.9,21.9
1,2004-03-20 09:00:00,57,24.05,24.05
1,2004-03-20 10:00:00,55,25.91,25.91
1,2004-03-20 11:00:00,50,27.41,27.41
1,2004-03-20 12:00:00,40,28.29,28.29
1,2004-03-20 13:00:00,44,28.46,28.46
1,2004-03-20 14:00:00,56,27.63,27.63
1,2004-03-20 15:00:00,48,26.96,26.96
1,2004-03-20 16:00:00,52,25.94,25.94
1,2004-03-20 17:00:00,62,24.72,24.72
1,2004-03-20 18:00:00,55,23.73,23.73
1,2004-03-20 19:00:00,42,22.9,22.9
1,2004-03-20 20:00:00,57,22.36,22.36
1,2004-03-20 21:00:00,38,21.97,21.97
1,2004-03-20 22:00:00,39,21.56,21.56
1,2004-03-20 23:00:00,56,21.25,21.25
1,2004-03-21 00:00:00,40,20.94,20.94
1,2004-03-21 01:00:00,45,20.67,20.67
1,2004-03-21 02:00:00,57,20.49,20.49
1,2004-03-21 03:00:00,57,20.35,20.35
1,2004-03-21 04:00:00,47,20.19,20.19
1,2004-03-21 05:00:00,60,20.01,20.01
1,2004-03-21 06:00:00,40,19.87,19.87
1,2004-03-21 07:00:00,57,19.71,19.71
1,2004-03-21 08:00:00,46,19.56,19.56
1,2004-03-21 09:00:00,50,19.57,19.57
1,2004-03-21 10:00:00,62,19.69,19.69
1,2004-03-21 11:00:00,54,22.43,22.43
1,2004-03-21 12:00:00,39,24.47,24.47
1,2004-03-21 13:00:00,37,24.59,24.59
1,2004-03-21 14:00:00,57,24.4,24.4
1,2004-03-21 15:00:00,44,23.41,23.41
1,2004-03-21 16:00:00,61,22.68,22.68
1,2004-03-21 17:00:00,58,21.97,21.97
1,2004-03-21 18:00:00,43,21.35,21.35
1,2004-03-21 19:00:00,30,20.94,20.94
1,2004-03-21 20:00:00,34,20.7,20.7
1,2004-03-21 21:00:00,27,20.45,20.45
1,2004-03-21 22:00:00,31,20.16,20.16
1,2004-03-21 23:00:00,26,19.94,19.94
1,2004-03-22 00:00:00,21,19.69,19.69
1,2004-03-22 01:00:00,29,19.56,19.56
1,2004-03-22 02:00:00,15,19.49,19.49
1,2004-03-22 03:00:00,26,19.44,19.44
1,2004-03-22 04:00:00,15,19.41,19.41
1,2004-03-22 05:00:00,31,19.32,19.32
1,2004-03-22 06:00:00,32,19.3,19.3
1,2004-03-22 07:00:00,33,19.43,19.43
1,2004-03-22 08:00:00,30,19.63,19.63
1,2004-03-22 09:00:00,24,20.12,20.12
1,2004-03-22 10:00:00,24,21.49,21.49
1,2004-03-22 11:00:00,20,22.52,22.52
1,2004-03-22 12:00:00,18,22.88,22.88
1,2004-03-22 13:00:00,16,22.91,22.91
1,2004-03-22 14:00:00,26,22.74,22.74
1,2004-03-22 15:00:00,28,22.93,22.93
1,2004-03-22 16:00:00,32,23.05,23.05
1,2004-03-22 17:00:00,25,23.29,23.29
1,2004-03-22 18:00:00,29,23.73,23.73
1,2004-03-22 19:00:00,29,24.13,24.13
1,2004-03-22 20:00:00,36,24.43,24.43
1,2004-03-22 21:00:00,33,24.98,24.98
1,2004-03-22 22:00:00,25,25.81,25.81
1,2004-03-22 23:00:00,35,26.84,26.84
1,2004-03-23 00:00:00,28,28.24,28.24
1,2004-03-23 01:00:00,76,30.2,30.2
1,2004-03-23 02:00:00,57,32.72,32.72
1,2004-03-23 03:00:00,78,35.56,35.56
1,2004-03-23 04:00:00,63,38.93,38.93
1,2004-03-23 05:00:00,68,43.11,43.11
1,2004-03-23 06:00:00,68,47.67,47.67
1,2004-03-23 07:00:00,53,52.51,
1,2004-03-23 08:00:00,56,57.1,
1,2004-03-23 09:00:00,73,57.07,
1,2004-03-23 10:00:00,55,58.0,
1,2004-03-23 11:00:00,50,59.01,
1,2004-03-23 12:00:00,72,59.85,
1,2004-03-23 13:00:00,50,60.65,
1,2004-03-23 14:00:00,94,62.82,
1,2004-03-23 15:00:00,66,65.83,
1,2004-03-23 16:00:00,80,70.18,
1,2004-03-23 17:00:00,82,74.04,
1,2004-03-23 18:00:00,81,74.45,
1,2004-03-23 19:00:00,77,78.06,
1,2004-03-23 20:00:00,79,86.57,
1,2004-03-23 21:00:00,69,96.93,
1,2004-03-23 22:00:00,66,106.43,
1,2004-03-23 23:00:00,61,117.65,
1,2004-03-24 00:00:00,49,122.14,
1,2004-03-24 01:00:00,38,122.15,
1,2004-03-24 02:00:00,7,122.15,
1,2004-03-24 03:00:00,6,122.15,
1,2004-03-24 04:00:00,12,122.15,
1,2004-03-24 05:00:00,12,122.15,
1,2004-03-24 06:00:00,11,122.15,
1,2004-03-24 07:00:00,9,122.15,
1,2004-03-24 08:00:00,10,122.15,
1,2004-03-24 09:00:00,23,122.15,
1,2004-03-24 10:00:00,21,122.15,
1,2004-03-24 11:00:00,9,122.15,
1,2004-03-24 12:00:00,22,122.15,
1,2004-03-24 13:00:00,19,122.15,
1,2004-03-24 14:00:00,21,122.15,
1,2004-03-24 15:00:00,22,122.15,
1,2004-03-24 16:00:00,21,122.15,
1,2004-03-24 17:00:00,16,122.15,
1,2004-03-24 18:00:00,7,122.15,
1,2004-03-24 19:00:00,15,122.15,
1,2004-03-24 20:00:00,11,122.15,
1,2004-03-24 21:00:00,13,122.15,
1,2004-03-24 22:00:00,15,122.15,
1,2004-03-24 23:00:00,18,122.15,
1,2004-03-25 00:00:00,15,122.15,
1,2004-03-25 01:00:00,6,122.15,
1,2004-03-25 02:00:00,8,122.15,
1,2004-03-25 03:00:00,11,122.15,
1,2004-03-25 04:00:00,17,122.15,
1,2004-03-25 05:00:00,23,122.15,
1,2004-03-25 06:00:00,12,122.15,
1,2004-03-25 07:00:00,22,122.15,
1,2004-03-25 08:00:00,17,122.15,
1,2004-03-25 09:00:00,24,122.15,
1,2004-03-25 10:00:00,8,122.15,
1,2004-03-25 11:00:00,29,122.15,
1,2004-03-25 12:00:00,24,122.15,
1,2004-03-25 13:00:00,21,122.15,
1,2004-03-25 14:00:00,16,122.15,
1,2004-03-25 15:00:00,28,122.15,
1,2004-03-25 16:00:00,27,122.15,
1,2004-03-25 17:00:00,41,122.15,
1,2004-03-25 18:00:00,28,122.15,
1,2004-03-25 19:00:00,38,122.15,
1,2004-03-25 20:00:00,24,122.15,
1,2004-03-25 21:00:00,21,122.15,
1,2004-03-25 22:00:00,16,122.15,
1,2004-03-25 23:00:00,28,122.15,
1,2004-03-26 00:00:00,25,122.15,
1,2004-03-26 01:00:00,21,122.15,
1,2004-03-26 02:00:00,42,122.15,
1,2004-03-26 03:00:00,22,122.15,
1,2004-03-26 04:00:00,18,122.15,
1,2004-03-26 05:00:00,29,122.15,
1,2004-03-26 06:00:00,38,122.15,
1,2004-03-26 07:00:00,31,122.15,
1,2004-03-26 08:00:00,31,122.15,
1,2004-03-26 09:00:00,32,122.15,
1,2004-03-26 10:00:00,25,122.15,
1,2004-03-26 11:00:00,22,122.15,
1,2004-03-26 12:00:00,32,122.15,
1,2004-03-26 13:00:00,32,122.15,
1,2004-03-26 14:00:00,31,122.15,
1,2004-03-26 15:00:00,32,122.15,
1,2004-03-26 16:00:00,26,122.15,
1,2004-03-26 17:00:00,28,122.15,
1,2004-03-26 18:00:00,30,122.15,
1,2004-03-26 19:00:00,34,122.15,
1,2004-03-26 20:00:00,40,122.15,
1,2004-03-26 21:00:00,33,122.15,
1,2004-03-26 22:00:00,48,122.15,
1,2004-03-26 23:00:00,42,122.15,
1,2004-03-27 00:00:00,33,122.15,
1,2004-03-27 01:00:00,46,122.15,
1,2004-03-27 02:00:00,31,122.15,
1,2004-03-27 03:00:00,26,122.15,
1,2004-03-27 04:00:00,35,122.15,
1,2004-03-27 05:00:00,34,122.15,
1,2004-03-27 06:00:00,32,122.15,
1,2004-03-27 07:00:00,39,122.15,
1,2004-03-27 08:00:00,29,122.15,
1,2004-03-27 09:00:00,42,122.15,
1,2004-03-27 10:00:00,28,122.15,
1,2004-03-27 11:00:00,44,122.15,
1,2004-03-27 12:00:00,46,122.15,
1,2004-03-27 13:00:00,40,122.15,
1,2004-03-27 14:00:00,41,122.15,
1,2004-03-27 15:00:00,37,122.15,
1,2004-03-27 16:00:00,57,122.15,
1,2004-03-27 17:00:00,50,122.15,
1,2004-03-27 18:00:00,54,122.15,
1,2004-03-27 19:00:00,60,122.15,
1,2004-03-27 20:00:00,50,122.15,
1,2004-03-27 21:00:00,46,122.15,
1,2004-03-27 22:00:00,43,122.15,
1,2004-03-27 23:00:00,50,122.15,
1,2004-03-28 00:00:00,49,122.15,
1,2004-03-28 01:00:00,48,122.15,
1,2004-03-28 02:00:00,43,122.15,
1,2004-03-28 03:00:00,47,122.15,
1,2004-03-28 04:00:00,55,122.15,
1,2004-03-28 05:00:00,49,122.15,
1,2004-03-28 06:00:00,51,122.15,
1,2004-03-28 07:00:00,54,122.15,
1,2004-03-28 08:00:00,46,122.15,
1,2004-03-28 09:00:00,61,122.15,
1,2004-03-28 10:00:00,74,122.15,
1,2004-03-28 11:00:00,59,122.15,
1,2004-03-28 12:00:00,51,122.15,
1,2004-03-28 13:00:00,75,122.15,
1,2004-03-28 14:00:00,57,122.15,
1,2004-03-28 15:00:00,63,122.15,
1,2004-03-28 16:00:00,53,122.15,
1,2004-03-28 17:00:00,48,122.15,
1,2004-03-28 18:00:00,67,122.15,
1,2004-03-28 19:00:00,60,122.15,
1,2004-03-28 20:00:00,62,122.15,
1,2004-03-28 21:00:00,32,122.15,
1,2004-03-28 22:00:00,60,122.15,
1,2004-03-28 23:00:00,40,122.15,
1,2004-03-29 00:00:00,57,122.15,
1,2004-03-29 01:00:00,62,122.15,
1,2004-03-29 02:00:00,49,122.15,
1,2004-03-29 03:00:00,36,122.15,
1,2004-03-29 04:00:00,44,122.15,
1,2004-03-29 05:00:00,25,122.15,
1,2004-03-29 06:00:00,17,122.15,
1,2004-03-29 07:00:00,21,122.15,
1,2004-03-29 08:00:00,34,122.15,
1,2004-03-29 09:00:00,30,122.15,
1,2004-03-29 10:00:00,22,122.15,
1,2004-03-29 11:00:00,26,122.15,
1,2004-03-29 12:00:00,31,122.15,
1,2004-03-29 13:00:00,16,122.15,
1,2004-03-29 14:00:00,17,122.15,
1,2004-03-29 15:00:00,9,122.15,
1,2004-03-29 16:00:00,12,122.15,
1,2004-03-29 17:00:00,23,122.15,
1,2004-03-29 18:00:00,17,122.15,
1,2004-03-29 19:00:00,18,122.15,
1,2004-03-29 20:00:00,22,122.15,
1,2004-03-29 21:00:00,14,122.15,
1,2004-03-29 22:00:00,17,122.15,
1,2004-03-29 23:00:00,30,122.15,
1,2004-03-30 00:00:00,19,122.15,
1,2004-03-30 01:00:00,18,122.15,
1,2004-03-30 02:00:00,14,122.15,
1,2004-03-30 03:00:00,19,122.15,
1,2004-03-30 04:00:00,14,122.15,
1,2004-03-30 05:00:00,9,122.15,
1,2004-03-30 06:00:00,22,122.15,
1,2004-03-30 07:00:00,19,122.15,
1,2004-03-30 08:00:00,25,122.15,
1,2004-03-30 09:00:00,36,122.15,
1,2004-03-30 10:00:00,37,122.15,
1,2004-03-30 11:00:00,14,122.15,
1,2004-03-30 12:00:00,21,122.15,
1,2004-03-30 13:00:00,20,122.15,
1,2004-03-30 14:00:00,22,122.15,
1,2004-03-30 15:00:00,17,122.15,
1,2004-03-30 16:00:00,10,122.15,
1,2004-03-30 17:00:00,23,122.15,
1,2004-03-30 18:00:00,48,122.15,
1,2004-03-30 19:00:00,12,122.15,
1,2004-03-30 20:00:00,11,122.15,
1,2004-03-30 21:00:00,42,122.15,
1,2004-03-30 22:00:00,20,122.15,
1,2004-03-30 23:00:00,52,122.15,
1,2004-03-31 00:00:00,50,122.15,
1,2004-03-31 01:00:00,49,122.15,
1,2004-03-31 02:00:00,49,122.15,
1,2004-03-31 03:00:00,16,122.15,
1,2004-03-31 04:00:00,6,121.93,
2,2004-02-28 01:00:00,26,19.45,19.45
2,2004-02-28 02:00:00,45,19.21,19.21
2,2004-02-28 03:00:00,54,18.85,18.85
2,2004-02-28 04:00:00,40,18.48,18.48
2,2004-02-28 05:00:00,39,18.19,18.19
2,2004-02-28 06:00:00,42,17.96,17.96
2,2004-02-28 07:00:00,26,18.15,18.15
2,2004-02-28 08:00:00,61,19.07,19.07
2,2004-02-28 09:00:00,44,21.23,21.23
2,2004-02-28 10:00:00,37,22.54,22.54
2,2004-02-28 11:00:00,31,23.36,23.36
2,2004-02-28 12:00:00,15,23.67,23.67
2,2004-02-28 13:00:00,21,23.98,23.98
2,2004-02-28 14:00:00,23,23.55,23.55
2,2004-02-28 15:00:00,61,23.19,23.19
2,2004-02-28 16:00:00,78,22.38,22.38
2,2004-02-28 17:00:00,79,21.76,21.76
2,2004-02-28 18:00:00,71,21.23,21.23
2,2004-02-28 19:00:00,66,20.86,20.86
2,2004-02-28 20:00:00,74,20.65,20.65
2,2004-02-28 21:00:00,59,20.36,20.36
2,2004-02-28 22:00:00,75,20.0,20.0
2,2004-02-28 23:00:00,82,19.76,19.76
2,2004-02-29 00:00:00,69,19.43,19.43
2,2004-02-29 01:00:00,73,19.12,19.12
2,2004-02-29 02:00:00,72,18.79,18.79
2,2004-02-29 03:00:00,73,18.51,18.51
2,2004-02-29 04:00:00,86,18.3,18.3
2,2004-02-29 05:00:00,75,18.06,18.06
2,2004-02-29 06:00:00,66,17.88,17.88
2,2004-02-29 07:00:00,71,17.86,17.86
2,2004-02-29 08:00:00,74,18.65,18.65
2,2004-02-29 09:00:00,73,20.09,20.09
2,2004-02-29 10:00:00,61,20.4,20.4
2,2004-02-29 11:00:00,72,21.05,21.05
2,2004-02-29 12:00:00,84,21.11,21.11
2,2004-02-29 13:00:00,90,21.35,21.35
2,2004-02-29 14:00:00,87,21.28,21.28
2,2004-02-29 15:00:00,88,20.8,20.8
2,2004-02-29 16:00:00,79,20.36,20.36
2,2004-02-29 17:00:00,92,20.03,20.03
2,2004-02-29 18:00:00,88,19.75,19.75
2,2004-02-29 19:00:00,85,19.49,19.49
2,2004-02-29 20:00:00,86,19.32,19.32
2,2004-02-29 21:00:00,87,19.2,19.2
2,2004-02-29 22:00:00,93,19.09,19.09
2,2004-02-29 23:00:00,82,18.93,18.93
2,2004-03-01 00:00:00,89,18.78,18.78
2,2004-03-01 01:00:00,89,18.61,18.61
2,2004-03-01 02:00:00,76,18.42,18.42
2,2004-03-01 03:00:00,81,18.31,18.31
2,2004-03-01 04:00:00,83,18.14,18.14
2,2004-03-01 05:00:00,84,17.91,17.91
2,2004-03-01 06:00:00,82,17.74,17.74
2,2004-03-01 07:00:00,74,20.57,20.57
2,2004-03-01 08:00:00,65,21.49,21.49
2,2004-03-01 09:00:00,79,22.12,22.12
2,2004-03-01 10:00:00,73,22.71,22.71
2,2004-03-01 11:00:00,69,22.98,22.98
2,2004-03-01 12:00:00,74,23.59,23.59
2,2004-03-01 13:00:00,58,24.17,24.17
2,2004-03-01 14:00:00,77,24.33,24.33
2,2004-03-01 15:00:00,65,24.11,24.11
2,2004-03-01 16:00:00,71,24.1,24.1
2,2004-03-01 17:00:00,62,24.25,24.25
2,2004-03-01 18:00:00,47,22.26,22.26
2,2004-03-01 19:00:00,74,21.53,21.53
2,2004-03-01 20:00:00,59,21.11,21.11
2,2004-03-01 21:00:00,65,20.68,20.68
2,2004-03-01 22:00:00,63,20.26,20.26
2,2004-03-01 23:00:00,65,19.98,19.98
2,2004-03-02 00:00:00,79,19.56,19.56
2,2004-03-02 01:00:00,61,19.1,19.1
2,2004-03-02 02:00:00,65,18.79,18.79
2,2004-03-02 03:00:00,59,18.53,18.53
2,2004-03-02 04:00:00,56,18.27,18.27
2,2004-03-02 05:00:00,65,18.03,18.03
2,2004-03-02 06:00:00,53,17.9,17.9
2,2004-03-02 07:00:00,68,21.24,21.24
2,2004-03-02 08:00:00,61,23.52,23.52
2,2004-03-02 09:00:00,34,24.36,24.36
2,2004-03-02 10:00:00,52,23.99,23.99
2,2004-03-02 11:00:00,53,23.07,23.07
2,2004-03-02 12:00:00,66,23.43,23.43
2,2004-03-02 13:00:00,67,23.54,23.54
2,2004-03-02 14:00:00,32,23.57,23.57
2,2004-03-02 15:00:00,43,23.29,23.29
2,2004-03-02 16:00:00,28,22.76,22.76
2,2004-03-02 17:00:00,12,21.63,21.63
2,2004-03-02 18:00:00,58,21.55,21.55
2,2004-03-02 19:00:00,68,21.53,21.53
2,2004-03-02 20:00:00,52,21.29,21.29
2,2004-03-02 21:00:00,65,21.0,21.0
2,2004-03-02 22:00:00,64,20.7,20.7
2,2004-03-02 23:00:00,59,20.41,20.41
2,2004-03-03 00:00:00,68,20.23,20.23
2,2004-03-03 01:00:00,68,19.97,19.97
2,2004-03-03 02:00:00,65,19.52,19.52
2,2004-03-03 03:00:00,65,19.17,19.17
2,2004-03-03 04:00:00,46,18.87,18.87
2,2004-03-03 05:00:00,59,18.72,18.72
2,2004-03-03 06:00:00,44,18.73,18.73
2,2004-03-03 07:00:00,51,22.96,22.96
2,2004-03-03 08:00:00,35,24.73,24.73
2,2004-03-03 09:00:00,37,24.59,24.59
2,2004-03-03 10:00:00,67,23.94,23.94
2,2004-03-03 11:00:00,51,23.27,23.27
2,2004-03-03 12:00:00,34,22.3,22.3
2,2004-03-03 13:00:00,30,23.3,23.3
2,2004-03-03 14:00:00,43,23.07,23.07
2,2004-03-03 15:00:00,54,23.26,23.26
2,2004-03-03 16:00:00,49,22.82,22.82
2,2004-03-03 17:00:00,26,22.81,22.81
2,2004-03-03 18:00:00,18,22.64,22.64
2,2004-03-03 19:00:00,40,22.33,22.33
2,2004-03-03 20:00:00,61,22.0,22.0
2,2004-03-03 21:00:00,42,21.84,21.84
2,2004-03-03 22:00:00,58,21.52,21.52
2,2004-03-03 23:00:00,69,21.23,21.23
2,2004-03-04 00:00:00,67,20.8,20.8
2,2004-03-04 01:00:00,49,20.26,20.26
2,2004-03-04 02:00:00,35,19.74,19.74
2,2004-03-04 03:00:00,54,19.38,19.38
2,2004-03-04 04:00:00,61,19.06,19.06
2,2004-03-04 05:00:00,54,18.82,18.82
2,2004-03-04 06:00:00,44,18.64,18.64
2,2004-03-04 07:00:00,40,22.15,22.15
2,2004-03-04 08:00:00,42,23.59,23.59
2,2004-03-04 09:00:00,41,24.46,24.46
2,2004-03-04 10:00:00,54,24.12,24.12
2,2004-03-04 11:00:00,64,23.97,23.97
2,2004-03-04 12:00:00,60,24.45,24.45
2,2004-03-04 13:00:00,80,24.41,24.41
2,2004-03-04 14:00:00,75,23.48,23.48
2,2004-03-04 15:00:00,73,22.68,22.68
2,2004-03-04 16:00:00,58,22.1,22.1
2,2004-03-04 17:00:00,65,21.61,21.61
2,2004-03-04 18:00:00,65,21.85,21.85
2,2004-03-04 19:00:00,66,21.82,21.82
2,2004-03-04 20:00:00,54,21.51,21.51
2,2004-03-04 21:00:00,65,21.23,21.23
2,2004-03-04 22:00:00,60,21.0,21.0
2,2004-03-04 23:00:00,50,20.8,20.8
2,2004-03-05 00:00:00,54,20.64,20.64
2,2004-03-05 01:00:00,57,20.39,20.39
2,2004-03-05 02:00:00,45,20.19,20.19
2,2004-03-05 03:00:00,64,19.9,19.9
2,2004-03-05 04:00:00,68,19.64,19.64
2,2004-03-05 05:00:00,50,19.51,19.51
2,2004-03-05 06:00:00,49,19.46,19.46
2,2004-03-05 07:00:00,57,23.21,23.21
2,2004-03-05 08:00:00,68,24.37,24.37
2,2004-03-05 09:00:00,67,23.17,23.17
2,2004-03-05 10:00:00,71,23.04,23.04
2,2004-03-05 11:00:00,69,22.54,22.54
2,2004-03-05 12:00:00,60,22.35,22.35
2,2004-03-05 13:00:00,68,22.92,22.92
2,2004-03-05 14:00:00,71,22.85,22.85
2,2004-03-05 15:00:00,65,22.6,22.6
2,2004-03-05 16:00:00,51,22.29,22.29
2,2004-03-05 17:00:00,55,21.92,21.92
2,2004-03-05 18:00:00,48,22.0,22.0
2,2004-03-05 19:00:00,69,21.86,21.86
2,2004-03-05 20:00:00,68,21.56,21.56
2,2004-03-05 21:00:00,51,21.2,21.2
2,2004-03-05 22:00:00,67,21.09,21.09
2,2004-03-05 23:00:00,49,20.91,20.91
2,2004-03-06 00:00:00,43,20.65,20.65
2,2004-03-06 01:00:00,43,20.33,20.33
2,2004-03-06 02:00:00,53,20.11,20.11
2,2004-03-06 03:00:00,36,19.99,19.99
2,2004-03-06 04:00:00,52,19.86,19.86
2,2004-03-06 05:00:00,43,19.71,19.71
2,2004-03-06 06:00:00,51,19.48,19.48
2,2004-03-06 07:00:00,51,19.6,19.6
2,2004-03-06 08:00:00,48,20.91,20.91
2,2004-03-06 09:00:00,54,22.45,22.45
2,2004-03-06 10:00:00,67,24.21,24.21
2,2004-03-06 11:00:00,52,25.17,25.17
2,2004-03-06 12:00:00,48,25.87,25.87
2,2004-03-06 13:00:00,53,26.11,26.11
2,2004-03-06 14:00:00,54,25.6,25.6
2,2004-03-06 15:00:00,53,25.51,25.51
2,2004-03-06 16:00:00,51,25.08,25.08
2,2004-03-06 17:00:00,39,24.43,24.43
2,2004-03-06 18:00:00,51,23.66,23.66
2,2004-03-06 19:00:00,47,23.1,23.1
2,2004-03-06 20:00:00,38,22.65,22.65
2,2004-03-06 21:00:00,50,22.37,22.37
2,2004-03-06 22:00:00,51,22.05,22.05
2,2004-03-06 23:00:00,38,21.67,21.67
2,2004-03-07 00:00:00,47,21.43,21.43
2,2004-03-07 01:00:00,49,21.16,21.16
2,2004-03-07 02:00:00,49,20.86,20.86
2,2004-03-07 03:00:00,50,20.71,20.71
2,2004-03-07 04:00:00,59,20.49,20.49
2,2004-03-07 05:00:00,56,20.31,20.31
2,2004-03-07 06:00:00,57,20.15,20.15
2,2004-03-07 07:00:00,44,20.38,20.38
2,2004-03-07 08:00:00,56,21.83,21.83
2,2004-03-07 09:00:00,49,23.59,23.59
2,2004-03-07 10:00:00,54,24.94,24.94
2,2004-03-07 11:00:00,32,26.03,26.03
2,2004-03-07 12:00:00,38,26.83,26.83
2,2004-03-07 13:00:00,46,27.26,27.26
2,2004-03-07 14:00:00,42,26.88,26.88
2,2004-03-07 15:00:00,54,26.99,26.99
2,2004-03-07 16:00:00,69,26.86,26.86
2,2004-03-07 17:00:00,64,26.14,26.14
2,2004-03-07 18:00:00,68,25.13,25.13
2,2004-03-07 19:00:00,88,24.39,24.39
2,2004-03-07 20:00:00,74,23.9,23.9
2,2004-03-07 21:00:00,84,23.52,23.52
2,2004-03-07 22:00:00,78,23.27,23.27
2,2004-03-07 23:00:00,88,23.04,23.04
2,2004-03-08 00:00:00,86,22.8,22.8
2,2004-03-08 01:00:00,77,22.53,22.53
2,2004-03-08 02:00:00,86,22.3,22.3
2,2004-03-08 03:00:00,88,22.06,22.06
2,2004-03-08 04:00:00,89,21.85,21.85
2,2004-03-08 05:00:00,85,21.65,21.65
2,2004-03-08 06:00:00,80,21.56,21.56
2,2004-03-08 07:00:00,86,23.74,23.74
2,2004-03-08 08:00:00,85,23.54,23.54
2,2004-03-08 09:00:00,82,24.27,24.27
2,2004-03-08 10:00:00,55,23.02,23.02
2,2004-03-08 11:00:00,69,22.54,22.54
2,2004-03-08 12:00:00,52,22.65,22.65
2,2004-03-08 13:00:00,60,22.7,22.7
2,2004-03-08 14:00:00,54,22.67,22.67
2,2004-03-08 15:00:00,75,22.38,22.38
2,2004-03-08 16:00:00,76,22.17,22.17
2,2004-03-08 17:00:00,75,22.08,22.08
2,2004-03-08 18:00:00,76,23.32,23.32
2,2004-03-08 19:00:00,77,23.99,23.99
2,2004-03-08 20:00:00,58,23.9,23.9
2,2004-03-08 21:00:00,65,23.61,23.61
2,2004-03-08 22:00:00,67,23.34,23.34
2,2004-03-08 23:00:00,46,23.07,23.07
2,2004-03-09 00:00:00,59,22.85,22.85
2,2004-03-09 01:00:00,51,22.63,22.63
2,2004-03-09 02:00:00,70,22.34,22.34
2,2004-03-09 03:00:00,61,22.07,22.07
2,2004-03-09 04:00:00,67,21.79,21.79
2,2004-03-09 05:00:00,51,21.6,21.6
2,2004-03-09 06:00:00,58,21.54,21.54
2,2004-03-09 07:00:00,65,23.52,23.52
2,2004-03-09 08:00:00,59,23.33,23.33
2,2004-03-09 09:00:00,59,22.25,22.25
2,2004-03-09 10:00:00,60,22.31,22.31
2,2004-03-09 11:00:00,75,22.43,22.43
2,2004-03-09 12:00:00,71,22.41,22.41
2,2004-03-09 13:00:00,57,23.07,23.07
2,2004-03-09 14:00:00,58,22.49,22.49
2,2004-03-09 15:00:00,61,22.38,22.38
2,2004-03-09 16:00:00,59,22.08,22.08
2,2004-03-09 17:00:00,68,21.8,21.8
2,2004-03-09 18:00:00,80,22.65,22.65
2,2004-03-09 19:00:00,77,22.93,22.93
2,2004-03-09 20:00:00,81,22.91,22.91
2,2004-03-09 21:00:00,83,22.74,22.74
2,2004-03-09 22:00:00,78,22.69,22.69
2,2004-03-09 23:00:00,79,22.6,22.6
2,2004-03-10 00:00:00,86,22.49,22.49
2,2004-03-10 01:00:00,93,22.17,22.17
2,2004-03-10 02:00:00,86,21.85,21.85
2,2004-03-10 03:00:00,102,21.71,21.71
2,2004-03-10 04:00:00,83,21.59,21.59
2,2004-03-10 05:00:00,86,21.48,21.48
2,2004-03-10 06:00:00,87,21.48,21.48
2,2004-03-10 07:00:00,88,23.38,23.38
2,2004-03-10 08:00:00,89,23.48,23.48
2,2004-03-10 09:00:00,11,23.14,23.14
2,2004-03-11 09:00:00,31,22.8,22.8
2,2004-03-11 10:00:00,44,22.55,22.55
2,2004-03-11 11:00:00,24,22.78,22.78
2,2004-03-11 12:00:00,51,22.84,22.84
2,2004-03-11 13:00:00,36,23.08,23.08
2,2004-03-11 14:00:00,52,22.94,22.94
2,2004-03-11 15:00:00,49,22.69,22.69
2,2004-03-11 16:00:00,27,22.14,22.14
2,2004-03-11 17:00:00,57,21.79,21.79
2,2004-03-11 18:00:00,59,22.6,22.6
2,2004-03-11 19:00:00,75,22.96,22.96
2,2004-03-11 20:00:00,77,22.85,22.85
2,2004-03-11 21:00:00,73,22.67,22.67
2,2004-03-11 22:00:00,67,22.43,22.43
2,2004-03-11 23:00:00,72,22.15,22.15
2,2004-03-12 00:00:00,60,21.63,21.63
2,2004-03-12 01:00:00,64,21.23,21.23
2,2004-03-12 02:00:00,60,20.91,20.91
2,2004-03-12 03:00:00,74,20.66,20.66
2,2004-03-12 04:00:00,64,20.4,20.4
2,2004-03-12 05:00:00,69,20.17,20.17
2,2004-03-12 06:00:00,54,20.08,20.08
2,2004-03-12 07:00:00,63,21.11,21.11
2,2004-03-12 08:00:00,57,21.21,21.21
2,2004-03-12 09:00:00,66,22.0,22.0
2,2004-03-12 10:00:00,68,22.61,22.61
2,2004-03-12 11:00:00,77,22.87,22.87
2,2004-03-12 12:00:00,79,22.49,22.49
2,2004-03-12 13:00:00,83,22.28,22.28
2,2004-03-12 14:00:00,87,22.2,22.2
2,2004-03-12 15:00:00,85,22.3,22.3
2,2004-03-12 16:00:00,94,22.18,22.18
2,2004-03-12 17:00:00,85,21.92,21.92
2,2004-03-12 18:00:00,76,22.31,22.31
2,2004-03-12 19:00:00,68,22.31,22.31
2,2004-03-12 20:00:00,79,22.07,22.07
2,2004-03-12 21:00:00,84,21.84,21.84
2,2004-03-12 22:00:00,97,21.6,21.6
2,2004-03-12 23:00:00,92,21.33,21.33
2,2004-03-13 00:00:00,89,21.09,21.09
2,2004-03-13 01:00:00,93,20.9,20.9
2,2004-03-13 02:00:00,96,20.77,20.77
2,2004-03-13 03:00:00,86,20.61,20.61
2,2004-03-13 04:00:00,90,20.46,20.46
2,2004-03-13 05:00:00,87,20.33,20.33
2,2004-03-13 06:00:00,92,20.25,20.25
2,2004-03-13 07:00:00,94,20.74,20.74
2,2004-03-13 08:00:00,90,22.75,22.75
2,2004-03-13 09:00:00,95,24.59,24.59
2,2004-03-13 10:00:00,87,26.09,26.09
2,2004-03-13 11:00:00,80,26.95,26.95
2,2004-03-13 12:00:00,90,27.46,27.46
2,2004-03-13 13:00:00,89,27.36,27.36
2,2004-03-13 14:00:00,89,26.93,26.93
2,2004-03-13 15:00:00,91,26.91,26.91
2,2004-03-13 16:00:00,93,26.53,26.53
2,2004-03-13 17:00:00,101,25.55,25.55
2,2004-03-13 18:00:00,92,24.43,24.43
2,2004-03-13 19:00:00,101,23.59,23.59
2,2004-03-13 20:00:00,97,23.04,23.04
2,2004-03-13 21:00:00,92,22.57,22.57
2,2004-03-13 22:00:00,84,22.17,22.17
2,2004-03-13 23:00:00,90,21.86,21.86
2,2004-03-14 00:00:00,85,21.58,21.58
2,2004-03-14 01:00:00,85,21.32,21.32
2,2004-03-14 02:00:00,93,21.06,21.06
2,2004-03-14 03:00:00,104,20.81,20.81
2,2004-03-14 04:00:00,92,20.59,20.59
2,2004-03-14 05:00:00,94,20.35,20.35
2,2004-03-14 06:00:00,92,20.16,20.16
2,2004-03-14 07:00:00,96,20.39,20.39
2,2004-03-14 08:00:00,87,22.04,22.04
2,2004-03-14 09:00:00,90,23.8,23.8
2,2004-03-14 10:00:00,94,25.27,25.27
2,2004-03-14 11:00:00,100,26.23,26.23
2,2004-03-14 12:00:00,87,27.04,27.04
2,2004-03-14 13:00:00,93,27.31,27.31
2,2004-03-14 14:00:00,83,27.08,27.08
2,2004-03-14 15:00:00,89,27.08,27.08
2,2004-03-14 16:00:00,90,26.59,26.59
2,2004-03-14 17:00:00,104,22.43,22.43
2,2004-03-14 18:00:00,88,22.06,22.06
2,2004-03-14 19:00:00,78,22.32,22.32
2,2004-03-14 20:00:00,99,22.61,22.61
2,2004-03-14 21:00:00,97,22.42,22.42
2,2004-03-14 22:00:00,96,22.07,22.07
2,2004-03-14 23:00:00,85,21.53,21.53
2,2004-03-15 00:00:00,98,21.54,21.54
2,2004-03-15 01:00:00,90,21.46,21.46
2,2004-03-15 02:00:00,94,21.42,21.42
2,2004-03-15 03:00:00,95,21.33,21.33
2,2004-03-15 04:00:00,102,21.21,21.21
2,2004-03-15 05:00:00,91,21.1,21.1
2,2004-03-15 06:00:00,96,21.07,21.07
2,2004-03-15 07:00:00,92,23.15,23.15
2,2004-03-15 08:00:00,93,23.6,23.6
2,2004-03-15 09:00:00,87,22.75,22.75
2,2004-03-15 10:00:00,92,22.01,22.01
2,2004-03-15 11:00:00,92,22.36,22.36
2,2004-03-15 12:00:00,93,22.49,22.49
2,2004-03-15 13:00:00,95,22.49,22.49
2,2004-03-15 14:00:00,93,22.18,22.18
2,2004-03-15 15:00:00,71,22.09,22.09
2,2004-03-15 16:00:00,3,24.63,24.63
2,2004-03-16 11:00:00,91,22.41,22.41
2,2004-03-16 12:00:00,82,22.61,22.61
2,2004-03-16 13:00:00,100,22.57,22.57
2,2004-03-16 14:00:00,99,22.36,22.36
2,2004-03-16 15:00:00,98,22.09,22.09
2,2004-03-16 16:00:00,90,22.07,22.07
2,2004-03-16 17:00:00,88,22.16,22.16
2,2004-03-16 18:00:00,95,23.05,23.05
2,2004-03-16 19:00:00,102,23.64,23.64
2,2004-03-16 20:00:00,94,23.68,23.68
2,2004-03-16 21:00:00,98,23.66,23.66
2,2004-03-16 22:00:00,85,23.57,23.57
2,2004-03-16 23:00:00,87,23.49,23.49
2,2004-03-17 00:00:00,85,23.38,23.38
2,2004-03-17 01:00:00,92,23.26,23.26
2,2004-03-17 02:00:00,96,22.91,22.91
2,2004-03-17 03:00:00,90,22.53,22.53
2,2004-03-17 04:00:00,98,22.17,22.17
2,2004-03-17 05:00:00,95,21.97,21.97
2,2004-03-17 06:00:00,98,21.84,21.84
2,2004-03-17 07:00:00,94,21.37,21.37
2,2004-03-17 08:00:00,88,21.13,21.13
2,2004-03-17 09:00:00,94,21.71,21.71
2,2004-03-17 10:00:00,95,22.31,22.31
2,2004-03-17 11:00:00,94,22.42,22.42
2,2004-03-17 12:00:00,81,22.29,22.29
2,2004-03-17 13:00:00,87,22.4,22.4
2,2004-03-17 14:00:00,97,22.31,22.31
2,2004-03-17 15:00:00,74,22.22,22.22
2,2004-03-17 16:00:00,83,22.09,22.09
2,2004-03-17 17:00:00,90,22.0,22.0
2,2004-03-17 18:00:00,95,22.78,22.78
2,2004-03-17 19:00:00,101,23.2,23.2
2,2004-03-17 20:00:00,94,23.13,23.13
2,2004-03-17 21:00:00,94,22.91,22.91
2,2004-03-17 22:00:00,90,22.64,22.64
2,2004-03-17 23:00:00,98,22.36,22.36
2,2004-03-18 00:00:00,92,22.11,22.11
2,2004-03-18 01:00:00,100,21.76,21.76
2,2004-03-18 02:00:00,94,21.37,21.37
2,2004-03-18 03:00:00,99,21.11,21.11
2,2004-03-18 04:00:00,94,20.93,20.93
2,2004-03-18 05:00:00,85,20.76,20.76
2,2004-03-18 06:00:00,78,20.66,20.66
2,2004-03-18 07:00:00,42,20.36,20.36
2,2004-03-18 08:00:00,33,20.11,20.11
2,2004-03-18 09:00:00,27,20.69,20.69
2,2004-03-18 10:00:00,40,21.55,21.55
2,2004-03-18 11:00:00,28,21.86,21.86
2,2004-03-18 12:00:00,38,22.3,22.3
2,2004-03-18 13:00:00,29,22.31,22.31
2,2004-03-18 14:00:00,32,22.08,22.08
2,2004-03-18 15:00:00,35,21.85,21.85
2,2004-03-18 16:00:00,33,21.85,21.85
2,2004-03-18 17:00:00,96,21.33,21.33
2,2004-03-18 18:00:00,93,21.9,21.9
2,2004-03-18 19:00:00,90,22.1,22.1
2,2004-03-18 20:00:00,102,21.87,21.87
2,2004-03-18 21:00:00,83,21.61,21.61
2,2004-03-18 22:00:00,97,21.33,21.33
2,2004-03-18 23:00:00,88,21.09,21.09
2,2004-03-19 00:00:00,91,20.84,20.84
2,2004-03-19 01:00:00,93,20.57,20.57
2,2004-03-19 02:00:00,88,20.15,20.15
2,2004-03-19 03:00:00,91,19.78,19.78
2,2004-03-19 04:00:00,89,19.47,19.47
2,2004-03-19 05:00:00,92,19.3,19.3
2,2004-03-19 06:00:00,95,19.2,19.2
2,2004-03-19 07:00:00,91,19.3,19.3
2,2004-03-19 08:00:00,87,19.8,19.8
2,2004-03-19 09:00:00,95,20.1,20.1
2,2004-03-19 10:00:00,85,21.86,21.86
2,2004-03-19 11:00:00,91,22.95,22.95
2,2004-03-19 12:00:00,86,22.99,22.99
2,2004-03-19 13:00:00,85,22.98,22.98
2,2004-03-19 14:00:00,91,22.92,22.92
2,2004-03-19 15:00:00,92,22.38,22.38
2,2004-03-19 16:00:00,93,22.32,22.32
2,2004-03-19 17:00:00,85,21.98,21.98
2,2004-03-19 18:00:00,103,22.27,22.27
2,2004-03-19 19:00:00,87,22.13,22.13
2,2004-03-19 20:00:00,99,21.83,21.83
2,2004-03-19 21:00:00,94,21.53,21.53
2,2004-03-19 22:00:00,78,21.26,21.26
2,2004-03-19 23:00:00,77,21.02,21.02
2,2004-03-20 00:00:00,93,20.81,20.81
2,2004-03-20 01:00:00,83,20.61,20.61
2,2004-03-20 02:00:00,85,20.4,20.4
2,2004-03-20 03:00:00,92,20.19,20.19
2,2004-03-20 04:00:00,92,20.03,20.03
2,2004-03-20 05:00:00,86,19.86,19.86
2,2004-03-20 06:00:00,98,19.7,19.7
2,2004-03-20 07:00:00,88,20.11,20.11
2,2004-03-20 08:00:00,96,21.88,21.88
2,2004-03-20 09:00:00,94,23.73,23.73
2,2004-03-20 10:00:00,91,25.08,25.08
2,2004-03-20 11:00:00,96,26.18,26.18
2,2004-03-20 12:00:00,102,26.84,26.84
2,2004-03-20 13:00:00,84,27.03,27.03
2,2004-03-20 14:00:00,97,26.77,26.77
2,2004-03-20 15:00:00,87,26.71,26.71
2,2004-03-20 16:00:00,87,25.88,25.88
2,2004-03-20 17:00:00,85,24.92,24.92
2,2004-03-20 18:00:00,94,23.92,23.92
2,2004-03-20 19:00:00,92,23.21,23.21
2,2004-03-20 20:00:00,82,22.63,22.63
2,2004-03-20 21:00:00,86,22.23,22.23
2,2004-03-20 22:00:00,97,21.83,21.83
2,2004-03-20 23:00:00,85,21.53,21.53
2,2004-03-21 00:00:00,92,21.25,21.25
2,2004-03-21 01:00:00,80,21.01,21.01
2,2004-03-21 02:00:00,76,20.82,20.82
2,2004-03-21 03:00:00,79,20.69,20.69
2,2004-03-21 04:00:00,93,20.54,20.54
2,2004-03-21 05:00:00,80,20.36,20.36
2,2004-03-21 06:00:00,81,20.2,20.2
2,2004-03-21 07:00:00,92,20.09,20.09
2,2004-03-21 08:00:00,84,19.95,19.95
2,2004-03-21 09:00:00,88,19.95,19.95
2,2004-03-21 10:00:00,76,20.05,20.05
2,2004-03-21 11:00:00,91,22.07,22.07
2,2004-03-21 12:00:00,69,23.63,23.63
2,2004-03-21 13:00:00,89,23.67,23.67
2,2004-03-21 14:00:00,89,23.85,23.85
2,2004-03-21 15:00:00,78,23.41,23.41
2,2004-03-21 16:00:00,85,22.9,22.9
2,2004-03-21 17:00:00,90,22.25,22.25
2,2004-03-21 18:00:00,83,21.69,21.69
2,2004-03-21 19:00:00,66,21.31,21.31
2,2004-03-21 20:00:00,56,21.04,21.04
2,2004-03-21 21:00:00,66,20.79,20.79
2,2004-03-21 22:00:00,69,20.57,20.57
2,2004-03-21 23:00:00,53,20.27,20.27
2,2004-03-22 00:00:00,47,20.08,20.08
2,2004-03-22 01:00:00,50,19.98,19.98
2,2004-03-22 02:00:00,49,19.88,19.88
2,2004-03-22 03:00:00,62,19.81,19.81
2,2004-03-22 04:00:00,50,19.7,19.7
2,2004-03-22 05:00:00,63,19.63,19.63
2,2004-03-22 06:00:00,66,19.59,19.59
2,2004-03-22 07:00:00,59,19.66,19.66
2,2004-03-22 08:00:00,59,19.97,19.97
2,2004-03-22 09:00:00,49,20.35,20.35
2,2004-03-22 10:00:00,41,21.48,21.48
2,2004-03-22 11:00:00,41,22.93,22.93
2,2004-03-22 12:00:00,52,23.31,23.31
2,2004-03-22 13:00:00,40,23.4,23.4
2,2004-03-22 14:00:00,48,23.3,23.3
2,2004-03-22 15:00:00,59,23.39,23.39
2,2004-03-22 16:00:00,35,23.49,23.49
2,2004-03-22 17:00:00,22,23.8,23.8
2,2004-03-22 18:00:00,32,24.33,24.33
2,2004-03-22 19:00:00,15,24.6,24.6
2,2004-03-22 20:00:00,20,24.85,24.85
2,2004-03-22 21:00:00,25,25.27,25.27
2,2004-03-22 22:00:00,27,25.76,25.76
2,2004-03-22 23:00:00,27,26.64,26.64
2,2004-03-23 00:00:00,19,27.82,27.82
2,2004-03-23 01:00:00,57,29.45,29.45
2,2004-03-23 02:00:00,68,31.45,31.45
2,2004-03-23 03:00:00,57,33.97,33.97
2,2004-03-23 04:00:00,58,37.21,37.21
2,2004-03-23 05:00:00,53,40.62,40.62
2,2004-03-23 06:00:00,62,45.08,45.08
2,2004-03-23 07:00:00,62,50.09,48.39
2,2004-03-23 08:00:00,54,55.47,
2,2004-03-23 09:00:00,56,57.17,
2,2004-03-23 10:00:00,66,58.43,
2,2004-03-23 11:00:00,56,59.38,
2,2004-03-23 12:00:00,43,59.92,
2,2004-03-23 13:00:00,29,60.61,
2,2004-03-23 14:00:00,62,63.04,
2,2004-03-23 15:00:00,66,66.03,
2,2004-03-23 16:00:00,69,70.72,
2,2004-03-23 17:00:00,69,76.38,
2,2004-03-23 18:00:00,91,78.72,
2,2004-03-23 19:00:00,83,82.11,
2,2004-03-23 20:00:00,78,90.28,
2,2004-03-23 21:00:00,77,98.79,
2,2004-03-23 22:00:00,85,107.81,
2,2004-03-23 23:00:00,80,117.89,
2,2004-03-24 00:00:00,83,122.14,
2,2004-03-24 01:00:00,91,122.15,
2,2004-03-24 02:00:00,94,122.15,
2,2004-03-24 03:00:00,87,122.15,
2,2004-03-24 04:00:00,72,122.15,
2,2004-03-24 05:00:00,88,122.15,
2,2004-03-24 06:00:00,84,122.15,
2,2004-03-24 07:00:00,73,122.15,
2,2004-03-24 08:00:00,86,122.15,
2,2004-03-24 09:00:00,51,122.15,
2,2004-03-24 10:00:00,57,122.15,
2,2004-03-24 11:00:00,38,122.15,
2,2004-03-24 12:00:00,47,122.15,
2,2004-03-24 13:00:00,47,122.15,
2,2004-03-24 14:00:00,55,122.15,
2,2004-03-24 15:00:00,57,122.15,
2,2004-03-24 16:00:00,54,122.15,
2,2004-03-24 17:00:00,47,122.15,
2,2004-03-24 18:00:00,58,122.15,
2,2004-03-24 19:00:00,57,122.15,
2,2004-03-24 20:00:00,49,122.15,
2,2004-03-24 21:00:00,51,122.15,
2,2004-03-24 22:00:00,52,122.15,
2,2004-03-24 23:00:00,47,122.15,
2,2004-03-25 00:00:00,49,122.15,
2,2004-03-25 01:00:00,45,122.15,
2,2004-03-25 02:00:00,44,122.15,
2,2004-03-25 03:00:00,40,122.15,
2,2004-03-25 04:00:00,35,122.15,
2,2004-03-25 05:00:00,29,122.15,
2,2004-03-25 06:00:00,37,122.15,
2,2004-03-25 07:00:00,41,122.15,
2,2004-03-25 08:00:00,38,122.15,
2,2004-03-25 09:00:00,41,122.15,
2,2004-03-25 10:00:00,46,122.15,
2,2004-03-25 11:00:00,63,122.15,
2,2004-03-25 12:00:00,54,122.15,
2,2004-03-25 13:00:00,62,122.15,
2,2004-03-25 14:00:00,43,122.15,
2,2004-03-25 15:00:00,46,122.15,
2,2004-03-25 16:00:00,45,122.15,
2,2004-03-25 17:00:00,46,122.15,
2,2004-03-25 18:00:00,42,122.15,
2,2004-03-25 19:00:00,52,122.15,
2,2004-03-25 20:00:00,45,122.15,
2,2004-03-25 21:00:00,42,122.15,
2,2004-03-25 22:00:00,42,122.15,
2,2004-03-25 23:00:00,39,122.15,
2,2004-03-26 00:00:00,36,122.15,
2,2004-03-26 01:00:00,51,122.15,
2,2004-03-26 02:00:00,34,122.15,
2,2004-03-26 03:00:00,48,122.15,
2,2004-03-26 04:00:00,33,122.15,
2,2004-03-26 05:00:00,24,122.15,
2,2004-03-26 06:00:00,33,122.15,
2,2004-03-26 07:00:00,31,122.15,
2,2004-03-26 08:00:00,34,122.15,
2,2004-03-26 09:00:00,29,122.15,
2,2004-03-26 10:00:00,40,122.15,
2,2004-03-26 11:00:00,22,122.15,
2,2004-03-26 12:00:00,21,122.15,
2,2004-03-26 13:00:00,31,122.15,
2,2004-03-26 14:00:00,38,122.15,
2,2004-03-26 15:00:00,29,122.15,
2,2004-03-26 16:00:00,31,122.15,
2,2004-03-26 17:00:00,23,122.15,
2,2004-03-26 18:00:00,27,122.15,
2,2004-03-26 19:00:00,23,122.15,
2,2004-03-26 20:00:00,30,122.15,
2,2004-03-26 21:00:00,23,122.15,
2,2004-03-26 22:00:00,32,122.15,
2,2004-03-26 23:00:00,21,122.15,
2,2004-03-27 00:00:00,45,122.15,
2,2004-03-27 01:00:00,26,122.15,
2,2004-03-27 02:00:00,21,122.15,
2,2004-03-27 03:00:00,13,122.15,
2,2004-03-27 04:00:00,25,122.15,
2,2004-03-27 05:00:00,19,122.15,
2,2004-03-27 06:00:00,39,122.15,
2,2004-03-27 07:00:00,37,122.15,
2,2004-03-27 08:00:00,28,122.15,
2,2004-03-27 09:00:00,13,122.15,
2,2004-03-27 10:00:00,29,122.15,
2,2004-03-27 11:00:00,43,122.15,
2,2004-03-27 12:00:00,22,122.15,
2,2004-03-27 13:00:00,23,122.15,
2,2004-03-27 14:00:00,29,122.15,
2,2004-03-27 15:00:00,35,122.15,
2,2004-03-27 16:00:00,25,122.15,
2,2004-03-27 17:00:00,30,122.15,
2,2004-03-27 18:00:00,33,122.15,
2,2004-03-27 19:00:00,34,122.15,
2,2004-03-27 20:00:00,26,122.15,
2,2004-03-27 21:00:00,41,122.15,
2,2004-03-27 22:00:00,36,122.15,
2,2004-03-27 23:00:00,39,122.15,
2,2004-03-28 00:00:00,35,122.15,
2,2004-03-28 01:00:00,42,122.15,
2,2004-03-28 02:00:00,35,122.15,
2,2004-03-28 03:00:00,25,122.15,
2,2004-03-28 04:00:00,24,122.15,
2,2004-03-28 05:00:00,33,122.15,
2,2004-03-28 06:00:00,31,122.15,
2,2004-03-28 07:00:00,51,122.15,
2,2004-03-28 08:00:00,86,122.15,
2,2004-03-28 09:00:00,85,122.15,
2,2004-03-28 10:00:00,83,122.15,
2,2004-03-28 11:00:00,88,122.15,
2,2004-03-28 12:00:00,97,122.15,
2,2004-03-28 13:00:00,99,122.15,
2,2004-03-28 14:00:00,101,122.15,
2,2004-03-28 15:00:00,76,122.15,
2,2004-03-28 16:00:00,76,122.15,
2,2004-03-28 17:00:00,85,122.15,
2,2004-03-28 18:00:00,88,122.15,
2,2004-03-28 19:00:00,82,122.15,
2,2004-03-28 20:00:00,71,122.15,
2,2004-03-28 21:00:00,89,122.15,
2,2004-03-28 22:00:00,80,122.15,
2,2004-03-28 23:00:00,85,122.15,
2,2004-03-29 00:00:00,84,122.15,
2,2004-03-29 01:00:00,83,122.15,
2,2004-03-29 02:00:00,92,122.15,
2,2004-03-29 03:00:00,30,122.15,
2,2004-03-29 04:00:00,49,122.15,
2,2004-03-29 05:00:00,30,122.15,
2,2004-03-29 06:00:00,21,122.15,
2,2004-03-29 07:00:00,19,122.15,
2,2004-03-29 08:00:00,24,122.15,
2,2004-03-29 09:00:00,30,122.15,
2,2004-03-29 10:00:00,22,122.15,
2,2004-03-29 11:00:00,19,122.15,
2,2004-03-29 12:00:00,22,122.15,
2,2004-03-29 13:00:00,14,122.15,
2,2004-03-29 14:00:00,23,122.15,
2,2004-03-29 15:00:00,29,122.15,
2,2004-03-29 16:00:00,22,122.15,
2,2004-03-29 17:00:00,14,122.15,
2,2004-03-29 18:00:00,13,122.15,
2,2004-03-29 19:00:00,21,122.15,
2,2004-03-29 20:00:00,17,122.15,
2,2004-03-29 21:00:00,21,122.15,
2,2004-03-29 22:00:00,15,122.15,
2,2004-03-29 23:00:00,12,122.15,
2,2004-03-30 00:00:00,21,122.15,
2,2004-03-30 01:00:00,19,122.15,
2,2004-03-30 02:00:00,19,122.15,
2,2004-03-30 03:00:00,21,122.15,
2,2004-03-30 04:00:00,33,122.15,
2,2004-03-30 05:00:00,20,122.15,
2,2004-03-30 06:00:00,19,122.15,
2,2004-03-30 07:00:00,30,122.15,
2,2004-03-30 08:00:00,23,122.15,
2,2004-03-30 09:00:00,3,122.15,
2,2004-03-30 10:00:00,4,122.15,
2,2004-03-30 11:00:00,5,122.15,
2,2004-03-30 12:00:00,5,122.15,
2,2004-03-30 13:00:00,14,122.15,
2,2004-03-30 14:00:00,24,122.15,
2,2004-03-30 15:00:00,13,122.15,
2,2004-03-30 16:00:00,22,122.15,
2,2004-03-30 17:00:00,16,122.15,
2,2004-03-30 18:00:00,12,122.15,
2,2004-03-30 19:00:00,23,122.15,
2,2004-03-30 20:00:00,19,122.15,
2,2004-03-30 21:00:00,17,122.15,
2,2004-03-30 22:00:00,25,122.15,
2,2004-03-30 23:00:00,59,122.15,
2,2004-03-31 00:00:00,32,122.15,
2,2004-03-31 01:00:00,34,122.15,
2,2004-03-31 02:00:00,41,122.15,
2,2004-03-31 03:00:00,29,122.15,
2,2004-03-31 04:00:00,41,122.15,
2,2004-03-31 05:00:00,35,122.15,
2,2004-03-31 06:00:00,38,122.15,
2,2004-03-31 07:00:00,46,122.15,
2,2004-03-31 08:00:00,49,122.15,
2,2004-03-31 09:00:00,32,122.15,
2,2004-03-31 10:00:00,19,122.15,
2,2004-03-31 11:00:00,23,122.15,
2,2004-03-31 12:00:00,22,122.15,
2,2004-03-31 13:00:00,27,122.15,
2,2004-03-31 14:00:00,19,122.15,
2,2004-03-31 15:00:00,23,122.15,
2,2004-03-31 16:00:00,28,122.15,
2,2004-03-31 17:00:00,23,122.15,
2,2004-03-31 18:00:00,37,122.15,
2,2004-03-31 19:00:00,28,122.15,
2,2004-03-31 20:00:00,35,122.15,
2,2004-03-31 21:00:00,30,122.15,
2,2004-03-31 22:00:00,50,122.15,
2,2004-03-31 23:00:00,48,122.15,
2,2004-04-01 00:00:00,46,122.15,
2,2004-04-01 01:00:00,42,122.15,
2,2004-04-01 02:00:00,52,122.15,
2,2004-04-01 03:00:00,33,122.13,
2,2004-04-01 04:00:00,6,112.24,
3,2004-02-28 00:00:00,1,20.2,20.2
3,2004-02-28 01:00:00,75,19.26,19.26
3,2004-02-28 02:00:00,50,18.99,18.99
3,2004-02-28 03:00:00,72,18.62,18.62
3,2004-02-28 04:00:00,63,18.28,18.28
3,2004-02-28 05:00:00,68,17.95,17.95
3,2004-02-28 06:00:00,55,17.7,17.7
3,2004-02-28 07:00:00,52,17.96,17.96
3,2004-02-28 08:00:00,72,19.2,19.2
3,2004-02-28 09:00:00,69,20.91,20.91
3,2004-02-28 10:00:00,55,22.5,22.5
3,2004-02-28 11:00:00,67,23.48,23.48
3,2004-02-28 12:00:00,55,23.88,23.88
3,2004-02-28 13:00:00,49,24.33,24.33
3,2004-02-28 14:00:00,58,23.85,23.85
3,2004-02-28 15:00:00,83,23.18,23.18
3,2004-02-28 16:00:00,89,22.36,22.36
3,2004-02-28 17:00:00,73,21.67,21.67
3,2004-02-28 18:00:00,80,21.11,21.11
3,2004-02-28 19:00:00,77,20.78,20.78
3,2004-02-28 20:00:00,84,20.57,20.57
3,2004-02-28 21:00:00,92,20.29,20.29
3,2004-02-28 22:00:00,80,19.95,19.95
3,2004-02-28 23:00:00,83,19.67,19.67
3,2004-02-29 00:00:00,88,19.38,19.38
3,2004-02-29 01:00:00,74,18.98,18.98
3,2004-02-29 02:00:00,64,18.69,18.69
3,2004-02-29 03:00:00,85,18.34,18.34
3,2004-02-29 04:00:00,78,18.12,18.12
3,2004-02-29 05:00:00,79,17.89,17.89
3,2004-02-29 06:00:00,60,17.74,17.74
3,2004-02-29 07:00:00,79,17.73,17.73
3,2004-02-29 08:00:00,95,18.57,18.57
3,2004-02-29 09:00:00,86,19.91,19.91
3,2004-02-29 10:00:00,80,20.33,20.33
3,2004-02-29 11:00:00,82,20.76,20.76
3,2004-02-29 12:00:00,86,20.79,20.79
3,2004-02-29 13:00:00,86,20.98,20.98
3,2004-02-29 14:00:00,89,21.08,21.08
3,2004-02-29 15:00:00,82,20.63,20.63
3,2004-02-29 16:00:00,91,20.14,20.14
3,2004-02-29 17:00:00,87,19.89,19.89
3,2004-02-29 18:00:00,61,19.62,19.62
3,2004-02-29 19:00:00,83,19.4,19.4
3,2004-02-29 20:00:00,74,19.26,19.26
3,2004-02-29 21:00:00,76,19.13,19.13
3,2004-02-29 22:00:00,80,19.0,19.0
3,2004-02-29 23:00:00,84,18.84,18.84
3,2004-03-01 00:00:00,64,18.69,18.69
3,2004-03-01 01:00:00,75,18.52,18.52
3,2004-03-01 02:00:00,84,18.34,18.34
3,2004-03-01 03:00:00,72,18.26,18.26
3,2004-03-01 04:00:00,69,18.09,18.09
3,2004-03-01 05:00:00,82,17.88,17.88
3,2004-03-01 06:00:00,79,17.77,17.77
3,2004-03-01 07:00:00,85,21.65,21.65
3,2004-03-01 08:00:00,86,22.48,22.48
3,2004-03-01 09:00:00,83,23.04,23.04
3,2004-03-01 10:00:00,92,23.6,23.6
3,2004-03-01 11:00:00,86,23.9,23.9
3,2004-03-01 12:00:00,76,24.71,24.71
3,2004-03-01 13:00:00,94,25.3,25.3
3,2004-03-01 14:00:00,84,25.53,25.53
3,2004-03-01 15:00:00,86,25.17,25.17
3,2004-03-01 16:00:00,74,24.97,24.97
3,2004-03-01 17:00:00,85,25.21,25.21
3,2004-03-01 18:00:00,83,22.31,22.31
3,2004-03-01 19:00:00,94,21.4,21.4
3,2004-03-01 20:00:00,92,20.97,20.97
3,2004-03-01 21:00:00,92,20.62,20.62
3,2004-03-01 22:00:00,83,20.14,20.14
3,2004-03-01 23:00:00,76,19.81,19.81
3,2004-03-02 00:00:00,72,19.39,19.39
3,2004-03-02 01:00:00,78,18.89,18.89
3,2004-03-02 02:00:00,82,18.56,18.56
3,2004-03-02 03:00:00,75,18.31,18.31
3,2004-03-02 04:00:00,73,18.07,18.07
3,2004-03-02 05:00:00,83,17.81,17.81
3,2004-03-02 06:00:00,81,17.65,17.65
3,2004-03-02 07:00:00,82,22.31,22.31
3,2004-03-02 08:00:00,81,24.51,24.51
3,2004-03-02 09:00:00,92,24.99,24.99
3,2004-03-02 10:00:00,77,24.93,24.93
3,2004-03-02 11:00:00,79,23.67,23.67
3,2004-03-02 12:00:00,74,24.13,24.13
3,2004-03-02 13:00:00,91,24.23,24.23
3,2004-03-02 14:00:00,79,24.0,24.0
3,2004-03-02 15:00:00,88,23.54,23.54
3,2004-03-02 16:00:00,84,23.04,23.04
3,2004-03-02 17:00:00,87,21.96,21.96
3,2004-03-02 18:00:00,91,21.7,21.7
3,2004-03-02 19:00:00,71,21.47,21.47
3,2004-03-02 20:00:00,69,21.12,21.12
3,2004-03-02 21:00:00,74,20.8,20.8
3,2004-03-02 22:00:00,81,20.54,20.54
3,2004-03-02 23:00:00,81,20.3,20.3
3,2004-03-03 00:00:00,79,20.14,20.14
3,2004-03-03 01:00:00,78,19.94,19.94
3,2004-03-03 02:00:00,66,19.49,19.49
3,2004-03-03 03:00:00,69,19.08,19.08
3,2004-03-03 04:00:00,78,18.77,18.77
3,2004-03-03 05:00:00,64,18.56,18.56
3,2004-03-03 06:00:00,71,18.55,18.55
3,2004-03-03 07:00:00,80,23.6,23.6
3,2004-03-03 08:00:00,86,25.5,25.5
3,2004-03-03 09:00:00,88,25.6,25.6
3,2004-03-03 10:00:00,86,24.09,24.09
3,2004-03-03 11:00:00,74,23.36,23.36
3,2004-03-03 12:00:00,67,22.71,22.71
3,2004-03-03 13:00:00,52,23.9,23.9
3,2004-03-03 14:00:00,79,23.63,23.63
3,2004-03-03 15:00:00,73,23.56,23.56
3,2004-03-03 16:00:00,71,23.26,23.26
3,2004-03-03 17:00:00,68,23.34,23.34
3,2004-03-03 18:00:00,73,22.78,22.78
3,2004-03-03 19:00:00,70,22.23,22.23
3,2004-03-03 20:00:00,60,21.87,21.87
3,2004-03-03 21:00:00,55,21.7,21.7
3,2004-03-03 22:00:00,65,21.46,21.46
3,2004-03-03 23:00:00,74,21.13,21.13
3,2004-03-04 00:00:00,57,20.58,20.58
3,2004-03-04 01:00:00,65,20.1,20.1
3,2004-03-04 02:00:00,74,19.48,19.48
3,2004-03-04 03:00:00,64,19.1,19.1
3,2004-03-04 04:00:00,68,18.81,18.81
3,2004-03-04 05:00:00,66,18.5,18.5
3,2004-03-04 06:00:00,53,18.36,18.36
3,2004-03-04 07:00:00,75,23.42,23.42
3,2004-03-04 08:00:00,85,24.53,24.53
3,2004-03-04 09:00:00,69,25.37,25.37
3,2004-03-04 10:00:00,83,25.02,25.02
3,2004-03-04 11:00:00,82,24.55,24.55
3,2004-03-04 12:00:00,65,24.84,24.84
3,2004-03-04 13:00:00,72,25.03,25.03
3,2004-03-04 14:00:00,78,24.25,24.25
3,2004-03-04 15:00:00,84,23.26,23.26
3,2004-03-04 16:00:00,82,22.35,22.35
3,2004-03-04 17:00:00,72,21.76,21.76
3,2004-03-04 18:00:00,71,21.7,21.7
3,2004-03-04 19:00:00,80,21.57,21.57
3,2004-03-04 20:00:00,75,21.31,21.31
3,2004-03-04 21:00:00,76,21.11,21.11
3,2004-03-04 22:00:00,56,20.9,20.9
3,2004-03-04 23:00:00,69,20.7,20.7
3,2004-03-05 00:00:00,68,20.53,20.53
3,2004-03-05 01:00:00,74,20.21,20.21
3,2004-03-05 02:00:00,66,19.93,19.93
3,2004-03-05 03:00:00,70,19.68,19.68
3,2004-03-05 04:00:00,72,19.4,19.4
3,2004-03-05 05:00:00,70,19.2,19.2
3,2004-03-05 06:00:00,63,19.15,19.15
3,2004-03-05 07:00:00,79,24.05,24.05
3,2004-03-05 08:00:00,82,25.1,25.1
3,2004-03-05 09:00:00,83,23.69,23.69
3,2004-03-05 10:00:00,73,23.36,23.36
3,2004-03-05 11:00:00,74,23.02,23.02
3,2004-03-05 12:00:00,72,22.7,22.7
3,2004-03-05 13:00:00,87,23.59,23.59
3,2004-03-05 14:00:00,88,23.51,23.51
3,2004-03-05 15:00:00,95,23.13,23.13
3,2004-03-05 16:00:00,87,22.7,22.7
3,2004-03-05 17:00:00,86,21.97,21.97
3,2004-03-05 18:00:00,83,21.9,21.9
3,2004-03-05 19:00:00,79,21.7,21.7
3,2004-03-05 20:00:00,84,21.41,21.41
3,2004-03-05 21:00:00,85,21.15,21.15
3,2004-03-05 22:00:00,90,20.95,20.95
3,2004-03-05 23:00:00,89,20.75,20.75
3,2004-03-06 00:00:00,89,20.42,20.42
3,2004-03-06 01:00:00,82,20.13,20.13
3,2004-03-06 02:00:00,90,19.93,19.93
3,2004-03-06 03:00:00,80,19.83,19.83
3,2004-03-06 04:00:00,78,19.68,19.68
3,2004-03-06 05:00:00,82,19.46,19.46
3,2004-03-06 06:00:00,82,19.22,19.22
3,2004-03-06 07:00:00,80,19.36,19.36
3,2004-03-06 08:00:00,80,20.52,20.52
3,2004-03-06 09:00:00,79,22.06,22.06
3,2004-03-06 10:00:00,86,23.6,23.6
3,2004-03-06 11:00:00,87,25.11,25.11
3,2004-03-06 12:00:00,97,26.02,26.02
3,2004-03-06 13:00:00,84,26.4,26.4
3,2004-03-06 14:00:00,88,26.22,26.22
3,2004-03-06 15:00:00,79,26.12,26.12
3,2004-03-06 16:00:00,78,25.27,25.27
3,2004-03-06 17:00:00,72,24.53,24.53
3,2004-03-06 18:00:00,68,23.53,23.53
3,2004-03-06 19:00:00,79,22.86,22.86
3,2004-03-06 20:00:00,76,22.53,22.53
3,2004-03-06 21:00:00,82,22.25,22.25
3,2004-03-06 22:00:00,90,21.97,21.97
3,2004-03-06 23:00:00,93,21.64,21.64
3,2004-03-07 00:00:00,90,21.33,21.33
3,2004-03-07 01:00:00,83,21.09,21.09
3,2004-03-07 02:00:00,83,20.73,20.73
3,2004-03-07 03:00:00,86,20.54,20.54
3,2004-03-07 04:00:00,93,20.3,20.3
3,2004-03-07 05:00:00,85,20.08,20.08
3,2004-03-07 06:00:00,85,19.91,19.91
3,2004-03-07 07:00:00,83,20.16,20.16
3,2004-03-07 08:00:00,89,21.56,21.56
3,2004-03-07 09:00:00,81,23.07,23.07
3,2004-03-07 10:00:00,82,24.58,24.58
3,2004-03-07 11:00:00,96,26.05,26.05
3,2004-03-07 12:00:00,70,26.98,26.98
3,2004-03-07 13:00:00,80,27.53,27.53
3,2004-03-07 14:00:00,93,27.98,27.98
3,2004-03-07 15:00:00,94,27.69,27.69
3,2004-03-07 16:00:00,97,27.15,27.15
3,2004-03-07 17:00:00,86,26.21,26.21
3,2004-03-07 18:00:00,102,25.1,25.1
3,2004-03-07 19:00:00,108,24.23,24.23
3,2004-03-07 20:00:00,98,23.68,23.68
3,2004-03-07 21:00:00,94,23.3,23.3
3,2004-03-07 22:00:00,103,23.07,23.07
3,2004-03-07 23:00:00,107,22.88,22.88
3,2004-03-08 00:00:00,104,22.66,22.66
3,2004-03-08 01:00:00,96,22.42,22.42
3,2004-03-08 02:00:00,102,22.21,22.21
3,2004-03-08 03:00:00,98,21.99,21.99
3,2004-03-08 04:00:00,103,21.8,21.8
3,2004-03-08 05:00:00,105,21.63,21.63
3,2004-03-08 06:00:00,94,21.53,21.53
3,2004-03-08 07:00:00,107,24.47,24.47
3,2004-03-08 08:00:00,110,24.17,24.17
3,2004-03-08 09:00:00,102,24.96,24.96
3,2004-03-08 10:00:00,90,23.09,23.09
3,2004-03-08 11:00:00,94,22.35,22.35
3,2004-03-08 12:00:00,81,22.66,22.66
3,2004-03-08 13:00:00,93,22.66,22.66
3,2004-03-08 14:00:00,73,22.34,22.34
3,2004-03-08 15:00:00,89,21.88,21.88
3,2004-03-08 16:00:00,88,21.54,21.54
3,2004-03-08 17:00:00,91,22.17,22.17
3,2004-03-08 18:00:00,93,23.44,23.44
3,2004-03-08 19:00:00,101,24.06,24.06
3,2004-03-08 20:00:00,90,23.96,23.96
3,2004-03-08 21:00:00,73,23.6,23.6
3,2004-03-08 22:00:00,94,23.28,23.28
3,2004-03-08 23:00:00,78,23.0,23.0
3,2004-03-09 00:00:00,89,22.73,22.73
3,2004-03-09 01:00:00,86,22.43,22.43
3,2004-03-09 02:00:00,86,22.12,22.12
3,2004-03-09 03:00:00,72,21.86,21.86
3,2004-03-09 04:00:00,78,21.66,21.66
3,2004-03-09 05:00:00,89,21.52,21.52
3,2004-03-09 06:00:00,87,21.45,21.45
3,2004-03-09 07:00:00,96,24.96,24.96
3,2004-03-09 08:00:00,90,24.78,24.78
3,2004-03-09 09:00:00,84,22.1,22.1
3,2004-03-09 10:00:00,91,21.92,21.92
3,2004-03-09 11:00:00,92,21.78,21.78
3,2004-03-09 12:00:00,68,22.27,22.27
3,2004-03-09 13:00:00,70,22.95,22.95
3,2004-03-09 14:00:00,83,22.28,22.28
3,2004-03-09 15:00:00,81,21.87,21.87
3,2004-03-09 16:00:00,67,22.14,22.14
3,2004-03-09 17:00:00,83,22.47,22.47
3,2004-03-09 18:00:00,83,22.54,22.54
3,2004-03-09 19:00:00,94,22.85,22.85
3,2004-03-09 20:00:00,85,22.77,22.77
3,2004-03-09 21:00:00,101,22.56,22.56
3,2004-03-09 22:00:00,92,22.44,22.44
3,2004-03-09 23:00:00,86,22.37,22.37
3,2004-03-10 00:00:00,93,22.33,22.33
3,2004-03-10 01:00:00,95,21.97,21.97
3,2004-03-10 02:00:00,93,21.72,21.72
3,2004-03-10 03:00:00,91,21.6,21.6
3,2004-03-10 04:00:00,97,21.5,21.5
3,2004-03-10 05:00:00,98,21.46,21.46
3,2004-03-10 06:00:00,92,21.51,21.51
3,2004-03-10 07:00:00,84,25.07,25.07
3,2004-03-10 08:00:00,91,25.07,25.07
3,2004-03-10 09:00:00,7,23.68,23.68
3,2004-03-11 09:00:00,45,20.85,20.85
3,2004-03-11 10:00:00,113,21.65,21.65
3,2004-03-11 11:00:00,119,22.53,22.53
3,2004-03-11 12:00:00,117,22.88,22.88
3,2004-03-11 13:00:00,120,23.1,23.1
3,2004-03-11 14:00:00,120,22.85,22.85
3,2004-03-11 15:00:00,120,22.22,22.22
3,2004-03-11 16:00:00,118,21.05,21.05
3,2004-03-11 17:00:00,79,22.35,22.35
3,2004-03-11 18:00:00,71,22.63,22.63
3,2004-03-11 19:00:00,74,22.81,22.81
3,2004-03-11 20:00:00,64,22.69,22.69
3,2004-03-11 21:00:00,87,22.44,22.44
3,2004-03-11 22:00:00,88,22.2,22.2
3,2004-03-11 23:00:00,75,21.93,21.93
3,2004-03-12 00:00:00,66,21.5,21.5
3,2004-03-12 01:00:00,67,21.0,21.0
3,2004-03-12 02:00:00,65,20.64,20.64
3,2004-03-12 03:00:00,75,20.39,20.39
3,2004-03-12 04:00:00,68,20.12,20.12
3,2004-03-12 05:00:00,67,19.93,19.93
3,2004-03-12 06:00:00,61,19.87,19.87
3,2004-03-12 07:00:00,76,21.8,21.8
3,2004-03-12 08:00:00,80,21.77,21.77
3,2004-03-12 09:00:00,66,22.55,22.55
3,2004-03-12 10:00:00,61,23.3,23.3
3,2004-03-12 11:00:00,76,23.22,23.22
3,2004-03-12 12:00:00,78,22.02,22.02
3,2004-03-12 13:00:00,72,21.81,21.81
3,2004-03-12 14:00:00,62,21.9,21.9
3,2004-03-12 15:00:00,72,22.94,22.94
3,2004-03-12 16:00:00,57,23.41,23.41
3,2004-03-12 17:00:00,56,22.13,22.13
3,2004-03-12 18:00:00,64,22.2,22.2
3,2004-03-12 19:00:00,50,22.04,22.04
3,2004-03-12 20:00:00,68,21.79,21.79
3,2004-03-12 21:00:00,74,21.62,21.62
3,2004-03-12 22:00:00,72,21.41,21.41
3,2004-03-12 23:00:00,77,21.15,21.15
3,2004-03-13 00:00:00,68,20.92,20.92
3,2004-03-13 01:00:00,75,20.74,20.74
3,2004-03-13 02:00:00,54,20.6,20.6
3,2004-03-13 03:00:00,59,20.42,20.42
3,2004-03-13 04:00:00,51,20.27,20.27
3,2004-03-13 05:00:00,67,20.13,20.13
3,2004-03-13 06:00:00,67,20.08,20.08
3,2004-03-13 07:00:00,62,20.64,20.64
3,2004-03-13 08:00:00,60,22.17,22.17
3,2004-03-13 09:00:00,51,23.81,23.81
3,2004-03-13 10:00:00,45,25.29,25.29
3,2004-03-13 11:00:00,79,26.75,26.75
3,2004-03-13 12:00:00,78,27.7,27.7
3,2004-03-13 13:00:00,62,27.97,27.97
3,2004-03-13 14:00:00,75,27.95,27.95
3,2004-03-13 15:00:00,72,27.38,27.38
3,2004-03-13 16:00:00,72,26.7,26.7
3,2004-03-13 17:00:00,61,25.6,25.6
3,2004-03-13 18:00:00,54,24.49,24.49
3,2004-03-13 19:00:00,64,23.51,23.51
3,2004-03-13 20:00:00,68,22.9,22.9
3,2004-03-13 21:00:00,62,22.46,22.46
3,2004-03-13 22:00:00,62,22.07,22.07
3,2004-03-13 23:00:00,67,21.77,21.77
3,2004-03-14 00:00:00,70,21.46,21.46
3,2004-03-14 01:00:00,71,21.22,21.22
3,2004-03-14 02:00:00,53,20.84,20.84
3,2004-03-14 03:00:00,53,20.51,20.51
3,2004-03-14 04:00:00,56,20.28,20.28
3,2004-03-14 05:00:00,58,20.06,20.06
3,2004-03-14 06:00:00,43,19.89,19.89
3,2004-03-14 07:00:00,63,20.27,20.27
3,2004-03-14 08:00:00,57,21.86,21.86
3,2004-03-14 09:00:00,53,23.23,23.23
3,2004-03-14 10:00:00,64,24.67,24.67
3,2004-03-14 11:00:00,70,25.97,25.97
3,2004-03-14 12:00:00,61,27.15,27.15
3,2004-03-14 13:00:00,54,27.63,27.63
3,2004-03-14 14:00:00,60,28.04,28.04
3,2004-03-14 15:00:00,54,27.65,27.65
3,2004-03-14 16:00:00,60,26.88,26.88
3,2004-03-14 17:00:00,54,21.26,21.26
3,2004-03-14 18:00:00,74,22.35,22.35
3,2004-03-14 19:00:00,47,23.1,23.1
3,2004-03-14 20:00:00,40,25.05,25.05
3,2004-03-14 21:00:00,53,24.89,24.89
3,2004-03-14 22:00:00,42,23.64,23.64
3,2004-03-14 23:00:00,31,21.39,21.39
3,2004-03-15 00:00:00,39,21.33,21.33
3,2004-03-15 01:00:00,20,21.26,21.26
3,2004-03-15 02:00:00,32,21.23,21.23
3,2004-03-15 03:00:00,34,21.14,21.14
3,2004-03-15 04:00:00,44,21.05,21.05
3,2004-03-15 05:00:00,37,20.98,20.98
3,2004-03-15 06:00:00,41,20.93,20.93
3,2004-03-15 07:00:00,45,24.11,24.11
3,2004-03-15 08:00:00,45,25.24,25.24
3,2004-03-15 09:00:00,38,22.25,22.25
3,2004-03-15 10:00:00,36,21.54,21.54
3,2004-03-15 11:00:00,43,22.18,22.18
3,2004-03-15 12:00:00,45,22.55,22.55
3,2004-03-15 13:00:00,31,22.48,22.48
3,2004-03-15 14:00:00,40,21.89,21.89
3,2004-03-15 15:00:00,37,22.18,22.18
3,2004-03-15 16:00:00,3,25.06,25.06
3,2004-03-16 11:00:00,48,22.09,22.09
3,2004-03-16 12:00:00,35,22.55,22.55
3,2004-03-16 13:00:00,62,22.45,22.45
3,2004-03-16 14:00:00,83,22.14,22.14
3,2004-03-16 15:00:00,78,21.74,21.74
3,2004-03-16 16:00:00,79,21.88,21.88
3,2004-03-16 17:00:00,72,22.85,22.85
3,2004-03-16 18:00:00,78,23.08,23.08
3,2004-03-16 19:00:00,77,23.51,23.51
3,2004-03-16 20:00:00,71,23.56,23.56
3,2004-03-16 21:00:00,88,23.45,23.45
3,2004-03-16 22:00:00,71,23.36,23.36
3,2004-03-16 23:00:00,88,23.26,23.26
3,2004-03-17 00:00:00,85,23.13,23.13
3,2004-03-17 01:00:00,76,22.96,22.96
3,2004-03-17 02:00:00,72,22.61,22.61
3,2004-03-17 03:00:00,76,22.29,22.29
3,2004-03-17 04:00:00,83,22.03,22.03
3,2004-03-17 05:00:00,65,21.82,21.82
3,2004-03-17 06:00:00,80,21.67,21.67
3,2004-03-17 07:00:00,78,21.44,21.44
3,2004-03-17 08:00:00,75,21.39,21.39
3,2004-03-17 09:00:00,92,21.91,21.91
3,2004-03-17 10:00:00,97,22.43,22.43
3,2004-03-17 11:00:00,83,22.3,22.3
3,2004-03-17 12:00:00,76,22.27,22.27
3,2004-03-17 13:00:00,87,22.41,22.41
3,2004-03-17 14:00:00,79,22.22,22.22
3,2004-03-17 15:00:00,90,21.64,21.64
3,2004-03-17 16:00:00,79,22.14,22.14
3,2004-03-17 17:00:00,86,22.65,22.65
3,2004-03-17 18:00:00,79,22.55,22.55
3,2004-03-17 19:00:00,71,22.97,22.97
3,2004-03-17 20:00:00,69,22.77,22.77
3,2004-03-17 21:00:00,76,22.49,22.49
3,2004-03-17 22:00:00,75,22.29,22.29
3,2004-03-17 23:00:00,93,22.08,22.08
3,2004-03-18 00:00:00,94,21.87,21.87
3,2004-03-18 01:00:00,92,21.55,21.55
3,2004-03-18 02:00:00,95,21.23,21.23
3,2004-03-18 03:00:00,81,20.99,20.99
3,2004-03-18 04:00:00,87,20.77,20.77
3,2004-03-18 05:00:00,80,20.51,20.51
3,2004-03-18 06:00:00,88,20.37,20.37
3,2004-03-18 07:00:00,36,20.55,20.55
3,2004-03-18 08:00:00,28,20.36,20.36
3,2004-03-18 09:00:00,29,20.78,20.78
3,2004-03-18 10:00:00,23,21.67,21.67
3,2004-03-18 11:00:00,14,22.1,22.1
3,2004-03-18 12:00:00,14,22.6,22.6
3,2004-03-18 13:00:00,10,22.55,22.55
3,2004-03-18 14:00:00,8,21.69,21.69
3,2004-03-18 15:00:00,7,22.38,22.38
3,2004-03-18 16:00:00,7,22.47,22.47
3,2004-03-18 17:00:00,62,21.95,21.95
3,2004-03-18 18:00:00,63,21.62,21.62
3,2004-03-18 19:00:00,76,21.68,21.68
3,2004-03-18 20:00:00,85,21.51,21.51
3,2004-03-18 21:00:00,68,21.35,21.35
3,2004-03-18 22:00:00,75,21.14,21.14
3,2004-03-18 23:00:00,67,20.84,20.84
3,2004-03-19 00:00:00,83,20.69,20.69
3,2004-03-19 01:00:00,62,20.34,20.34
3,2004-03-19 02:00:00,71,19.9,19.9
3,2004-03-19 03:00:00,62,19.51,19.51
3,2004-03-19 04:00:00,59,19.2,19.2
3,2004-03-19 05:00:00,70,19.05,19.05
3,2004-03-19 06:00:00,61,18.96,18.96
3,2004-03-19 07:00:00,58,19.6,19.6
3,2004-03-19 08:00:00,79,19.97,19.97
3,2004-03-19 09:00:00,77,20.21,20.21
3,2004-03-19 10:00:00,51,22.43,22.43
3,2004-03-19 11:00:00,69,23.26,23.26
3,2004-03-19 12:00:00,70,23.0,23.0
3,2004-03-19 13:00:00,73,22.96,22.96
3,2004-03-19 14:00:00,60,22.85,22.85
3,2004-03-19 15:00:00,70,22.15,22.15
3,2004-03-19 16:00:00,81,21.8,21.8
3,2004-03-19 17:00:00,67,21.9,21.9
3,2004-03-19 18:00:00,76,22.04,22.04
3,2004-03-19 19:00:00,69,21.79,21.79
3,2004-03-19 20:00:00,79,21.57,21.57
3,2004-03-19 21:00:00,75,21.33,21.33
3,2004-03-19 22:00:00,82,21.12,21.12
3,2004-03-19 23:00:00,77,20.88,20.88
3,2004-03-20 00:00:00,69,20.65,20.65
3,2004-03-20 01:00:00,81,20.39,20.39
3,2004-03-20 02:00:00,87,20.14,20.14
3,2004-03-20 03:00:00,99,19.96,19.96
3,2004-03-20 04:00:00,77,19.78,19.78
3,2004-03-20 05:00:00,76,19.61,19.61
3,2004-03-20 06:00:00,81,19.46,19.46
3,2004-03-20 07:00:00,84,19.99,19.99
3,2004-03-20 08:00:00,73,21.48,21.48
3,2004-03-20 09:00:00,85,22.99,22.99
3,2004-03-20 10:00:00,89,24.34,24.34
3,2004-03-20 11:00:00,80,26.19,26.19
3,2004-03-20 12:00:00,81,27.17,27.17
3,2004-03-20 13:00:00,68,27.64,27.64
3,2004-03-20 14:00:00,83,27.65,27.65
3,2004-03-20 15:00:00,85,26.98,26.98
3,2004-03-20 16:00:00,76,25.92,25.92
3,2004-03-20 17:00:00,66,24.76,24.76
3,2004-03-20 18:00:00,77,23.71,23.71
3,2004-03-20 19:00:00,65,22.95,22.95
3,2004-03-20 20:00:00,66,22.45,22.45
3,2004-03-20 21:00:00,68,22.08,22.08
3,2004-03-20 22:00:00,82,21.72,21.72
3,2004-03-20 23:00:00,74,21.41,21.41
3,2004-03-21 00:00:00,75,21.12,21.12
3,2004-03-21 01:00:00,71,20.79,20.79
3,2004-03-21 02:00:00,77,20.59,20.59
3,2004-03-21 03:00:00,72,20.44,20.44
3,2004-03-21 04:00:00,75,20.25,20.25
3,2004-03-21 05:00:00,79,20.06,20.06
3,2004-03-21 06:00:00,79,19.94,19.94
3,2004-03-21 07:00:00,61,19.82,19.82
3,2004-03-21 08:00:00,78,19.71,19.71
3,2004-03-21 09:00:00,80,19.75,19.75
3,2004-03-21 10:00:00,79,19.9,19.9
3,2004-03-21 11:00:00,75,22.02,22.02
3,2004-03-21 12:00:00,65,23.76,23.76
3,2004-03-21 13:00:00,74,24.29,24.29
3,2004-03-21 14:00:00,74,24.34,24.34
3,2004-03-21 15:00:00,71,23.46,23.46
3,2004-03-21 16:00:00,74,22.77,22.77
3,2004-03-21 17:00:00,74,22.1,22.1
3,2004-03-21 18:00:00,74,21.47,21.47
3,2004-03-21 19:00:00,43,21.08,21.08
3,2004-03-21 20:00:00,48,20.78,20.78
3,2004-03-21 21:00:00,39,20.52,20.52
3,2004-03-21 22:00:00,33,20.29,20.29
3,2004-03-21 23:00:00,33,19.97,19.97
3,2004-03-22 00:00:00,25,19.72,19.72
3,2004-03-22 01:00:00,30,19.53,19.53
3,2004-03-22 02:00:00,26,19.41,19.41
3,2004-03-22 03:00:00,36,19.26,19.26
3,2004-03-22 04:00:00,49,19.03,19.03
3,2004-03-22 05:00:00,39,18.81,18.81
3,2004-03-22 06:00:00,32,18.65,18.65
3,2004-03-22 07:00:00,32,18.98,18.98
3,2004-03-22 08:00:00,31,19.01,19.01
3,2004-03-22 09:00:00,29,19.16,19.16
3,2004-03-22 10:00:00,26,20.22,20.22
3,2004-03-22 11:00:00,36,21.86,21.86
3,2004-03-22 12:00:00,34,22.01,22.01
3,2004-03-22 13:00:00,26,21.97,21.97
3,2004-03-22 14:00:00,27,21.73,21.73
3,2004-03-22 15:00:00,37,21.69,21.69
3,2004-03-22 16:00:00,36,21.61,21.61
3,2004-03-22 17:00:00,49,21.49,21.49
3,2004-03-22 18:00:00,44,21.22,21.22
3,2004-03-22 19:00:00,37,21.15,21.15
3,2004-03-22 20:00:00,46,20.98,20.98
3,2004-03-22 21:00:00,55,20.75,20.75
3,2004-03-22 22:00:00,31,20.44,20.44
3,2004-03-22 23:00:00,44,20.2,20.2
3,2004-03-23 00:00:00,49,19.92,19.92
3,2004-03-23 01:00:00,70,19.61,19.61
3,2004-03-23 02:00:00,84,19.39,19.39
3,2004-03-23 03:00:00,79,19.22,19.22
3,2004-03-23 04:00:00,67,19.12,19.12
3,2004-03-23 05:00:00,74,18.95,18.95
3,2004-03-23 06:00:00,74,18.85,18.85
3,2004-03-23 07:00:00,63,19.17,19.17
3,2004-03-23 08:00:00,76,19.4,19.4
3,2004-03-23 09:00:00,75,21.21,21.21
3,2004-03-23 10:00:00,79,20.98,20.98
3,2004-03-23 11:00:00,79,21.58,21.58
3,2004-03-23 12:00:00,89,22.02,22.02
3,2004-03-23 13:00:00,67,22.45,22.45
3,2004-03-23 14:00:00,95,22.66,22.66
3,2004-03-23 15:00:00,91,22.71,22.71
3,2004-03-23 16:00:00,88,22.54,22.54
3,2004-03-23 17:00:00,73,22.89,22.89
3,2004-03-23 18:00:00,90,23.39,23.39
3,2004-03-23 19:00:00,91,23.61,23.61
3,2004-03-23 20:00:00,61,22.98,22.98
3,2004-03-23 21:00:00,82,22.8,22.8
3,2004-03-23 22:00:00,70,22.93,22.93
3,2004-03-23 23:00:00,74,23.25,23.25
3,2004-03-24 00:00:00,68,23.71,23.71
3,2004-03-24 01:00:00,57,24.04,24.04
3,2004-03-24 02:00:00,23,24.76,24.76
3,2004-03-24 03:00:00,22,25.6,25.6
3,2004-03-24 04:00:00,12,27.25,27.25
3,2004-03-24 05:00:00,18,28.55,28.55
3,2004-03-24 06:00:00,22,30.83,30.83
3,2004-03-24 07:00:00,13,32.87,32.87
3,2004-03-24 08:00:00,13,35.57,35.57
3,2004-03-24 09:00:00,37,37.82,37.82
3,2004-03-24 10:00:00,34,39.45,39.45
3,2004-03-24 11:00:00,40,38.5,38.5
3,2004-03-24 12:00:00,52,38.96,38.96
3,2004-03-24 13:00:00,30,39.75,39.75
3,2004-03-24 14:00:00,41,41.12,41.12
3,2004-03-24 15:00:00,28,43.24,43.24
3,2004-03-24 16:00:00,47,45.76,45.76
3,2004-03-24 17:00:00,31,48.82,48.63
3,2004-03-24 18:00:00,26,52.35,49.91
3,2004-03-24 19:00:00,29,57.53,
3,2004-03-24 20:00:00,25,63.24,
3,2004-03-24 21:00:00,29,69.94,
3,2004-03-24 22:00:00,23,78.43,
3,2004-03-24 23:00:00,27,87.1,
3,2004-03-25 00:00:00,20,96.18,
3,2004-03-25 01:00:00,21,104.58,
3,2004-03-25 02:00:00,19,117.27,
3,2004-03-25 03:00:00,18,122.12,
3,2004-03-25 04:00:00,26,122.15,
3,2004-03-25 05:00:00,21,122.15,
3,2004-03-25 06:00:00,20,122.15,
3,2004-03-25 07:00:00,26,122.15,
3,2004-03-25 08:00:00,19,122.15,
3,2004-03-25 09:00:00,28,122.15,
3,2004-03-25 10:00:00,15,122.15,
3,2004-03-25 11:00:00,39,122.15,
3,2004-03-25 12:00:00,31,122.15,
3,2004-03-25 13:00:00,23,122.15,
3,2004-03-25 14:00:00,15,122.15,
3,2004-03-25 15:00:00,23,122.15,
3,2004-03-25 16:00:00,34,122.15,
3,2004-03-25 17:00:00,41,122.15,
3,2004-03-25 18:00:00,43,122.15,
3,2004-03-25 19:00:00,42,122.15,
3,2004-03-25 20:00:00,34,122.15,
3,2004-03-25 21:00:00,24,122.15,
3,2004-03-25 22:00:00,36,122.15,
3,2004-03-25 23:00:00,44,122.15,
3,2004-03-26 00:00:00,41,122.15,
3,2004-03-26 01:00:00,46,122.15,
3,2004-03-26 02:00:00,54,122.15,
3,2004-03-26 03:00:00,35,122.15,
3,2004-03-26 04:00:00,29,122.15,
3,2004-03-26 05:00:00,42,122.15,
3,2004-03-26 06:00:00,34,122.15,
3,2004-03-26 07:00:00,42,122.15,
3,2004-03-26 08:00:00,30,122.15,
3,2004-03-26 09:00:00,38,122.15,
3,2004-03-26 10:00:00,47,122.15,
3,2004-03-26 11:00:00,33,122.15,
3,2004-03-26 12:00:00,37,122.15,
3,2004-03-26 13:00:00,47,122.15,
3,2004-03-26 14:00:00,25,122.15,
3,2004-03-26 15:00:00,32,122.15,
3,2004-03-26 16:00:00,33,122.15,
3,2004-03-26 17:00:00,23,122.15,
3,2004-03-26 18:00:00,37,122.15,
3,2004-03-26 19:00:00,32,122.15,
3,2004-03-26 20:00:00,49,122.15,
3,2004-03-26 21:00:00,37,122.15,
3,2004-03-26 22:00:00,56,122.15,
3,2004-03-26 23:00:00,32,122.15,
3,2004-03-27 00:00:00,43,122.15,
3,2004-03-27 01:00:00,50,122.15,
3,2004-03-27 02:00:00,30,122.15,
3,2004-03-27 03:00:00,26,122.15,
3,2004-03-27 04:00:00,34,122.15,
3,2004-03-27 05:00:00,33,122.15,
3,2004-03-27 06:00:00,35,122.15,
3,2004-03-27 07:00:00,40,122.15,
3,2004-03-27 08:00:00,28,122.15,
3,2004-03-27 09:00:00,36,122.15,
3,2004-03-27 10:00:00,26,122.15,
3,2004-03-27 11:00:00,40,122.15,
3,2004-03-27 12:00:00,48,122.15,
3,2004-03-27 13:00:00,38,122.15,
3,2004-03-27 14:00:00,39,122.15,
3,2004-03-27 15:00:00,55,122.15,
3,2004-03-27 16:00:00,30,122.15,
3,2004-03-27 17:00:00,39,122.15,
3,2004-03-27 18:00:00,53,122.15,
3,2004-03-27 19:00:00,56,122.15,
3,2004-03-27 20:00:00,51,122.15,
3,2004-03-27 21:00:00,47,122.15,
3,2004-03-27 22:00:00,33,122.15,
3,2004-03-27 23:00:00,29,122.15,
3,2004-03-28 00:00:00,39,122.15,
3,2004-03-28 01:00:00,42,122.15,
3,2004-03-28 02:00:00,35,122.15,
3,2004-03-28 03:00:00,33,122.15,
3,2004-03-28 04:00:00,50,122.15,
3,2004-03-28 05:00:00,36,122.15,
3,2004-03-28 06:00:00,53,122.15,
3,2004-03-28 07:00:00,36,122.15,
3,2004-03-28 08:00:00,45,122.15,
3,2004-03-28 09:00:00,63,122.15,
3,2004-03-28 10:00:00,77,122.15,
3,2004-03-28 11:00:00,48,122.15,
3,2004-03-28 12:00:00,52,122.15,
3,2004-03-28 13:00:00,74,122.15,
3,2004-03-28 14:00:00,85,122.15,
3,2004-03-28 15:00:00,58,122.15,
3,2004-03-28 16:00:00,66,122.15,
3,2004-03-28 17:00:00,64,122.15,
3,2004-03-28 18:00:00,62,122.15,
3,2004-03-28 19:00:00,53,122.15,
3,2004-03-28 20:00:00,62,122.15,
3,2004-03-28 21:00:00,61,122.15,
3,2004-03-28 22:00:00,57,122.15,
3,2004-03-28 23:00:00,55,122.15,
3,2004-03-29 00:00:00,57,122.15,
3,2004-03-29 01:00:00,60,122.15,
3,2004-03-29 02:00:00,59,122.15,
3,2004-03-29 03:00:00,49,122.15,
3,2004-03-29 04:00:00,42,122.15,
3,2004-03-29 05:00:00,26,122.15,
3,2004-03-29 06:00:00,26,122.15,
3,2004-03-29 07:00:00,20,122.15,
3,2004-03-29 08:00:00,30,122.15,
3,2004-03-29 09:00:00,31,122.15,
3,2004-03-29 10:00:00,28,122.15,
3,2004-03-29 11:00:00,21,122.15,
3,2004-03-29 12:00:00,35,122.15,
3,2004-03-29 13:00:00,23,122.15,
3,2004-03-29 14:00:00,29,122.15,
3,2004-03-29 15:00:00,22,122.15,
3,2004-03-29 16:00:00,16,122.15,
3,2004-03-29 17:00:00,18,122.15,
3,2004-03-29 18:00:00,21,122.15,
3,2004-03-29 19:00:00,17,122.15,
3,2004-03-29 20:00:00,19,122.15,
3,2004-03-29 21:00:00,20,122.15,
3,2004-03-29 22:00:00,19,122.15,
3,2004-03-29 23:00:00,22,122.15,
3,2004-03-30 00:00:00,15,122.15,
3,2004-03-30 01:00:00,17,122.15,
3,2004-03-30 02:00:00,15,122.15,
3,2004-03-30 03:00:00,18,122.15,
3,2004-03-30 04:00:00,28,122.15,
3,2004-03-30 05:00:00,22,122.15,
3,2004-03-30 06:00:00,29,122.15,
3,2004-03-30 07:00:00,23,122.15,
3,2004-03-30 08:00:00,22,122.15,
3,2004-03-30 09:00:00,37,122.15,
3,2004-03-30 10:00:00,43,122.15,
3,2004-03-30 11:00:00,29,122.15,
3,2004-03-30 12:00:00,33,122.15,
3,2004-03-30 13:00:00,27,122.15,
3,2004-03-30 14:00:00,28,122.15,
3,2004-03-30 15:00:00,18,122.15,
3,2004-03-30 16:00:00,21,122.15,
3,2004-03-30 17:00:00,12,122.15,
3,2004-03-30 18:00:00,25,122.15,
3,2004-03-30 19:00:00,15,122.15,
3,2004-03-30 20:00:00,14,122.15,
3,2004-03-30 21:00:00,50,122.15,
3,2004-03-30 22:00:00,17,122.15,
3,2004-03-30 23:00:00,58,122.15,
3,2004-03-31 00:00:00,67,122.15,
3,2004-03-31 01:00:00,59,119.44,
3,2004-03-31 02:00:00,45,122.15,
3,2004-03-31 03:00:00,1,122.15,
4,2004-02-28 01:00:00,85,19.64,19.64
4,2004-02-28 02:00:00,73,19.36,19.36
4,2004-02-28 03:00:00,86,19.04,19.04
4,2004-02-28 04:00:00,90,18.72,18.72
4,2004-02-28 05:00:00,75,18.43,18.43
4,2004-02-28 06:00:00,91,18.21,18.21
4,2004-02-28 07:00:00,82,18.35,18.35
4,2004-02-28 08:00:00,80,19.12,19.12
4,2004-02-28 09:00:00,88,20.94,20.94
4,2004-02-28 10:00:00,92,22.43,22.43
4,2004-02-28 11:00:00,80,23.22,23.22
4,2004-02-28 12:00:00,78,23.69,23.69
4,2004-02-28 13:00:00,73,24.11,24.11
4,2004-02-28 14:00:00,90,23.82,23.82
4,2004-02-28 15:00:00,87,23.21,23.21
4,2004-02-28 16:00:00,79,22.38,22.38
4,2004-02-28 17:00:00,98,21.83,21.83
4,2004-02-28 18:00:00,80,21.37,21.37
4,2004-02-28 19:00:00,90,21.03,21.03
4,2004-02-28 20:00:00,70,20.82,20.82
4,2004-02-28 21:00:00,83,20.57,20.57
4,2004-02-28 22:00:00,74,20.27,20.27
4,2004-02-28 23:00:00,82,20.03,20.03
4,2004-02-29 00:00:00,76,19.74,19.74
4,2004-02-29 01:00:00,81,19.36,19.36
4,2004-02-29 02:00:00,80,19.03,19.03
4,2004-02-29 03:00:00,88,18.77,18.77
4,2004-02-29 04:00:00,90,18.55,18.55
4,2004-02-29 05:00:00,90,18.34,18.34
4,2004-02-29 06:00:00,72,18.18,18.18
4,2004-02-29 07:00:00,86,18.17,18.17
4,2004-02-29 08:00:00,91,18.74,18.74
4,2004-02-29 09:00:00,94,19.91,19.91
4,2004-02-29 10:00:00,86,20.27,20.27
4,2004-02-29 11:00:00,88,20.87,20.87
4,2004-02-29 12:00:00,97,21.0,21.0
4,2004-02-29 13:00:00,88,21.23,21.23
4,2004-02-29 14:00:00,87,21.24,21.24
4,2004-02-29 15:00:00,91,20.85,20.85
4,2004-02-29 16:00:00,86,20.39,20.39
4,2004-02-29 17:00:00,89,20.14,20.14
4,2004-02-29 18:00:00,78,19.9,19.9
4,2004-02-29 19:00:00,77,19.7,19.7
4,2004-02-29 20:00:00,89,19.53,19.53
4,2004-02-29 21:00:00,82,19.44,19.44
4,2004-02-29 22:00:00,84,19.32,19.32
4,2004-02-29 23:00:00,80,19.17,19.17
4,2004-03-01 00:00:00,81,19.03,19.03
4,2004-03-01 01:00:00,73,18.86,18.86
4,2004-03-01 02:00:00,73,18.68,18.68
4,2004-03-01 03:00:00,89,18.67,18.67
4,2004-03-01 04:00:00,83,18.48,18.48
4,2004-03-01 05:00:00,82,18.24,18.24
4,2004-03-01 06:00:00,71,18.18,18.18
4,2004-03-01 07:00:00,88,22.35,22.35
4,2004-03-01 08:00:00,73,23.12,23.12
4,2004-03-01 09:00:00,75,23.69,23.69
4,2004-03-01 10:00:00,91,23.96,23.96
4,2004-03-01 11:00:00,74,24.11,24.11
4,2004-03-01 12:00:00,75,24.72,24.72
4,2004-03-01 13:00:00,79,25.75,25.75
4,2004-03-01 14:00:00,69,26.38,26.38
4,2004-03-01 15:00:00,80,25.95,25.95
4,2004-03-01 16:00:00,76,25.82,25.82
4,2004-03-01 17:00:00,84,26.02,26.02
4,2004-03-01 18:00:00,77,22.46,22.46
4,2004-03-01 19:00:00,58,21.66,21.66
4,2004-03-01 20:00:00,53,21.22,21.22
4,2004-03-01 21:00:00,53,20.82,20.82
4,2004-03-01 22:00:00,50,20.37,20.37
4,2004-03-01 23:00:00,42,20.07,20.07
4,2004-03-02 00:00:00,63,19.69,19.69
4,2004-03-02 01:00:00,68,19.24,19.24
4,2004-03-02 02:00:00,77,18.91,18.91
4,2004-03-02 03:00:00,53,18.73,18.73
4,2004-03-02 04:00:00,50,18.48,18.48
4,2004-03-02 05:00:00,68,18.27,18.27
4,2004-03-02 06:00:00,55,18.18,18.18
4,2004-03-02 07:00:00,51,22.44,22.44
4,2004-03-02 08:00:00,63,24.23,24.23
4,2004-03-02 09:00:00,51,25.39,25.39
4,2004-03-02 10:00:00,62,24.86,24.86
4,2004-03-02 11:00:00,59,23.26,23.26
4,2004-03-02 12:00:00,56,23.7,23.7
4,2004-03-02 13:00:00,60,23.85,23.85
4,2004-03-02 14:00:00,54,23.46,23.46
4,2004-03-02 15:00:00,71,23.04,23.04
4,2004-03-02 16:00:00,50,22.68,22.68
4,2004-03-02 17:00:00,66,21.73,21.73
4,2004-03-02 18:00:00,87,21.53,21.53
4,2004-03-02 19:00:00,75,21.45,21.45
4,2004-03-02 20:00:00,63,21.22,21.22
4,2004-03-02 21:00:00,65,20.96,20.96
4,2004-03-02 22:00:00,64,20.66,20.66
4,2004-03-02 23:00:00,71,20.42,20.42
4,2004-03-03 00:00:00,64,20.24,20.24
4,2004-03-03 01:00:00,59,20.01,20.01
4,2004-03-03 02:00:00,68,19.6,19.6
4,2004-03-03 03:00:00,77,19.26,19.26
4,2004-03-03 04:00:00,59,18.98,18.98
4,2004-03-03 05:00:00,68,18.83,18.83
4,2004-03-03 06:00:00,66,18.9,18.9
4,2004-03-03 07:00:00,60,23.6,23.6
4,2004-03-03 08:00:00,32,25.69,25.69
4,2004-03-03 09:00:00,39,25.28,25.28
4,2004-03-03 10:00:00,59,22.93,22.93
4,2004-03-03 11:00:00,63,21.93,21.93
4,2004-03-03 12:00:00,60,21.48,21.48
4,2004-03-03 13:00:00,53,23.66,23.66
4,2004-03-03 14:00:00,72,23.69,23.69
4,2004-03-03 15:00:00,80,23.82,23.82
4,2004-03-03 16:00:00,73,22.75,22.75
4,2004-03-03 17:00:00,71,22.97,22.97
4,2004-03-03 18:00:00,60,22.74,22.74
4,2004-03-03 19:00:00,65,22.3,22.3
4,2004-03-03 20:00:00,82,22.07,22.07
4,2004-03-03 21:00:00,64,21.99,21.99
4,2004-03-03 22:00:00,71,21.74,21.74
4,2004-03-03 23:00:00,82,21.42,21.42
4,2004-03-04 00:00:00,84,20.98,20.98
4,2004-03-04 01:00:00,73,20.38,20.38
4,2004-03-04 02:00:00,61,19.89,19.89
4,2004-03-04 03:00:00,57,19.53,19.53
4,2004-03-04 04:00:00,77,19.18,19.18
4,2004-03-04 05:00:00,78,18.98,18.98
4,2004-03-04 06:00:00,77,18.89,18.89
4,2004-03-04 07:00:00,51,23.66,23.66
4,2004-03-04 08:00:00,72,24.98,24.98
4,2004-03-04 09:00:00,73,25.82,25.82
4,2004-03-04 10:00:00,78,24.38,24.38
4,2004-03-04 11:00:00,80,23.47,23.47
4,2004-03-04 12:00:00,82,23.32,23.32
4,2004-03-04 13:00:00,79,23.44,23.44
4,2004-03-04 14:00:00,65,22.89,22.89
4,2004-03-04 15:00:00,81,22.22,22.22
4,2004-03-04 16:00:00,66,21.54,21.54
4,2004-03-04 17:00:00,69,21.57,21.57
4,2004-03-04 18:00:00,82,21.79,21.79
4,2004-03-04 19:00:00,80,21.79,21.79
4,2004-03-04 20:00:00,55,21.54,21.54
4,2004-03-04 21:00:00,69,21.28,21.28
4,2004-03-04 22:00:00,65,21.06,21.06
4,2004-03-04 23:00:00,65,20.86,20.86
4,2004-03-05 00:00:00,67,20.72,20.72
4,2004-03-05 01:00:00,58,20.45,20.45
4,2004-03-05 02:00:00,70,20.21,20.21
4,2004-03-05 03:00:00,79,19.97,19.97
4,2004-03-05 04:00:00,84,19.7,19.7
4,2004-03-05 05:00:00,67,19.52,19.52
4,2004-03-05 06:00:00,67,19.5,19.5
4,2004-03-05 07:00:00,61,24.24,24.24
4,2004-03-05 08:00:00,62,25.73,25.73
4,2004-03-05 09:00:00,61,23.27,23.27
4,2004-03-05 10:00:00,66,22.09,22.09
4,2004-03-05 11:00:00,70,21.84,21.84
4,2004-03-05 12:00:00,60,22.01,22.01
4,2004-03-05 13:00:00,61,22.52,22.52
4,2004-03-05 14:00:00,66,22.38,22.38
4,2004-03-05 15:00:00,80,22.16,22.16
4,2004-03-05 16:00:00,71,21.87,21.87
4,2004-03-05 17:00:00,77,21.78,21.78
4,2004-03-05 18:00:00,55,22.01,22.01
4,2004-03-05 19:00:00,64,21.83,21.83
4,2004-03-05 20:00:00,61,21.6,21.6
4,2004-03-05 21:00:00,55,21.37,21.37
4,2004-03-05 22:00:00,65,21.21,21.21
4,2004-03-05 23:00:00,62,21.05,21.05
4,2004-03-06 00:00:00,66,20.77,20.77
4,2004-03-06 01:00:00,45,20.46,20.46
4,2004-03-06 02:00:00,75,20.25,20.25
4,2004-03-06 03:00:00,49,20.14,20.14
4,2004-03-06 04:00:00,67,20.0,20.0
4,2004-03-06 05:00:00,63,19.86,19.86
4,2004-03-06 06:00:00,67,19.62,19.62
4,2004-03-06 07:00:00,46,19.69,19.69
4,2004-03-06 08:00:00,62,20.86,20.86
4,2004-03-06 09:00:00,58,22.42,22.42
4,2004-03-06 10:00:00,62,24.03,24.03
4,2004-03-06 11:00:00,60,25.05,25.05
4,2004-03-06 12:00:00,57,25.77,25.77
4,2004-03-06 13:00:00,65,26.11,26.11
4,2004-03-06 14:00:00,64,25.95,25.95
4,2004-03-06 15:00:00,64,25.87,25.87
4,2004-03-06 16:00:00,62,25.08,25.08
4,2004-03-06 17:00:00,55,24.39,24.39
4,2004-03-06 18:00:00,59,23.53,23.53
4,2004-03-06 19:00:00,45,23.0,23.0
4,2004-03-06 20:00:00,51,22.62,22.62
4,2004-03-06 21:00:00,62,22.32,22.32
4,2004-03-06 22:00:00,81,22.06,22.06
4,2004-03-06 23:00:00,70,21.74,21.74
4,2004-03-07 00:00:00,70,21.5,21.5
4,2004-03-07 01:00:00,61,21.25,21.25
4,2004-03-07 02:00:00,54,20.98,20.98
4,2004-03-07 03:00:00,57,20.81,20.81
4,2004-03-07 04:00:00,58,20.63,20.63
4,2004-03-07 05:00:00,51,20.43,20.43
4,2004-03-07 06:00:00,56,20.25,20.25
4,2004-03-07 07:00:00,51,20.45,20.45
4,2004-03-07 08:00:00,55,21.67,21.67
4,2004-03-07 09:00:00,68,23.51,23.51
4,2004-03-07 10:00:00,62,24.83,24.83
4,2004-03-07 11:00:00,53,25.91,25.91
4,2004-03-07 12:00:00,62,26.64,26.64
4,2004-03-07 13:00:00,67,27.41,27.41
4,2004-03-07 14:00:00,60,27.5,27.5
4,2004-03-07 15:00:00,62,27.3,27.3
4,2004-03-07 16:00:00,60,26.87,26.87
4,2004-03-07 17:00:00,79,26.02,26.02
4,2004-03-07 18:00:00,85,25.03,25.03
4,2004-03-07 19:00:00,92,24.2,24.2
4,2004-03-07 20:00:00,94,23.74,23.74
4,2004-03-07 21:00:00,92,23.4,23.4
4,2004-03-07 22:00:00,94,23.18,23.18
4,2004-03-07 23:00:00,88,22.98,22.98
4,2004-03-08 00:00:00,92,22.74,22.74
4,2004-03-08 01:00:00,87,22.5,22.5
4,2004-03-08 02:00:00,98,22.29,22.29
4,2004-03-08 03:00:00,89,22.08,22.08
4,2004-03-08 04:00:00,97,21.89,21.89
4,2004-03-08 05:00:00,96,21.74,21.74
4,2004-03-08 06:00:00,96,21.66,21.66
4,2004-03-08 07:00:00,89,24.74,24.74
4,2004-03-08 08:00:00,97,22.88,22.88
4,2004-03-08 09:00:00,82,23.62,23.62
4,2004-03-08 10:00:00,68,21.77,21.77
4,2004-03-08 11:00:00,66,21.69,21.69
4,2004-03-08 12:00:00,70,21.73,21.73
4,2004-03-08 13:00:00,71,21.81,21.81
4,2004-03-08 14:00:00,64,21.94,21.94
4,2004-03-08 15:00:00,75,21.76,21.76
4,2004-03-08 16:00:00,74,21.95,21.95
4,2004-03-08 17:00:00,78,22.14,22.14
4,2004-03-08 18:00:00,67,23.49,23.49
4,2004-03-08 19:00:00,82,24.02,24.02
4,2004-03-08 20:00:00,71,23.94,23.94
4,2004-03-08 21:00:00,77,23.65,23.65
4,2004-03-08 22:00:00,67,23.42,23.42
4,2004-03-08 23:00:00,73,23.18,23.18
4,2004-03-09 00:00:00,52,22.96,22.96
4,2004-03-09 01:00:00,66,22.7,22.7
4,2004-03-09 02:00:00,82,22.38,22.38
4,2004-03-09 03:00:00,88,22.1,22.1
4,2004-03-09 04:00:00,75,21.84,21.84
4,2004-03-09 05:00:00,65,21.68,21.68
4,2004-03-09 06:00:00,71,21.62,21.62
4,2004-03-09 07:00:00,65,24.99,24.99
4,2004-03-09 08:00:00,63,24.45,24.45
4,2004-03-09 09:00:00,69,22.33,22.33
4,2004-03-09 10:00:00,73,22.15,22.15
4,2004-03-09 11:00:00,83,21.99,21.99
4,2004-03-09 12:00:00,67,21.63,21.63
4,2004-03-09 13:00:00,85,22.58,22.58
4,2004-03-09 14:00:00,76,21.87,21.87
4,2004-03-09 15:00:00,78,22.0,22.0
4,2004-03-09 16:00:00,84,22.22,22.22
4,2004-03-09 17:00:00,82,22.12,22.12
4,2004-03-09 18:00:00,96,22.54,22.54
4,2004-03-09 19:00:00,99,22.81,22.81
4,2004-03-09 20:00:00,108,22.79,22.79
4,2004-03-09 21:00:00,105,22.62,22.62
4,2004-03-09 22:00:00,102,22.56,22.56
4,2004-03-09 23:00:00,101,22.49,22.49
4,2004-03-10 00:00:00,109,22.4,22.4
4,2004-03-10 01:00:00,104,22.14,22.14
4,2004-03-10 02:00:00,101,21.85,21.85
4,2004-03-10 03:00:00,108,21.78,21.78
4,2004-03-10 04:00:00,106,21.67,21.67
4,2004-03-10 05:00:00,101,21.59,21.59
4,2004-03-10 06:00:00,98,21.61,21.61
4,2004-03-10 07:00:00,103,24.95,24.95
4,2004-03-10 08:00:00,99,24.76,24.76
4,2004-03-10 09:00:00,10,23.9,23.9
4,2004-03-11 09:00:00,52,22.71,22.71
4,2004-03-11 10:00:00,118,22.38,22.38
4,2004-03-11 11:00:00,117,22.13,22.13
4,2004-03-11 12:00:00,116,22.34,22.34
4,2004-03-11 13:00:00,115,22.36,22.36
4,2004-03-11 14:00:00,116,22.39,22.39
4,2004-03-11 15:00:00,117,22.47,22.47
4,2004-03-11 16:00:00,114,22.14,22.14
4,2004-03-11 17:00:00,72,22.23,22.23
4,2004-03-11 18:00:00,59,22.62,22.62
4,2004-03-11 19:00:00,67,22.87,22.87
4,2004-03-11 20:00:00,66,22.73,22.73
4,2004-03-11 21:00:00,56,22.59,22.59
4,2004-03-11 22:00:00,75,22.35,22.35
4,2004-03-11 23:00:00,56,22.07,22.07
4,2004-03-12 00:00:00,61,21.63,21.63
4,2004-03-12 01:00:00,63,21.29,21.29
4,2004-03-12 02:00:00,49,20.98,20.98
4,2004-03-12 03:00:00,61,20.74,20.74
4,2004-03-12 04:00:00,55,20.51,20.51
4,2004-03-12 05:00:00,64,20.25,20.25
4,2004-03-12 06:00:00,65,20.18,20.18
4,2004-03-12 07:00:00,71,21.85,21.85
4,2004-03-12 08:00:00,63,21.96,21.96
4,2004-03-12 09:00:00,54,22.49,22.49
4,2004-03-12 10:00:00,51,23.09,23.09
4,2004-03-12 11:00:00,71,23.16,23.16
4,2004-03-12 12:00:00,80,22.43,22.43
4,2004-03-12 13:00:00,71,22.25,22.25
4,2004-03-12 14:00:00,70,22.36,22.36
4,2004-03-12 15:00:00,71,22.78,22.78
4,2004-03-12 16:00:00,66,22.82,22.82
4,2004-03-12 17:00:00,64,22.19,22.19
4,2004-03-12 18:00:00,49,22.29,22.29
4,2004-03-12 19:00:00,45,22.24,22.24
4,2004-03-12 20:00:00,64,22.0,22.0
4,2004-03-12 21:00:00,65,21.77,21.77
4,2004-03-12 22:00:00,77,21.54,21.54
4,2004-03-12 23:00:00,79,21.31,21.31
4,2004-03-13 00:00:00,84,21.1,21.1
4,2004-03-13 01:00:00,72,20.92,20.92
4,2004-03-13 02:00:00,61,20.8,20.8
4,2004-03-13 03:00:00,53,20.67,20.67
4,2004-03-13 04:00:00,47,20.54,20.54
4,2004-03-13 05:00:00,48,20.39,20.39
4,2004-03-13 06:00:00,72,20.31,20.31
4,2004-03-13 07:00:00,73,20.81,20.81
4,2004-03-13 08:00:00,70,22.3,22.3
4,2004-03-13 09:00:00,68,24.38,24.38
4,2004-03-13 10:00:00,51,26.08,26.08
4,2004-03-13 11:00:00,70,26.94,26.94
4,2004-03-13 12:00:00,84,27.58,27.58
4,2004-03-13 13:00:00,64,27.79,27.79
4,2004-03-13 14:00:00,68,27.58,27.58
4,2004-03-13 15:00:00,69,27.11,27.11
4,2004-03-13 16:00:00,67,26.48,26.48
4,2004-03-13 17:00:00,82,25.4,25.4
4,2004-03-13 18:00:00,64,24.25,24.25
4,2004-03-13 19:00:00,64,23.47,23.47
4,2004-03-13 20:00:00,65,22.89,22.89
4,2004-03-13 21:00:00,68,22.47,22.47
4,2004-03-13 22:00:00,56,22.12,22.12
4,2004-03-13 23:00:00,58,21.84,21.84
4,2004-03-14 00:00:00,68,21.55,21.55
4,2004-03-14 01:00:00,58,21.33,21.33
4,2004-03-14 02:00:00,50,21.1,21.1
4,2004-03-14 03:00:00,50,20.86,20.86
4,2004-03-14 04:00:00,52,20.65,20.65
4,2004-03-14 05:00:00,64,20.43,20.43
4,2004-03-14 06:00:00,54,20.21,20.21
4,2004-03-14 07:00:00,68,20.44,20.44
4,2004-03-14 08:00:00,61,21.81,21.81
4,2004-03-14 09:00:00,73,23.64,23.64
4,2004-03-14 10:00:00,64,25.05,25.05
4,2004-03-14 11:00:00,59,26.19,26.19
4,2004-03-14 12:00:00,68,27.09,27.09
4,2004-03-14 13:00:00,67,27.64,27.64
4,2004-03-14 14:00:00,60,27.69,27.69
4,2004-03-14 15:00:00,53,27.48,27.48
4,2004-03-14 16:00:00,67,26.72,26.72
4,2004-03-14 17:00:00,102,21.1,21.1
4,2004-03-14 18:00:00,103,22.37,22.37
4,2004-03-14 19:00:00,62,23.19,23.19
4,2004-03-14 20:00:00,67,23.69,23.69
4,2004-03-14 21:00:00,56,23.81,23.81
4,2004-03-14 22:00:00,57,23.14,23.14
4,2004-03-14 23:00:00,60,21.64,21.64
4,2004-03-15 00:00:00,62,21.57,21.57
4,2004-03-15 01:00:00,56,21.45,21.45
4,2004-03-15 02:00:00,60,21.39,21.39
4,2004-03-15 03:00:00,66,21.31,21.31
4,2004-03-15 04:00:00,61,21.21,21.21
4,2004-03-15 05:00:00,73,21.14,21.14
4,2004-03-15 06:00:00,62,21.14,21.14
4,2004-03-15 07:00:00,60,24.61,24.61
4,2004-03-15 08:00:00,70,25.09,25.09
4,2004-03-15 09:00:00,54,23.08,23.08
4,2004-03-15 10:00:00,58,21.87,21.87
4,2004-03-15 11:00:00,58,22.26,22.26
4,2004-03-15 12:00:00,66,21.85,21.85
4,2004-03-15 13:00:00,54,21.84,21.84
4,2004-03-15 14:00:00,53,21.72,21.72
4,2004-03-15 15:00:00,50,22.37,22.37
4,2004-03-15 16:00:00,1,24.81,24.81
4,2004-03-16 11:00:00,62,21.75,21.75
4,2004-03-16 12:00:00,63,21.82,21.82
4,2004-03-16 13:00:00,66,21.85,21.85
4,2004-03-16 14:00:00,65,21.86,21.86
4,2004-03-16 15:00:00,68,21.84,21.84
4,2004-03-16 16:00:00,66,21.25,22.17
4,2004-03-16 17:00:00,68,22.61,22.61
4,2004-03-16 18:00:00,72,23.1,23.1
4,2004-03-16 19:00:00,66,23.7,23.7
4,2004-03-16 20:00:00,57,23.76,23.76
4,2004-03-16 21:00:00,55,23.68,23.68
4,2004-03-16 22:00:00,68,23.58,23.58
4,2004-03-16 23:00:00,65,23.48,23.48
4,2004-03-17 00:00:00,63,23.37,23.37
4,2004-03-17 01:00:00,62,23.25,23.25
4,2004-03-17 02:00:00,58,22.91,22.91
4,2004-03-17 03:00:00,70,22.58,22.58
4,2004-03-17 04:00:00,70,22.29,22.29
4,2004-03-17 05:00:00,69,22.11,22.11
4,2004-03-17 06:00:00,75,21.99,21.99
4,2004-03-17 07:00:00,55,21.66,21.66
4,2004-03-17 08:00:00,57,21.49,21.49
4,2004-03-17 09:00:00,62,21.97,21.97
4,2004-03-17 10:00:00,71,22.48,22.48
4,2004-03-17 11:00:00,67,22.03,22.03
4,2004-03-17 12:00:00,63,21.6,21.6
4,2004-03-17 13:00:00,60,21.88,21.88
4,2004-03-17 14:00:00,75,22.08,22.08
4,2004-03-17 15:00:00,75,21.94,21.94
4,2004-03-17 16:00:00,49,22.19,22.19
4,2004-03-17 17:00:00,49,22.34,22.34
4,2004-03-17 18:00:00,60,22.73,22.73
4,2004-03-17 19:00:00,54,23.19,23.19
4,2004-03-17 20:00:00,74,23.13,23.13
4,2004-03-17 21:00:00,66,22.92,22.92
4,2004-03-17 22:00:00,65,22.65,22.65
4,2004-03-17 23:00:00,61,22.37,22.37
4,2004-03-18 00:00:00,59,22.13,22.13
4,2004-03-18 01:00:00,63,21.83,21.83
4,2004-03-18 02:00:00,64,21.54,21.54
4,2004-03-18 03:00:00,63,21.29,21.29
4,2004-03-18 04:00:00,61,21.12,21.12
4,2004-03-18 05:00:00,62,20.9,20.9
4,2004-03-18 06:00:00,71,20.78,20.78
4,2004-03-18 07:00:00,30,20.64,20.64
4,2004-03-18 08:00:00,13,20.53,20.53
4,2004-03-18 09:00:00,14,20.93,20.93
4,2004-03-18 10:00:00,20,21.78,21.78
4,2004-03-18 11:00:00,8,22.02,22.02
4,2004-03-18 12:00:00,21,22.55,22.55
4,2004-03-18 13:00:00,14,22.57,22.57
4,2004-03-18 14:00:00,22,22.16,22.16
4,2004-03-18 15:00:00,24,22.32,22.32
4,2004-03-18 16:00:00,28,22.3,22.3
4,2004-03-18 17:00:00,69,21.74,21.74
4,2004-03-18 18:00:00,61,21.92,21.92
4,2004-03-18 19:00:00,66,22.1,22.1
4,2004-03-18 20:00:00,62,21.93,21.93
4,2004-03-18 21:00:00,62,21.74,21.74
4,2004-03-18 22:00:00,70,21.5,21.5
4,2004-03-18 23:00:00,65,21.25,21.25
4,2004-03-19 00:00:00,64,21.0,21.0
4,2004-03-19 01:00:00,61,20.75,20.75
4,2004-03-19 02:00:00,63,20.41,20.41
4,2004-03-19 03:00:00,48,20.07,20.07
4,2004-03-19 04:00:00,56,19.8,19.8
4,2004-03-19 05:00:00,54,19.67,19.67
4,2004-03-19 06:00:00,53,19.57,19.57
4,2004-03-19 07:00:00,51,19.76,19.76
4,2004-03-19 08:00:00,53,20.29,20.29
4,2004-03-19 09:00:00,60,20.48,20.48
4,2004-03-19 10:00:00,49,22.54,22.54
4,2004-03-19 11:00:00,53,23.39,23.39
4,2004-03-19 12:00:00,51,22.8,22.8
4,2004-03-19 13:00:00,50,22.76,22.76
4,2004-03-19 14:00:00,63,22.71,22.71
4,2004-03-19 15:00:00,81,22.34,22.34
4,2004-03-19 16:00:00,56,22.47,22.47
4,2004-03-19 17:00:00,57,22.39,22.39
4,2004-03-19 18:00:00,27,22.6,22.6
4,2004-03-19 19:00:00,49,22.47,22.47
4,2004-03-19 20:00:00,49,22.27,22.27
4,2004-03-19 21:00:00,61,22.06,22.06
4,2004-03-19 22:00:00,44,21.88,21.88
4,2004-03-19 23:00:00,47,21.77,21.77
4,2004-03-20 00:00:00,63,21.66,21.66
4,2004-03-20 01:00:00,61,21.55,21.55
4,2004-03-20 02:00:00,43,21.48,21.48
4,2004-03-20 03:00:00,32,21.45,21.45
4,2004-03-20 04:00:00,44,21.45,21.45
4,2004-03-20 05:00:00,49,21.52,21.52
4,2004-03-20 06:00:00,42,21.66,21.66
4,2004-03-20 07:00:00,46,22.22,22.22
4,2004-03-20 08:00:00,54,23.55,23.55
4,2004-03-20 09:00:00,66,25.24,25.24
4,2004-03-20 10:00:00,50,26.44,26.44
4,2004-03-20 11:00:00,53,27.23,27.23
4,2004-03-20 12:00:00,41,27.95,27.95
4,2004-03-20 13:00:00,58,28.33,28.33
4,2004-03-20 14:00:00,48,28.25,28.25
4,2004-03-20 15:00:00,63,27.84,27.84
4,2004-03-20 16:00:00,65,27.03,27.03
4,2004-03-20 17:00:00,52,26.14,26.14
4,2004-03-20 18:00:00,59,25.6,25.6
4,2004-03-20 19:00:00,56,25.52,25.52
4,2004-03-20 20:00:00,52,25.65,25.65
4,2004-03-20 21:00:00,56,26.09,26.09
4,2004-03-20 22:00:00,50,26.78,26.78
4,2004-03-20 23:00:00,52,27.68,27.68
4,2004-03-21 00:00:00,55,28.8,28.8
4,2004-03-21 01:00:00,54,30.32,30.32
4,2004-03-21 02:00:00,46,32.11,32.11
4,2004-03-21 03:00:00,58,34.27,34.27
4,2004-03-21 04:00:00,53,36.7,36.7
4,2004-03-21 05:00:00,45,39.76,39.76
4,2004-03-21 06:00:00,40,42.77,42.77
4,2004-03-21 07:00:00,57,47.06,46.82
4,2004-03-21 08:00:00,57,51.51,49.5
4,2004-03-21 09:00:00,49,56.02,
4,2004-03-21 10:00:00,46,60.34,
4,2004-03-21 11:00:00,51,61.05,
4,2004-03-21 12:00:00,52,57.68,
4,2004-03-21 13:00:00,52,57.04,
4,2004-03-21 14:00:00,64,57.59,
4,2004-03-21 15:00:00,40,60.74,
4,2004-03-21 16:00:00,46,65.52,
4,2004-03-21 17:00:00,25,72.63,
4,2004-03-21 18:00:00,53,81.21,
4,2004-03-21 19:00:00,34,90.5,
4,2004-03-21 20:00:00,41,100.66,
4,2004-03-21 21:00:00,30,110.96,
4,2004-03-21 22:00:00,24,120.8,
4,2004-03-21 23:00:00,29,122.15,
4,2004-03-22 00:00:00,41,122.15,
4,2004-03-22 01:00:00,36,122.15,
4,2004-03-22 02:00:00,29,122.15,
4,2004-03-22 03:00:00,31,122.15,
4,2004-03-22 04:00:00,29,122.15,
4,2004-03-22 05:00:00,30,122.15,
4,2004-03-22 06:00:00,42,122.15,
4,2004-03-22 07:00:00,35,122.15,
4,2004-03-22 08:00:00,36,122.15,
4,2004-03-22 09:00:00,27,122.15,
4,2004-03-22 10:00:00,17,122.15,
4,2004-03-22 11:00:00,19,122.15,
4,2004-03-22 12:00:00,21,122.15,
4,2004-03-22 13:00:00,20,122.15,
4,2004-03-22 14:00:00,22,122.15,
4,2004-03-22 15:00:00,21,122.15,
4,2004-03-22 16:00:00,8,122.15,
4,2004-03-22 17:00:00,23,122.15,
4,2004-03-22 18:00:00,28,122.15,
4,2004-03-22 19:00:00,26,122.15,
4,2004-03-22 20:00:00,29,122.15,
4,2004-03-22 21:00:00,22,122.15,
4,2004-03-22 22:00:00,21,122.15,
4,2004-03-22 23:00:00,18,122.15,
4,2004-03-23 00:00:00,26,122.15,
4,2004-03-23 01:00:00,55,122.15,
4,2004-03-23 02:00:00,49,122.15,
4,2004-03-23 03:00:00,59,122.15,
4,2004-03-23 04:00:00,75,122.15,
4,2004-03-23 05:00:00,71,122.15,
4,2004-03-23 06:00:00,55,122.15,
4,2004-03-23 07:00:00,64,122.15,
4,2004-03-23 08:00:00,63,122.15,
4,2004-03-23 09:00:00,50,122.15,
4,2004-03-23 10:00:00,70,122.15,
4,2004-03-23 11:00:00,62,122.15,
4,2004-03-23 12:00:00,56,122.15,
4,2004-03-23 13:00:00,67,122.15,
4,2004-03-23 14:00:00,85,122.15,
4,2004-03-23 15:00:00,86,122.15,
4,2004-03-23 16:00:00,83,122.15,
4,2004-03-23 17:00:00,83,122.15,
4,2004-03-23 18:00:00,95,122.15,
4,2004-03-23 19:00:00,97,122.15,
4,2004-03-23 20:00:00,96,122.15,
4,2004-03-23 21:00:00,101,122.15,
4,2004-03-23 22:00:00,93,122.15,
4,2004-03-23 23:00:00,105,122.15,
4,2004-03-24 00:00:00,92,122.15,
4,2004-03-24 01:00:00,55,122.15,
4,2004-03-24 02:00:00,15,122.15,
4,2004-03-24 03:00:00,11,122.15,
4,2004-03-24 04:00:00,18,122.15,
4,2004-03-24 05:00:00,15,122.15,
4,2004-03-24 06:00:00,6,122.15,
4,2004-03-24 07:00:00,11,122.15,
4,2004-03-24 08:00:00,14,122.15,
4,2004-03-24 09:00:00,43,122.15,
4,2004-03-24 10:00:00,61,122.15,
4,2004-03-24 11:00:00,56,122.15,
4,2004-03-24 12:00:00,53,122.15,
4,2004-03-24 13:00:00,40,122.15,
4,2004-03-24 14:00:00,41,122.15,
4,2004-03-24 15:00:00,48,122.15,
4,2004-03-24 16:00:00,50,122.15,
4,2004-03-24 17:00:00,32,122.15,
4,2004-03-24 18:00:00,48,122.15,
4,2004-03-24 19:00:00,46,122.15,
4,2004-03-24 20:00:00,62,122.15,
4,2004-03-24 21:00:00,43,122.15,
4,2004-03-24 22:00:00,44,122.15,
4,2004-03-24 23:00:00,38,122.15,
4,2004-03-25 00:00:00,43,122.15,
4,2004-03-25 01:00:00,49,122.15,
4,2004-03-25 02:00:00,42,122.15,
4,2004-03-25 03:00:00,35,122.15,
4,2004-03-25 04:00:00,29,122.15,
4,2004-03-25 05:00:00,39,122.15,
4,2004-03-25 06:00:00,33,122.15,
4,2004-03-25 07:00:00,39,122.15,
4,2004-03-25 08:00:00,35,122.15,
4,2004-03-25 09:00:00,31,122.15,
4,2004-03-25 10:00:00,31,122.15,
4,2004-03-25 11:00:00,76,122.15,
4,2004-03-25 12:00:00,42,122.15,
4,2004-03-25 13:00:00,52,122.15,
4,2004-03-25 14:00:00,41,122.15,
4,2004-03-25 15:00:00,42,122.15,
4,2004-03-25 16:00:00,27,122.15,
4,2004-03-25 17:00:00,43,122.15,
4,2004-03-25 18:00:00,62,122.15,
4,2004-03-25 19:00:00,66,122.15,
4,2004-03-25 20:00:00,68,122.15,
4,2004-03-25 21:00:00,66,122.15,
4,2004-03-25 22:00:00,52,122.15,
4,2004-03-25 23:00:00,55,122.15,
4,2004-03-26 00:00:00,53,122.15,
4,2004-03-26 01:00:00,61,122.15,
4,2004-03-26 02:00:00,54,122.15,
4,2004-03-26 03:00:00,58,122.15,
4,2004-03-26 04:00:00,42,122.15,
4,2004-03-26 05:00:00,55,122.15,
4,2004-03-26 06:00:00,50,122.15,
4,2004-03-26 07:00:00,52,122.15,
4,2004-03-26 08:00:00,45,122.15,
4,2004-03-26 09:00:00,40,122.15,
4,2004-03-26 10:00:00,54,122.15,
4,2004-03-26 11:00:00,49,122.15,
4,2004-03-26 12:00:00,44,122.15,
4,2004-03-26 13:00:00,37,122.15,
4,2004-03-26 14:00:00,47,122.15,
4,2004-03-26 15:00:00,42,122.15,
4,2004-03-26 16:00:00,41,122.15,
4,2004-03-26 17:00:00,50,122.15,
4,2004-03-26 18:00:00,64,122.15,
4,2004-03-26 19:00:00,56,122.15,
4,2004-03-26 20:00:00,52,122.15,
4,2004-03-26 21:00:00,46,122.15,
4,2004-03-26 22:00:00,65,122.15,
4,2004-03-26 23:00:00,46,122.15,
4,2004-03-27 00:00:00,55,122.15,
4,2004-03-27 01:00:00,46,122.15,
4,2004-03-27 02:00:00,40,122.15,
4,2004-03-27 03:00:00,49,122.15,
4,2004-03-27 04:00:00,37,122.15,
4,2004-03-27 05:00:00,39,122.15,
4,2004-03-27 06:00:00,51,122.15,
4,2004-03-27 07:00:00,51,122.15,
4,2004-03-27 08:00:00,37,122.15,
4,2004-03-27 09:00:00,17,122.15,
4,2004-03-27 10:00:00,22,122.15,
4,2004-03-27 11:00:00,54,122.15,
4,2004-03-27 12:00:00,43,122.15,
4,2004-03-27 13:00:00,50,122.15,
4,2004-03-27 14:00:00,50,122.15,
4,2004-03-27 15:00:00,41,122.15,
4,2004-03-27 16:00:00,52,122.15,
4,2004-03-27 17:00:00,51,122.15,
4,2004-03-27 18:00:00,49,122.15,
4,2004-03-27 19:00:00,54,122.15,
4,2004-03-27 20:00:00,55,122.15,
4,2004-03-27 21:00:00,51,122.15,
4,2004-03-27 22:00:00,57,122.15,
4,2004-03-27 23:00:00,59,122.15,
4,2004-03-28 00:00:00,52,122.15,
4,2004-03-28 01:00:00,59,122.15,
4,2004-03-28 02:00:00,48,122.15,
4,2004-03-28 03:00:00,46,122.15,
4,2004-03-28 04:00:00,42,122.15,
4,2004-03-28 05:00:00,57,122.15,
4,2004-03-28 06:00:00,63,122.15,
4,2004-03-28 07:00:00,61,122.15,
4,2004-03-28 08:00:00,75,122.15,
4,2004-03-28 09:00:00,75,122.15,
4,2004-03-28 10:00:00,77,122.15,
4,2004-03-28 11:00:00,77,122.15,
4,2004-03-28 12:00:00,68,122.15,
4,2004-03-28 13:00:00,89,122.15,
4,2004-03-28 14:00:00,87,122.15,
4,2004-03-28 15:00:00,69,122.15,
4,2004-03-28 16:00:00,78,122.15,
4,2004-03-28 17:00:00,62,122.15,
4,2004-03-28 18:00:00,71,122.15,
4,2004-03-28 19:00:00,69,122.15,
4,2004-03-28 20:00:00,79,122.15,
4,2004-03-28 21:00:00,76,122.15,
4,2004-03-28 22:00:00,65,122.15,
4,2004-03-28 23:00:00,80,122.15,
4,2004-03-29 00:00:00,76,122.15,
4,2004-03-29 01:00:00,71,122.15,
4,2004-03-29 02:00:00,86,122.15,
4,2004-03-29 03:00:00,48,122.15,
4,2004-03-29 04:00:00,58,122.15,
4,2004-03-29 05:00:00,42,122.15,
4,2004-03-29 06:00:00,42,122.15,
4,2004-03-29 07:00:00,38,122.15,
4,2004-03-29 08:00:00,44,122.15,
4,2004-03-29 09:00:00,39,122.15,
4,2004-03-29 10:00:00,36,122.15,
4,2004-03-29 11:00:00,41,122.15,
4,2004-03-29 12:00:00,46,122.15,
4,2004-03-29 13:00:00,48,122.15,
4,2004-03-29 14:00:00,32,122.15,
4,2004-03-29 15:00:00,44,122.15,
4,2004-03-29 16:00:00,48,122.15,
4,2004-03-29 17:00:00,46,122.15,
4,2004-03-29 18:00:00,44,122.15,
4,2004-03-29 19:00:00,41,122.15,
4,2004-03-29 20:00:00,35,122.15,
4,2004-03-29 21:00:00,36,122.15,
4,2004-03-29 22:00:00,37,122.15,
4,2004-03-29 23:00:00,52,122.15,
4,2004-03-30 00:00:00,51,122.15,
4,2004-03-30 01:00:00,36,122.15,
4,2004-03-30 02:00:00,37,122.15,
4,2004-03-30 03:00:00,45,122.15,
4,2004-03-30 04:00:00,41,122.15,
4,2004-03-30 05:00:00,42,122.15,
4,2004-03-30 06:00:00,26,122.15,
4,2004-03-30 07:00:00,33,122.15,
6,2004-02-28 00:00:00,1,20.42,20.42
6,2004-02-28 01:00:00,26,19.27,19.27
6,2004-02-28 02:00:00,41,18.99,18.99
6,2004-02-28 03:00:00,46,18.72,18.72
6,2004-02-28 04:00:00,33,18.36,18.36
6,2004-02-28 05:00:00,50,18.1,18.1
6,2004-02-28 06:00:00,48,17.88,17.88
6,2004-02-28 07:00:00,48,18.07,18.07
6,2004-02-28 08:00:00,81,18.6,18.6
6,2004-02-28 09:00:00,52,19.83,19.83
6,2004-02-28 10:00:00,59,21.29,21.29
6,2004-02-28 11:00:00,45,22.18,22.18
6,2004-02-28 12:00:00,62,22.72,22.72
6,2004-02-28 13:00:00,42,23.23,23.23
6,2004-02-28 14:00:00,51,23.21,23.21
6,2004-02-28 15:00:00,48,22.7,22.7
6,2004-02-28 16:00:00,47,22.11,22.11
6,2004-02-28 17:00:00,43,21.54,21.54
6,2004-02-28 18:00:00,54,21.06,21.06
6,2004-02-28 19:00:00,50,20.72,20.72
6,2004-02-28 20:00:00,39,20.5,20.5
6,2004-02-28 21:00:00,51,20.24,20.24
6,2004-02-28 22:00:00,42,19.9,19.9
6,2004-02-28 23:00:00,53,19.63,19.63
6,2004-02-29 00:00:00,49,19.31,19.31
6,2004-02-29 01:00:00,66,18.91,18.91
6,2004-02-29 02:00:00,57,18.6,18.6
6,2004-02-29 03:00:00,52,18.31,18.31
6,2004-02-29 04:00:00,58,18.1,18.1
6,2004-02-29 05:00:00,53,17.89,17.89
6,2004-02-29 06:00:00,53,17.76,17.76
6,2004-02-29 07:00:00,41,17.76,17.76
6,2004-02-29 08:00:00,45,18.31,18.31
6,2004-02-29 09:00:00,44,19.33,19.33
6,2004-02-29 10:00:00,56,19.72,19.72
6,2004-02-29 11:00:00,57,20.21,20.21
6,2004-02-29 12:00:00,61,20.43,20.43
6,2004-02-29 13:00:00,70,20.63,20.63
6,2004-02-29 14:00:00,50,20.75,20.75
6,2004-02-29 15:00:00,55,20.38,20.38
6,2004-02-29 16:00:00,65,19.99,19.99
6,2004-02-29 17:00:00,47,19.78,19.78
6,2004-02-29 18:00:00,46,19.49,19.49
6,2004-02-29 19:00:00,49,19.27,19.27
6,2004-02-29 20:00:00,35,19.11,19.11
6,2004-02-29 21:00:00,44,18.98,18.98
6,2004-02-29 22:00:00,39,18.87,18.87
6,2004-02-29 23:00:00,48,18.73,18.73
6,2004-03-01 00:00:00,46,18.59,18.59
6,2004-03-01 01:00:00,41,18.38,18.38
6,2004-03-01 02:00:00,54,18.21,18.21
6,2004-03-01 03:00:00,46,18.22,18.22
6,2004-03-01 04:00:00,36,18.02,18.02
6,2004-03-01 05:00:00,44,17.81,17.81
6,2004-03-01 06:00:00,53,17.75,17.75
6,2004-03-01 07:00:00,52,20.96,20.96
6,2004-03-01 08:00:00,51,21.82,21.82
6,2004-03-01 09:00:00,47,22.35,22.35
6,2004-03-01 10:00:00,42,22.8,22.8
6,2004-03-01 11:00:00,54,23.12,23.12
6,2004-03-01 12:00:00,53,23.57,23.57
6,2004-03-01 13:00:00,42,24.31,24.31
6,2004-03-01 14:00:00,50,24.95,24.95
6,2004-03-01 15:00:00,57,24.59,24.59
6,2004-03-01 16:00:00,62,24.39,24.39
6,2004-03-01 17:00:00,63,24.39,24.39
6,2004-03-01 18:00:00,69,21.8,21.8
6,2004-03-01 19:00:00,64,21.19,21.19
6,2004-03-01 20:00:00,73,20.78,20.78
6,2004-03-01 21:00:00,79,20.41,20.41
6,2004-03-01 22:00:00,79,19.97,19.97
6,2004-03-01 23:00:00,82,19.7,19.7
6,2004-03-02 00:00:00,73,19.28,19.28
6,2004-03-02 01:00:00,75,18.83,18.83
6,2004-03-02 02:00:00,72,18.53,18.53
6,2004-03-02 03:00:00,70,18.36,18.36
6,2004-03-02 04:00:00,75,18.14,18.14
6,2004-03-02 05:00:00,81,17.94,17.94
6,2004-03-02 06:00:00,72,17.89,17.89
6,2004-03-02 07:00:00,85,21.16,21.16
6,2004-03-02 08:00:00,81,23.07,23.07
6,2004-03-02 09:00:00,54,23.52,23.52
6,2004-03-02 10:00:00,57,23.24,23.24
6,2004-03-02 11:00:00,69,22.72,22.72
6,2004-03-02 12:00:00,76,23.08,23.08
6,2004-03-02 13:00:00,72,23.17,23.17
6,2004-03-02 14:00:00,65,22.9,22.9
6,2004-03-02 15:00:00,71,22.54,22.54
6,2004-03-02 16:00:00,56,22.18,22.18
6,2004-03-02 17:00:00,48,21.22,21.22
6,2004-03-02 18:00:00,69,21.07,21.07
6,2004-03-02 19:00:00,50,21.06,21.06
6,2004-03-02 20:00:00,58,20.84,20.84
6,2004-03-02 21:00:00,69,20.62,20.62
6,2004-03-02 22:00:00,67,20.33,20.33
6,2004-03-02 23:00:00,60,20.13,20.13
6,2004-03-03 00:00:00,64,19.97,19.97
6,2004-03-03 01:00:00,58,19.75,19.75
6,2004-03-03 02:00:00,62,19.27,19.27
6,2004-03-03 03:00:00,62,18.92,18.92
6,2004-03-03 04:00:00,67,18.63,18.63
6,2004-03-03 05:00:00,71,18.54,18.54
6,2004-03-03 06:00:00,55,18.68,18.68
6,2004-03-03 07:00:00,58,22.68,22.68
6,2004-03-03 08:00:00,54,24.28,24.28
6,2004-03-03 09:00:00,44,24.67,24.67
6,2004-03-03 10:00:00,50,23.85,23.85
6,2004-03-03 11:00:00,69,22.54,22.54
6,2004-03-03 12:00:00,59,22.11,22.11
6,2004-03-03 13:00:00,28,23.77,23.77
6,2004-03-03 14:00:00,53,24.04,24.04
6,2004-03-03 15:00:00,59,24.39,24.39
6,2004-03-03 16:00:00,45,23.0,23.0
6,2004-03-03 17:00:00,19,23.5,23.5
6,2004-03-03 18:00:00,42,22.44,22.44
6,2004-03-03 19:00:00,47,22.02,22.02
6,2004-03-03 20:00:00,37,21.84,21.84
6,2004-03-03 21:00:00,29,21.76,21.76
6,2004-03-03 22:00:00,31,21.46,21.46
6,2004-03-03 23:00:00,36,21.05,21.05
6,2004-03-04 00:00:00,25,20.61,20.61
6,2004-03-04 01:00:00,26,20.03,20.03
6,2004-03-04 02:00:00,37,19.59,19.59
6,2004-03-04 03:00:00,29,19.22,19.22
6,2004-03-04 04:00:00,44,18.91,18.91
6,2004-03-04 05:00:00,32,18.73,18.73
6,2004-03-04 06:00:00,41,18.7,18.7
6,2004-03-04 07:00:00,38,22.13,22.13
6,2004-03-04 08:00:00,39,23.42,23.42
6,2004-03-04 09:00:00,54,23.95,23.95
6,2004-03-04 10:00:00,47,23.93,23.93
6,2004-03-04 11:00:00,46,23.76,23.76
6,2004-03-04 12:00:00,51,23.71,23.71
6,2004-03-04 13:00:00,48,23.47,23.47
6,2004-03-04 14:00:00,60,22.94,22.94
6,2004-03-04 15:00:00,63,22.43,22.43
6,2004-03-04 16:00:00,52,21.75,21.75
6,2004-03-04 17:00:00,66,21.21,21.21
6,2004-03-04 18:00:00,55,21.27,21.27
6,2004-03-04 19:00:00,60,21.29,21.29
6,2004-03-04 20:00:00,51,21.03,21.03
6,2004-03-04 21:00:00,52,20.84,20.84
6,2004-03-04 22:00:00,58,20.68,20.68
6,2004-03-04 23:00:00,58,20.46,20.46
6,2004-03-05 00:00:00,60,20.27,20.27
6,2004-03-05 01:00:00,62,20.0,20.0
6,2004-03-05 02:00:00,59,19.75,19.75
6,2004-03-05 03:00:00,55,19.45,19.45
6,2004-03-05 04:00:00,56,19.15,19.15
6,2004-03-05 05:00:00,64,19.0,19.0
6,2004-03-05 06:00:00,62,19.03,19.03
6,2004-03-05 07:00:00,56,23.18,23.18
6,2004-03-05 08:00:00,61,24.25,24.25
6,2004-03-05 09:00:00,63,23.57,23.57
6,2004-03-05 10:00:00,70,22.67,22.67
6,2004-03-05 11:00:00,68,22.0,22.0
6,2004-03-05 12:00:00,60,21.99,21.99
6,2004-03-05 13:00:00,66,22.52,22.52
6,2004-03-05 14:00:00,67,22.56,22.56
6,2004-03-05 15:00:00,64,22.29,22.29
6,2004-03-05 16:00:00,54,21.99,21.99
6,2004-03-05 17:00:00,74,21.67,21.67
6,2004-03-05 18:00:00,56,21.56,21.56
6,2004-03-05 19:00:00,63,21.45,21.45
6,2004-03-05 20:00:00,66,21.22,21.22
6,2004-03-05 21:00:00,62,20.91,20.91
6,2004-03-05 22:00:00,61,20.69,20.69
6,2004-03-05 23:00:00,58,20.52,20.52
6,2004-03-06 00:00:00,71,20.25,20.25
6,2004-03-06 01:00:00,53,19.94,19.94
6,2004-03-06 02:00:00,61,19.77,19.77
6,2004-03-06 03:00:00,60,19.69,19.69
6,2004-03-06 04:00:00,67,19.57,19.57
6,2004-03-06 05:00:00,60,19.43,19.43
6,2004-03-06 06:00:00,70,19.2,19.2
6,2004-03-06 07:00:00,64,19.25,19.25
6,2004-03-06 08:00:00,51,20.29,20.29
6,2004-03-06 09:00:00,57,21.58,21.58
6,2004-03-06 10:00:00,81,22.89,22.89
6,2004-03-06 11:00:00,50,23.95,23.95
6,2004-03-06 12:00:00,58,24.62,24.62
6,2004-03-06 13:00:00,64,25.02,25.02
6,2004-03-06 14:00:00,65,25.18,25.18
6,2004-03-06 15:00:00,64,25.22,25.22
6,2004-03-06 16:00:00,58,24.59,24.59
6,2004-03-06 17:00:00,66,23.94,23.94
6,2004-03-06 18:00:00,42,23.21,23.21
6,2004-03-06 19:00:00,53,22.64,22.64
6,2004-03-06 20:00:00,59,22.31,22.31
6,2004-03-06 21:00:00,56,21.98,21.98
6,2004-03-06 22:00:00,64,21.72,21.72
6,2004-03-06 23:00:00,60,21.32,21.32
6,2004-03-07 00:00:00,70,21.04,21.04
6,2004-03-07 01:00:00,43,20.81,20.81
6,2004-03-07 02:00:00,63,20.49,20.49
6,2004-03-07 03:00:00,68,20.34,20.34
6,2004-03-07 04:00:00,61,20.13,20.13
6,2004-03-07 05:00:00,57,19.93,19.93
6,2004-03-07 06:00:00,56,19.73,19.73
6,2004-03-07 07:00:00,64,19.93,19.93
6,2004-03-07 08:00:00,56,21.09,21.09
6,2004-03-07 09:00:00,52,22.37,22.37
6,2004-03-07 10:00:00,60,23.6,23.6
6,2004-03-07 11:00:00,60,24.51,24.51
6,2004-03-07 12:00:00,38,25.29,25.29
6,2004-03-07 13:00:00,45,26.02,26.02
6,2004-03-07 14:00:00,69,26.47,26.47
6,2004-03-07 15:00:00,54,26.34,26.34
6,2004-03-07 16:00:00,57,25.99,25.99
6,2004-03-07 17:00:00,54,25.26,25.26
6,2004-03-07 18:00:00,75,24.37,24.37
6,2004-03-07 19:00:00,85,23.7,23.7
6,2004-03-07 20:00:00,89,23.3,23.3
6,2004-03-07 21:00:00,100,22.98,22.98
6,2004-03-07 22:00:00,78,22.75,22.75
6,2004-03-07 23:00:00,91,22.58,22.58
6,2004-03-08 00:00:00,84,22.32,22.32
6,2004-03-08 01:00:00,89,22.07,22.07
6,2004-03-08 02:00:00,81,21.88,21.88
6,2004-03-08 03:00:00,84,21.65,21.65
6,2004-03-08 04:00:00,96,21.45,21.45
6,2004-03-08 05:00:00,86,21.24,21.24
6,2004-03-08 06:00:00,81,21.17,21.17
6,2004-03-08 07:00:00,88,23.95,23.95
6,2004-03-08 08:00:00,83,23.52,23.52
6,2004-03-08 09:00:00,60,23.55,23.55
6,2004-03-08 10:00:00,61,22.27,22.27
6,2004-03-08 11:00:00,62,22.06,22.06
6,2004-03-08 12:00:00,54,21.94,21.94
6,2004-03-08 13:00:00,62,21.96,21.96
6,2004-03-08 14:00:00,54,21.86,21.86
6,2004-03-08 15:00:00,54,21.71,21.71
6,2004-03-08 16:00:00,66,21.75,21.75
6,2004-03-08 17:00:00,67,21.68,21.68
6,2004-03-08 18:00:00,75,22.88,22.88
6,2004-03-08 19:00:00,52,23.51,23.51
6,2004-03-08 20:00:00,43,23.52,23.52
6,2004-03-08 21:00:00,52,23.34,23.34
6,2004-03-08 22:00:00,60,23.11,23.11
6,2004-03-08 23:00:00,65,22.87,22.87
6,2004-03-09 00:00:00,62,22.67,22.67
6,2004-03-09 01:00:00,77,22.38,22.38
6,2004-03-09 02:00:00,56,22.02,22.02
6,2004-03-09 03:00:00,45,21.76,21.76
6,2004-03-09 04:00:00,77,21.42,21.42
6,2004-03-09 05:00:00,69,21.25,21.25
6,2004-03-09 06:00:00,50,21.2,21.2
6,2004-03-09 07:00:00,54,23.64,23.64
6,2004-03-09 08:00:00,67,23.87,23.87
6,2004-03-09 09:00:00,49,22.09,22.09
6,2004-03-09 10:00:00,70,21.77,21.77
6,2004-03-09 11:00:00,73,22.16,22.16
6,2004-03-09 12:00:00,67,21.88,21.88
6,2004-03-09 13:00:00,60,22.31,22.31
6,2004-03-09 14:00:00,56,21.77,21.77
6,2004-03-09 15:00:00,63,21.68,21.68
6,2004-03-09 16:00:00,56,21.72,21.72
6,2004-03-09 17:00:00,57,21.39,21.39
6,2004-03-09 18:00:00,69,21.9,21.9
6,2004-03-09 19:00:00,78,22.29,22.29
6,2004-03-09 20:00:00,78,22.35,22.35
6,2004-03-09 21:00:00,87,22.27,22.27
6,2004-03-09 22:00:00,86,22.2,22.2
6,2004-03-09 23:00:00,81,22.13,22.13
6,2004-03-10 00:00:00,88,22.07,22.07
6,2004-03-10 01:00:00,91,21.81,21.81
6,2004-03-10 02:00:00,81,21.5,21.5
6,2004-03-10 03:00:00,88,21.41,21.41
6,2004-03-10 04:00:00,91,21.33,21.33
6,2004-03-10 05:00:00,85,21.24,21.24
6,2004-03-10 06:00:00,85,21.28,21.28
6,2004-03-10 07:00:00,62,23.65,23.65
6,2004-03-10 08:00:00,86,24.0,24.0
6,2004-03-10 09:00:00,8,24.13,24.13
6,2004-03-11 09:00:00,49,23.22,23.22
6,2004-03-11 10:00:00,119,22.34,22.34
6,2004-03-11 11:00:00,116,22.37,22.37
6,2004-03-11 12:00:00,113,22.35,22.35
6,2004-03-11 13:00:00,106,22.43,22.43
6,2004-03-11 14:00:00,107,22.39,22.39
6,2004-03-11 15:00:00,115,22.3,22.3
6,2004-03-11 16:00:00,118,22.0,22.0
6,2004-03-11 17:00:00,59,21.44,21.44
6,2004-03-11 18:00:00,75,21.88,21.88
6,2004-03-11 19:00:00,57,22.35,22.35
6,2004-03-11 20:00:00,75,22.34,22.34
6,2004-03-11 21:00:00,67,22.18,22.18
6,2004-03-11 22:00:00,60,21.92,21.92
6,2004-03-11 23:00:00,56,21.64,21.64
6,2004-03-12 00:00:00,69,21.18,21.18
6,2004-03-12 01:00:00,67,20.78,20.78
6,2004-03-12 02:00:00,58,20.43,20.43
6,2004-03-12 03:00:00,66,20.15,20.15
6,2004-03-12 04:00:00,60,19.91,19.91
6,2004-03-12 05:00:00,65,19.69,19.69
6,2004-03-12 06:00:00,73,19.71,19.71
6,2004-03-12 07:00:00,72,20.87,20.87
6,2004-03-12 08:00:00,73,20.78,20.78
6,2004-03-12 09:00:00,74,21.54,21.54
6,2004-03-12 10:00:00,69,21.99,21.99
6,2004-03-12 11:00:00,71,22.45,22.45
6,2004-03-12 12:00:00,67,22.21,22.21
6,2004-03-12 13:00:00,69,21.99,21.99
6,2004-03-12 14:00:00,72,21.84,21.84
6,2004-03-12 15:00:00,72,22.07,22.07
6,2004-03-12 16:00:00,67,22.05,22.05
6,2004-03-12 17:00:00,64,21.43,21.43
6,2004-03-12 18:00:00,60,21.66,21.66
6,2004-03-12 19:00:00,66,21.67,21.67
6,2004-03-12 20:00:00,65,21.54,21.54
6,2004-03-12 21:00:00,67,21.4,21.4
6,2004-03-12 22:00:00,82,21.13,21.13
6,2004-03-12 23:00:00,50,20.82,20.82
6,2004-03-13 00:00:00,64,20.58,20.58
6,2004-03-13 01:00:00,67,20.39,20.39
6,2004-03-13 02:00:00,62,20.24,20.24
6,2004-03-13 03:00:00,52,20.05,20.05
6,2004-03-13 04:00:00,46,19.91,19.91
6,2004-03-13 05:00:00,59,19.79,19.79
6,2004-03-13 06:00:00,64,19.71,19.71
6,2004-03-13 07:00:00,59,20.29,20.29
6,2004-03-13 08:00:00,50,21.53,21.53
6,2004-03-13 09:00:00,65,22.92,22.92
6,2004-03-13 10:00:00,52,24.5,24.5
6,2004-03-13 11:00:00,55,25.57,25.57
6,2004-03-13 12:00:00,67,26.09,26.09
6,2004-03-13 13:00:00,59,26.47,26.47
6,2004-03-13 14:00:00,62,26.54,26.54
6,2004-03-13 15:00:00,70,26.07,26.07
6,2004-03-13 16:00:00,55,25.49,25.49
6,2004-03-13 17:00:00,71,24.56,24.56
6,2004-03-13 18:00:00,60,23.71,23.71
6,2004-03-13 19:00:00,66,22.98,22.98
6,2004-03-13 20:00:00,70,22.48,22.48
6,2004-03-13 21:00:00,76,22.04,22.04
6,2004-03-13 22:00:00,85,21.62,21.62
6,2004-03-13 23:00:00,64,21.35,21.35
6,2004-03-14 00:00:00,58,21.08,21.08
6,2004-03-14 01:00:00,49,20.84,20.84
6,2004-03-14 02:00:00,59,20.5,20.5
6,2004-03-14 03:00:00,60,20.22,20.22
6,2004-03-14 04:00:00,65,19.99,19.99
6,2004-03-14 05:00:00,67,19.73,19.73
6,2004-03-14 06:00:00,65,19.55,19.55
6,2004-03-14 07:00:00,66,19.82,19.82
6,2004-03-14 08:00:00,55,21.19,21.19
6,2004-03-14 09:00:00,69,22.5,22.5
6,2004-03-14 10:00:00,67,23.82,23.82
6,2004-03-14 11:00:00,69,24.79,24.79
6,2004-03-14 12:00:00,56,25.67,25.67
6,2004-03-14 13:00:00,64,26.31,26.31
6,2004-03-14 14:00:00,49,26.61,26.61
6,2004-03-14 15:00:00,70,26.41,26.41
6,2004-03-14 16:00:00,81,25.85,25.85
6,2004-03-14 17:00:00,72,21.69,21.69
6,2004-03-14 18:00:00,62,21.72,21.72
6,2004-03-14 19:00:00,52,22.62,22.62
6,2004-03-14 20:00:00,35,22.89,22.89
6,2004-03-14 21:00:00,42,22.23,22.23
6,2004-03-14 22:00:00,37,21.62,21.62
6,2004-03-14 23:00:00,28,20.95,20.95
6,2004-03-15 00:00:00,30,20.99,20.99
6,2004-03-15 01:00:00,27,20.95,20.95
6,2004-03-15 02:00:00,33,20.93,20.93
6,2004-03-15 03:00:00,41,20.85,20.85
6,2004-03-15 04:00:00,24,20.75,20.75
6,2004-03-15 05:00:00,20,20.68,20.68
6,2004-03-15 06:00:00,27,20.68,20.68
6,2004-03-15 07:00:00,32,23.2,23.2
6,2004-03-15 08:00:00,39,23.78,23.78
6,2004-03-15 09:00:00,32,23.51,23.51
6,2004-03-15 10:00:00,42,21.82,21.82
6,2004-03-15 11:00:00,35,21.96,21.96
6,2004-03-15 12:00:00,32,22.18,22.18
6,2004-03-15 13:00:00,31,22.14,22.14
6,2004-03-15 14:00:00,31,21.85,21.85
6,2004-03-15 15:00:00,19,21.65,21.65
6,2004-03-16 11:00:00,36,21.95,21.95
6,2004-03-16 12:00:00,44,22.03,22.03
6,2004-03-16 13:00:00,58,21.92,21.92
6,2004-03-16 14:00:00,57,21.71,21.71
6,2004-03-16 15:00:00,53,21.61,21.61
6,2004-03-16 16:00:00,66,21.66,21.66
6,2004-03-16 17:00:00,54,21.88,21.88
6,2004-03-16 18:00:00,66,22.29,22.29
6,2004-03-16 19:00:00,77,23.03,23.03
6,2004-03-16 20:00:00,55,23.17,23.17
6,2004-03-16 21:00:00,46,23.13,23.13
6,2004-03-16 22:00:00,47,23.07,23.07
6,2004-03-16 23:00:00,63,22.98,22.98
6,2004-03-17 00:00:00,49,22.86,22.86
6,2004-03-17 01:00:00,63,22.72,22.72
6,2004-03-17 02:00:00,60,22.44,22.44
6,2004-03-17 03:00:00,69,22.06,22.06
6,2004-03-17 04:00:00,55,21.77,21.77
6,2004-03-17 05:00:00,73,21.59,21.59
6,2004-03-17 06:00:00,45,21.47,21.47
6,2004-03-17 07:00:00,54,21.26,21.26
6,2004-03-17 08:00:00,61,20.73,20.73
6,2004-03-17 09:00:00,57,21.25,21.25
6,2004-03-17 10:00:00,69,21.85,21.85
6,2004-03-17 11:00:00,77,22.16,22.16
6,2004-03-17 12:00:00,47,21.81,21.81
6,2004-03-17 13:00:00,68,21.85,21.85
6,2004-03-17 14:00:00,63,21.83,21.83
6,2004-03-17 15:00:00,77,21.66,21.66
6,2004-03-17 16:00:00,72,21.66,21.66
6,2004-03-17 17:00:00,70,21.56,21.56
6,2004-03-17 18:00:00,57,22.09,22.09
6,2004-03-17 19:00:00,50,22.65,22.65
6,2004-03-17 20:00:00,55,22.64,22.64
6,2004-03-17 21:00:00,56,22.43,22.43
6,2004-03-17 22:00:00,56,22.24,22.24
6,2004-03-17 23:00:00,48,21.99,21.99
6,2004-03-18 00:00:00,67,21.78,21.78
6,2004-03-18 01:00:00,59,21.48,21.48
6,2004-03-18 02:00:00,68,21.2,21.2
6,2004-03-18 03:00:00,67,21.07,21.07
6,2004-03-18 04:00:00,52,20.97,20.97
6,2004-03-18 05:00:00,56,20.86,20.86
6,2004-03-18 06:00:00,67,20.91,20.91
6,2004-03-18 07:00:00,20,20.95,20.95
6,2004-03-18 08:00:00,8,20.74,20.74
6,2004-03-18 09:00:00,7,21.34,21.34
6,2004-03-18 10:00:00,6,22.12,22.12
6,2004-03-18 11:00:00,11,22.46,22.46
6,2004-03-18 12:00:00,3,23.06,23.06
6,2004-03-18 13:00:00,10,23.26,23.26
6,2004-03-18 14:00:00,7,23.16,23.16
6,2004-03-18 15:00:00,14,23.33,23.33
6,2004-03-18 16:00:00,23,23.65,23.65
6,2004-03-18 17:00:00,35,23.43,23.43
6,2004-03-18 18:00:00,35,24.0,24.0
6,2004-03-18 19:00:00,25,24.47,24.47
6,2004-03-18 20:00:00,22,24.84,24.84
6,2004-03-18 21:00:00,21,25.23,25.23
6,2004-03-18 22:00:00,33,25.78,25.78
6,2004-03-18 23:00:00,35,26.49,26.49
6,2004-03-19 00:00:00,41,27.48,27.48
6,2004-03-19 01:00:00,29,28.77,28.77
6,2004-03-19 02:00:00,30,30.16,30.16
6,2004-03-19 03:00:00,33,32.66,32.66
6,2004-03-19 04:00:00,27,34.58,34.58
6,2004-03-19 05:00:00,28,38.15,38.15
6,2004-03-19 06:00:00,28,41.46,41.46
6,2004-03-19 07:00:00,30,44.92,44.92
6,2004-03-19 08:00:00,55,48.39,48.39
6,2004-03-19 09:00:00,39,51.4,49.85
6,2004-03-19 10:00:00,44,52.9,
6,2004-03-19 11:00:00,45,50.89,
6,2004-03-19 12:00:00,46,51.04,
6,2004-03-19 13:00:00,32,52.66,
6,2004-03-19 14:00:00,43,55.23,
6,2004-03-19 15:00:00,36,58.42,
6,2004-03-19 16:00:00,40,62.35,
6,2004-03-19 17:00:00,19,68.5,
6,2004-03-19 18:00:00,24,74.05,
6,2004-03-19 19:00:00,31,79.5,
6,2004-03-19 20:00:00,49,85.42,
6,2004-03-19 21:00:00,36,92.58,
6,2004-03-19 22:00:00,40,101.49,
6,2004-03-19 23:00:00,49,110.51,
6,2004-03-20 00:00:00,40,119.98,
6,2004-03-20 01:00:00,31,122.15,
6,2004-03-20 02:00:00,32,122.15,
6,2004-03-20 03:00:00,24,122.15,
6,2004-03-20 04:00:00,35,122.15,
6,2004-03-20 05:00:00,23,122.15,
6,2004-03-20 06:00:00,29,122.15,
6,2004-03-20 07:00:00,24,122.15,
6,2004-03-20 08:00:00,32,122.15,
6,2004-03-20 09:00:00,31,122.15,
6,2004-03-20 10:00:00,41,122.15,
6,2004-03-20 11:00:00,29,122.15,
6,2004-03-20 12:00:00,30,122.15,
6,2004-03-20 13:00:00,23,122.15,
6,2004-03-20 14:00:00,30,122.15,
6,2004-03-20 15:00:00,34,122.15,
6,2004-03-20 16:00:00,28,122.15,
6,2004-03-20 17:00:00,39,122.15,
6,2004-03-20 18:00:00,20,122.15,
6,2004-03-20 19:00:00,38,122.15,
6,2004-03-20 20:00:00,28,122.15,
6,2004-03-20 21:00:00,30,122.15,
6,2004-03-20 22:00:00,46,122.15,
6,2004-03-20 23:00:00,34,122.15,
6,2004-03-21 00:00:00,32,122.15,
6,2004-03-21 01:00:00,29,122.15,
6,2004-03-21 02:00:00,38,122.15,
6,2004-03-21 03:00:00,26,122.15,
6,2004-03-21 04:00:00,17,122.15,
6,2004-03-21 05:00:00,35,122.15,
6,2004-03-21 06:00:00,23,122.15,
6,2004-03-21 07:00:00,24,122.15,
6,2004-03-21 08:00:00,27,122.15,
6,2004-03-21 09:00:00,43,122.15,
6,2004-03-21 10:00:00,35,122.15,
6,2004-03-21 11:00:00,13,122.15,
6,2004-03-21 12:00:00,30,122.15,
6,2004-03-21 13:00:00,28,122.15,
6,2004-03-21 14:00:00,48,122.15,
6,2004-03-21 15:00:00,51,122.15,
6,2004-03-21 16:00:00,43,122.15,
6,2004-03-21 17:00:00,43,122.15,
6,2004-03-21 18:00:00,45,122.15,
6,2004-03-21 19:00:00,20,122.15,
6,2004-03-21 20:00:00,12,122.15,
6,2004-03-21 21:00:00,22,122.15,
6,2004-03-21 22:00:00,35,122.15,
6,2004-03-21 23:00:00,40,122.15,
6,2004-03-22 00:00:00,32,122.15,
6,2004-03-22 01:00:00,28,122.15,
6,2004-03-22 02:00:00,10,122.15,
6,2004-03-22 03:00:00,24,122.15,
6,2004-03-22 04:00:00,14,122.15,
6,2004-03-22 05:00:00,21,122.15,
6,2004-03-22 06:00:00,15,122.15,
6,2004-03-22 07:00:00,22,122.15,
6,2004-03-22 08:00:00,26,122.15,
6,2004-03-22 09:00:00,23,122.15,
6,2004-03-22 10:00:00,17,122.15,
6,2004-03-22 11:00:00,26,122.15,
6,2004-03-22 12:00:00,28,122.15,
6,2004-03-22 13:00:00,26,122.15,
6,2004-03-22 14:00:00,12,122.15,
6,2004-03-22 15:00:00,21,122.15,
6,2004-03-22 16:00:00,24,122.15,
6,2004-03-22 17:00:00,19,122.15,
6,2004-03-22 18:00:00,15,122.15,
6,2004-03-22 19:00:00,12,122.15,
6,2004-03-22 20:00:00,22,122.15,
6,2004-03-22 21:00:00,31,122.15,
6,2004-03-22 22:00:00,14,122.15,
6,2004-03-22 23:00:00,23,101.21,1.73
6,2004-03-23 00:00:00,36,45.22,1.73
6,2004-03-23 01:00:00,54,53.02,1.73
6,2004-03-23 02:00:00,42,50.47,1.73
6,2004-03-23 03:00:00,45,49.9,1.73
6,2004-03-23 04:00:00,33,41.87,1.73
6,2004-03-23 05:00:00,43,26.94,1.73
6,2004-03-23 06:00:00,41,45.79,1.73
6,2004-03-23 07:00:00,28,49.04,1.73
6,2004-03-23 08:00:00,27,28.49,1.73
6,2004-03-23 09:00:00,58,55.71,1.73
6,2004-03-23 10:00:00,45,47.22,1.73
6,2004-03-23 11:00:00,59,42.55,1.73
6,2004-03-23 12:00:00,54,28.49,1.73
6,2004-03-23 13:00:00,58,41.18,1.73
6,2004-03-23 14:00:00,76,54.02,1.73
6,2004-03-23 15:00:00,80,67.96,1.73
6,2004-03-23 16:00:00,80,64.95,1.73
6,2004-03-23 17:00:00,78,57.31,1.73
6,2004-03-23 18:00:00,73,59.47,1.73
6,2004-03-23 19:00:00,70,53.34,1.73
6,2004-03-23 20:00:00,74,60.31,1.73
6,2004-03-23 21:00:00,68,51.32,1.73
6,2004-03-23 22:00:00,79,52.03,1.73
6,2004-03-23 23:00:00,82,47.26,1.73
6,2004-03-24 00:00:00,83,38.0,1.73
6,2004-03-24 01:00:00,49,55.8,1.73
6,2004-03-24 02:00:00,14,10.33,1.73
6,2004-03-24 03:00:00,18,15.11,1.73
6,2004-03-24 04:00:00,17,30.07,1.73
6,2004-03-24 05:00:00,31,48.35,1.73
6,2004-03-24 06:00:00,19,27.08,1.73
6,2004-03-24 07:00:00,18,21.8,1.73
6,2004-03-24 08:00:00,20,25.82,1.73
6,2004-03-24 09:00:00,50,57.13,1.73
6,2004-03-24 10:00:00,35,49.9,1.73
6,2004-03-24 11:00:00,55,45.52,1.73
6,2004-03-24 12:00:00,37,47.3,1.73
6,2004-03-24 13:00:00,56,46.89,1.73
6,2004-03-24 14:00:00,47,58.1,1.73
6,2004-03-24 15:00:00,50,37.86,1.73
6,2004-03-24 16:00:00,42,44.74,1.73
6,2004-03-24 17:00:00,28,40.44,1.73
6,2004-03-24 18:00:00,29,51.56,1.73
6,2004-03-24 19:00:00,44,31.84,1.73
6,2004-03-24 20:00:00,31,44.46,1.73
6,2004-03-24 21:00:00,35,32.7,1.73
6,2004-03-24 22:00:00,32,46.89,1.73
6,2004-03-24 23:00:00,28,40.44,1.73
6,2004-03-25 00:00:00,26,38.78,1.73
6,2004-03-25 01:00:00,22,34.57,1.73
6,2004-03-25 02:00:00,21,41.87,1.73
6,2004-03-25 03:00:00,22,1.73,1.73
6,2004-03-25 04:00:00,31,21.15,1.73
6,2004-03-25 05:00:00,19,46.1,1.73
6,2004-03-25 06:00:00,22,45.52,1.73
6,2004-03-25 07:00:00,24,56.92,1.73
6,2004-03-25 08:00:00,34,26.52,1.73
6,2004-03-25 09:00:00,26,34.15,1.73
6,2004-03-25 10:00:00,34,51.32,1.73
6,2004-03-25 11:00:00,34,33.61,1.73
6,2004-03-25 12:00:00,33,49.17,1.73
6,2004-03-25 13:00:00,35,46.46,1.73
6,2004-03-25 14:00:00,27,50.79,1.73
6,2004-03-25 15:00:00,38,49.27,1.73
6,2004-03-25 16:00:00,48,41.87,1.73
6,2004-03-25 17:00:00,50,40.27,1.73
6,2004-03-25 18:00:00,29,76.48,1.73
6,2004-03-25 19:00:00,40,58.93,1.73
6,2004-03-25 20:00:00,35,49.9,1.73
6,2004-03-25 21:00:00,38,49.27,1.73
6,2004-03-25 22:00:00,28,40.44,1.73
6,2004-03-25 23:00:00,29,43.26,1.73
6,2004-03-26 00:00:00,41,13.48,1.73
6,2004-03-26 01:00:00,53,1.73,1.73
6,2004-03-26 02:00:00,53,1.73,1.73
6,2004-03-26 03:00:00,42,1.73,1.73
6,2004-03-26 04:00:00,32,1.73,1.73
6,2004-03-26 05:00:00,37,1.73,1.73
6,2004-03-26 06:00:00,42,1.73,1.73
6,2004-03-26 07:00:00,33,1.73,1.73
6,2004-03-26 08:00:00,37,1.73,1.73
6,2004-03-26 09:00:00,34,1.73,1.73
6,2004-03-26 10:00:00,39,1.73,1.73
6,2004-03-26 11:00:00,31,1.73,1.73
6,2004-03-26 12:00:00,33,1.73,1.73
6,2004-03-26 13:00:00,33,1.73,1.73
6,2004-03-26 14:00:00,20,1.73,1.73
6,2004-03-26 15:00:00,30,1.73,1.73
6,2004-03-26 16:00:00,53,1.73,1.73
6,2004-03-26 17:00:00,48,1.73,1.73
6,2004-03-26 18:00:00,38,1.73,1.73
6,2004-03-26 19:00:00,48,1.73,1.73
6,2004-03-26 20:00:00,40,1.73,1.73
6,2004-03-26 21:00:00,38,1.73,1.73
6,2004-03-26 22:00:00,40,1.73,1.73
6,2004-03-26 23:00:00,32,1.73,1.73
6,2004-03-27 00:00:00,38,1.73,1.73
6,2004-03-27 01:00:00,36,1.73,1.73
6,2004-03-27 02:00:00,40,1.73,1.73
6,2004-03-27 03:00:00,22,1.73,1.73
6,2004-03-27 04:00:00,40,1.73,1.73
6,2004-03-27 05:00:00,35,1.73,1.73
6,2004-03-27 06:00:00,45,1.73,1.73
6,2004-03-27 07:00:00,32,1.73,1.73
6,2004-03-27 08:00:00,33,1.73,1.73
6,2004-03-27 09:00:00,33,1.73,1.73
6,2004-03-27 10:00:00,48,1.73,1.73
6,2004-03-27 11:00:00,49,1.73,1.73
6,2004-03-27 12:00:00,48,1.73,1.73
6,2004-03-27 13:00:00,55,1.73,1.73
6,2004-03-27 14:00:00,47,1.73,1.73
6,2004-03-27 15:00:00,64,1.73,1.73
6,2004-03-27 16:00:00,45,1.73,1.73
6,2004-03-27 17:00:00,49,1.73,1.73
6,2004-03-27 18:00:00,51,1.73,1.73
6,2004-03-27 19:00:00,48,1.73,1.73
6,2004-03-27 20:00:00,59,1.73,1.73
6,2004-03-27 21:00:00,60,1.73,1.73
6,2004-03-27 22:00:00,63,1.73,1.73
6,2004-03-27 23:00:00,55,1.73,1.73
6,2004-03-28 00:00:00,55,1.73,1.73
6,2004-03-28 01:00:00,52,1.73,1.73
6,2004-03-28 02:00:00,59,1.73,1.73
6,2004-03-28 03:00:00,57,1.73,1.73
6,2004-03-28 04:00:00,59,1.73,1.73
6,2004-03-28 05:00:00,60,1.73,1.73
6,2004-03-28 06:00:00,33,1.73,1.73
6,2004-03-28 07:00:00,53,1.73,1.73
6,2004-03-28 08:00:00,75,1.73,1.73
6,2004-03-28 09:00:00,78,1.73,1.73
6,2004-03-28 10:00:00,75,1.73,1.73
6,2004-03-28 11:00:00,78,1.73,1.73
6,2004-03-28 12:00:00,63,1.73,1.73
6,2004-03-28 13:00:00,54,1.73,1.73
6,2004-03-28 14:00:00,76,1.73,1.73
6,2004-03-28 15:00:00,66,1.73,1.73
6,2004-03-28 16:00:00,67,1.73,1.73
6,2004-03-28 17:00:00,79,1.73,1.73
6,2004-03-28 18:00:00,68,1.73,1.73
6,2004-03-28 19:00:00,67,1.73,1.73
6,2004-03-28 20:00:00,75,1.73,1.73
6,2004-03-28 21:00:00,66,1.73,1.73
6,2004-03-28 22:00:00,71,1.73,1.73
6,2004-03-28 23:00:00,78,1.73,1.73
6,2004-03-29 00:00:00,73,1.73,1.73
6,2004-03-29 01:00:00,75,1.73,1.73
6,2004-03-29 02:00:00,74,1.73,1.73
6,2004-03-29 03:00:00,54,1.73,1.73
6,2004-03-29 04:00:00,48,1.73,1.73
6,2004-03-29 05:00:00,48,-3.87,1.63
6,2004-03-29 06:00:00,39,-30.86,
6,2004-03-29 07:00:00,45,-38.3,
6,2004-03-29 08:00:00,41,-36.83,
6,2004-03-29 09:00:00,38,-9.52,1.35
6,2004-03-29 10:00:00,45,1.69,1.69
6,2004-03-29 11:00:00,33,-10.01,
6,2004-03-29 12:00:00,44,-13.67,
6,2004-03-29 13:00:00,43,-31.68,
6,2004-03-29 14:00:00,45,-38.4,
6,2004-03-29 15:00:00,35,-38.4,
6,2004-03-29 16:00:00,42,-38.4,
6,2004-03-29 17:00:00,3,-38.4,
7,2004-02-28 01:00:00,86,19.26,19.26
7,2004-02-28 02:00:00,106,18.97,18.97
7,2004-02-28 03:00:00,102,18.68,18.68
7,2004-02-28 04:00:00,104,18.36,18.36
7,2004-02-28 05:00:00,97,18.07,18.07
7,2004-02-28 06:00:00,102,17.85,17.85
7,2004-02-28 07:00:00,96,18.07,18.07
7,2004-02-28 08:00:00,95,18.53,18.53
7,2004-02-28 09:00:00,102,19.89,19.89
7,2004-02-28 10:00:00,101,21.28,21.28
7,2004-02-28 11:00:00,101,22.12,22.12
7,2004-02-28 12:00:00,96,22.64,22.64
7,2004-02-28 13:00:00,101,23.09,23.09
7,2004-02-28 14:00:00,105,22.97,22.97
7,2004-02-28 15:00:00,104,22.58,22.58
7,2004-02-28 16:00:00,96,21.95,21.95
7,2004-02-28 17:00:00,103,21.51,21.51
7,2004-02-28 18:00:00,102,21.05,21.05
7,2004-02-28 19:00:00,105,20.7,20.7
7,2004-02-28 20:00:00,104,20.52,20.52
7,2004-02-28 21:00:00,105,20.27,20.27
7,2004-02-28 22:00:00,104,19.94,19.94
7,2004-02-28 23:00:00,102,19.68,19.68
7,2004-02-29 00:00:00,103,19.36,19.36
7,2004-02-29 01:00:00,103,18.99,18.99
7,2004-02-29 02:00:00,101,18.66,18.66
7,2004-02-29 03:00:00,108,18.39,18.39
7,2004-02-29 04:00:00,103,18.18,18.18
7,2004-02-29 05:00:00,103,17.97,17.97
7,2004-02-29 06:00:00,97,17.94,17.94
7,2004-02-29 07:00:00,105,17.84,17.84
7,2004-02-29 08:00:00,101,18.31,18.31
7,2004-02-29 09:00:00,100,19.27,19.27
7,2004-02-29 10:00:00,102,19.7,19.7
7,2004-02-29 11:00:00,105,20.24,20.24
7,2004-02-29 12:00:00,99,20.45,20.45
7,2004-02-29 13:00:00,100,20.71,20.71
7,2004-02-29 14:00:00,105,20.78,20.78
7,2004-02-29 15:00:00,97,20.48,20.48
7,2004-02-29 16:00:00,95,20.03,20.03
7,2004-02-29 17:00:00,95,19.8,19.8
7,2004-02-29 18:00:00,100,19.52,19.52
7,2004-02-29 19:00:00,102,19.31,19.31
7,2004-02-29 20:00:00,94,19.15,19.15
7,2004-02-29 21:00:00,107,19.04,19.04
7,2004-02-29 22:00:00,103,18.92,18.92
7,2004-02-29 23:00:00,97,18.77,18.77
7,2004-03-01 00:00:00,105,18.63,18.63
7,2004-03-01 01:00:00,99,18.46,18.46
7,2004-03-01 02:00:00,102,18.29,18.29
7,2004-03-01 03:00:00,108,18.42,18.42
7,2004-03-01 04:00:00,102,18.21,18.21
7,2004-03-01 05:00:00,103,17.95,17.95
7,2004-03-01 06:00:00,101,18.03,18.03
7,2004-03-01 07:00:00,99,21.45,21.45
7,2004-03-01 08:00:00,96,22.46,22.46
7,2004-03-01 09:00:00,90,23.03,23.03
7,2004-03-01 10:00:00,102,23.53,23.53
7,2004-03-01 11:00:00,91,23.98,23.98
7,2004-03-01 12:00:00,92,24.76,24.76
7,2004-03-01 13:00:00,105,25.37,25.37
7,2004-03-01 14:00:00,104,25.93,25.93
7,2004-03-01 15:00:00,100,25.68,25.68
7,2004-03-01 16:00:00,98,25.61,25.61
7,2004-03-01 17:00:00,101,25.65,25.65
7,2004-03-01 18:00:00,103,22.23,22.23
7,2004-03-01 19:00:00,105,21.29,21.29
7,2004-03-01 20:00:00,101,20.72,20.72
7,2004-03-01 21:00:00,105,20.4,20.4
7,2004-03-01 22:00:00,103,19.98,19.98
7,2004-03-01 23:00:00,110,19.7,19.7
7,2004-03-02 00:00:00,108,19.28,19.28
7,2004-03-02 01:00:00,103,18.84,18.84
7,2004-03-02 02:00:00,101,18.52,18.52
7,2004-03-02 03:00:00,108,18.43,18.43
7,2004-03-02 04:00:00,96,18.22,18.22
7,2004-03-02 05:00:00,111,18.05,18.05
7,2004-03-02 06:00:00,103,17.98,17.98
7,2004-03-02 07:00:00,98,22.0,22.0
7,2004-03-02 08:00:00,99,23.83,23.83
7,2004-03-02 09:00:00,94,24.15,24.15
7,2004-03-02 10:00:00,96,23.98,23.98
7,2004-03-02 11:00:00,97,22.88,22.88
7,2004-03-02 12:00:00,99,23.27,23.27
7,2004-03-02 13:00:00,90,23.39,23.39
7,2004-03-02 14:00:00,99,22.94,22.94
7,2004-03-02 15:00:00,96,22.51,22.51
7,2004-03-02 16:00:00,78,22.32,22.32
7,2004-03-02 17:00:00,97,21.49,21.49
7,2004-03-02 18:00:00,129,21.06,21.06
7,2004-03-02 19:00:00,102,20.91,20.91
7,2004-03-02 20:00:00,106,20.78,20.78
7,2004-03-02 21:00:00,95,20.56,20.56
7,2004-03-02 22:00:00,102,20.29,20.29
7,2004-03-02 23:00:00,108,20.08,20.08
7,2004-03-03 00:00:00,108,19.88,19.88
7,2004-03-03 01:00:00,100,19.68,19.68
7,2004-03-03 02:00:00,100,19.24,19.24
7,2004-03-03 03:00:00,99,18.87,18.87
7,2004-03-03 04:00:00,101,18.58,18.58
7,2004-03-03 05:00:00,100,18.5,18.5
7,2004-03-03 06:00:00,98,18.67,18.67
7,2004-03-03 07:00:00,102,23.31,23.31
7,2004-03-03 08:00:00,89,24.87,24.87
7,2004-03-03 09:00:00,97,25.17,25.17
7,2004-03-03 10:00:00,105,23.2,23.2
7,2004-03-03 11:00:00,95,21.93,21.93
7,2004-03-03 12:00:00,95,21.55,21.55
7,2004-03-03 13:00:00,92,23.56,23.56
7,2004-03-03 14:00:00,96,23.75,23.75
7,2004-03-03 15:00:00,95,24.1,24.1
7,2004-03-03 16:00:00,101,22.87,22.87
7,2004-03-03 17:00:00,93,23.26,23.26
7,2004-03-03 18:00:00,106,22.58,22.58
7,2004-03-03 19:00:00,106,22.06,22.06
7,2004-03-03 20:00:00,107,21.88,21.88
7,2004-03-03 21:00:00,100,21.79,21.79
7,2004-03-03 22:00:00,99,21.53,21.53
7,2004-03-03 23:00:00,101,21.17,21.17
7,2004-03-04 00:00:00,96,20.67,20.67
7,2004-03-04 01:00:00,105,20.06,20.06
7,2004-03-04 02:00:00,98,19.53,19.53
7,2004-03-04 03:00:00,105,19.22,19.22
7,2004-03-04 04:00:00,103,18.89,18.89
7,2004-03-04 05:00:00,96,18.73,18.73
7,2004-03-04 06:00:00,98,18.71,18.71
7,2004-03-04 07:00:00,101,23.03,23.03
7,2004-03-04 08:00:00,89,24.16,24.16
7,2004-03-04 09:00:00,79,24.7,24.7
7,2004-03-04 10:00:00,97,23.92,23.92
7,2004-03-04 11:00:00,96,23.35,23.35
7,2004-03-04 12:00:00,110,22.41,22.41
7,2004-03-04 13:00:00,96,22.81,22.81
7,2004-03-04 14:00:00,114,22.47,22.47
7,2004-03-04 15:00:00,96,21.91,21.91
7,2004-03-04 16:00:00,97,21.44,21.44
7,2004-03-04 17:00:00,101,21.33,21.33
7,2004-03-04 18:00:00,101,21.37,21.37
7,2004-03-04 19:00:00,97,21.36,21.36
7,2004-03-04 20:00:00,104,21.09,21.09
7,2004-03-04 21:00:00,108,20.85,20.85
7,2004-03-04 22:00:00,97,20.65,20.65
7,2004-03-04 23:00:00,102,20.45,20.45
7,2004-03-05 00:00:00,103,20.25,20.25
7,2004-03-05 01:00:00,105,19.99,19.99
7,2004-03-05 02:00:00,108,19.77,19.77
7,2004-03-05 03:00:00,105,19.5,19.5
7,2004-03-05 04:00:00,113,19.22,19.22
7,2004-03-05 05:00:00,104,19.08,19.08
7,2004-03-05 06:00:00,96,19.07,19.07
7,2004-03-05 07:00:00,103,24.01,24.01
7,2004-03-05 08:00:00,92,24.85,24.85
7,2004-03-05 09:00:00,96,23.48,23.48
7,2004-03-05 10:00:00,104,22.02,22.02
7,2004-03-05 11:00:00,97,21.6,21.6
7,2004-03-05 12:00:00,107,21.74,21.74
7,2004-03-05 13:00:00,100,21.98,21.98
7,2004-03-05 14:00:00,106,21.98,21.98
7,2004-03-05 15:00:00,111,21.72,21.72
7,2004-03-05 16:00:00,104,21.58,21.58
7,2004-03-05 17:00:00,101,21.55,21.55
7,2004-03-05 18:00:00,101,21.71,21.71
7,2004-03-05 19:00:00,100,21.51,21.51
7,2004-03-05 20:00:00,96,21.27,21.27
7,2004-03-05 21:00:00,103,20.97,20.97
7,2004-03-05 22:00:00,107,20.78,20.78
7,2004-03-05 23:00:00,91,20.62,20.62
7,2004-03-06 00:00:00,101,20.35,20.35
7,2004-03-06 01:00:00,100,20.05,20.05
7,2004-03-06 02:00:00,95,19.85,19.85
7,2004-03-06 03:00:00,95,19.73,19.73
7,2004-03-06 04:00:00,102,19.61,19.61
7,2004-03-06 05:00:00,97,19.46,19.46
7,2004-03-06 06:00:00,99,19.24,19.24
7,2004-03-06 07:00:00,98,19.29,19.29
7,2004-03-06 08:00:00,101,20.25,20.25
7,2004-03-06 09:00:00,100,21.64,21.64
7,2004-03-06 10:00:00,106,23.03,23.03
7,2004-03-06 11:00:00,93,24.0,24.0
7,2004-03-06 12:00:00,95,24.68,24.68
7,2004-03-06 13:00:00,77,25.07,25.07
7,2004-03-06 14:00:00,90,25.06,25.06
7,2004-03-06 15:00:00,84,25.02,25.02
7,2004-03-06 16:00:00,87,24.51,24.51
7,2004-03-06 17:00:00,92,23.92,23.92
7,2004-03-06 18:00:00,80,23.23,23.23
7,2004-03-06 19:00:00,85,22.67,22.67
7,2004-03-06 20:00:00,82,22.31,22.31
7,2004-03-06 21:00:00,93,22.0,22.0
7,2004-03-06 22:00:00,94,21.69,21.69
7,2004-03-06 23:00:00,96,21.34,21.34
7,2004-03-07 00:00:00,109,21.06,21.06
7,2004-03-07 01:00:00,105,20.82,20.82
7,2004-03-07 02:00:00,103,20.52,20.52
7,2004-03-07 03:00:00,107,20.35,20.35
7,2004-03-07 04:00:00,101,20.14,20.14
7,2004-03-07 05:00:00,103,19.95,19.95
7,2004-03-07 06:00:00,98,19.78,19.78
7,2004-03-07 07:00:00,93,19.94,19.94
7,2004-03-07 08:00:00,99,21.1,21.1
7,2004-03-07 09:00:00,103,22.51,22.51
7,2004-03-07 10:00:00,96,23.74,23.74
7,2004-03-07 11:00:00,87,24.75,24.75
7,2004-03-07 12:00:00,87,25.46,25.46
7,2004-03-07 13:00:00,78,26.12,26.12
7,2004-03-07 14:00:00,80,26.34,26.34
7,2004-03-07 15:00:00,85,26.23,26.23
7,2004-03-07 16:00:00,92,25.97,25.97
7,2004-03-07 17:00:00,91,25.33,25.33
7,2004-03-07 18:00:00,106,24.52,24.52
7,2004-03-07 19:00:00,109,23.83,23.83
7,2004-03-07 20:00:00,106,23.37,23.37
7,2004-03-07 21:00:00,112,23.04,23.04
7,2004-03-07 22:00:00,108,22.81,22.81
7,2004-03-07 23:00:00,107,22.62,22.62
7,2004-03-08 00:00:00,111,22.37,22.37
7,2004-03-08 01:00:00,105,22.12,22.12
7,2004-03-08 02:00:00,105,21.89,21.89
7,2004-03-08 03:00:00,101,21.68,21.68
7,2004-03-08 04:00:00,114,21.48,21.48
7,2004-03-08 05:00:00,107,21.29,21.29
7,2004-03-08 06:00:00,106,21.21,21.21
7,2004-03-08 07:00:00,102,24.27,24.27
7,2004-03-08 08:00:00,108,22.9,22.9
7,2004-03-08 09:00:00,104,23.1,23.1
7,2004-03-08 10:00:00,95,21.68,21.68
7,2004-03-08 11:00:00,103,21.18,21.18
7,2004-03-08 12:00:00,96,21.45,21.45
7,2004-03-08 13:00:00,100,21.5,21.5
7,2004-03-08 14:00:00,104,21.6,21.6
7,2004-03-08 15:00:00,99,21.56,21.56
7,2004-03-08 16:00:00,105,21.7,21.7
7,2004-03-08 17:00:00,112,21.86,21.86
7,2004-03-08 18:00:00,104,22.94,22.94
7,2004-03-08 19:00:00,104,23.56,23.56
7,2004-03-08 20:00:00,103,23.56,23.56
7,2004-03-08 21:00:00,95,23.37,23.37
7,2004-03-08 22:00:00,103,23.17,23.17
7,2004-03-08 23:00:00,104,22.97,22.97
7,2004-03-09 00:00:00,106,22.76,22.76
7,2004-03-09 01:00:00,107,22.5,22.5
7,2004-03-09 02:00:00,107,22.11,22.11
7,2004-03-09 03:00:00,100,21.79,21.79
7,2004-03-09 04:00:00,104,21.48,21.48
7,2004-03-09 05:00:00,102,21.3,21.3
7,2004-03-09 06:00:00,102,21.23,21.23
7,2004-03-09 07:00:00,100,24.35,24.35
7,2004-03-09 08:00:00,98,24.6,24.6
7,2004-03-09 09:00:00,97,22.2,22.2
7,2004-03-09 10:00:00,97,21.82,21.82
7,2004-03-09 11:00:00,94,21.59,21.59
7,2004-03-09 12:00:00,99,21.29,21.29
7,2004-03-09 13:00:00,106,22.09,22.09
7,2004-03-09 14:00:00,111,21.54,21.54
7,2004-03-09 15:00:00,106,21.74,21.74
7,2004-03-09 16:00:00,109,21.89,21.89
7,2004-03-09 17:00:00,108,21.98,21.98
7,2004-03-09 18:00:00,110,22.03,22.03
7,2004-03-09 19:00:00,112,22.33,22.33
7,2004-03-09 20:00:00,109,22.31,22.31
7,2004-03-09 21:00:00,112,22.19,22.19
7,2004-03-09 22:00:00,112,22.11,22.11
7,2004-03-09 23:00:00,102,22.06,22.06
7,2004-03-10 00:00:00,109,21.99,21.99
7,2004-03-10 01:00:00,113,21.78,21.78
7,2004-03-10 02:00:00,112,21.48,21.48
7,2004-03-10 03:00:00,109,21.34,21.34
7,2004-03-10 04:00:00,111,21.26,21.26
7,2004-03-10 05:00:00,111,21.17,21.17
7,2004-03-10 06:00:00,113,21.19,21.19
7,2004-03-10 07:00:00,108,24.4,24.4
7,2004-03-10 08:00:00,110,24.79,24.79
7,2004-03-10 09:00:00,13,23.94,23.94
7,2004-03-11 09:00:00,6,22.59,22.59
7,2004-03-11 10:00:00,18,21.53,21.53
7,2004-03-11 11:00:00,16,22.07,22.07
7,2004-03-11 12:00:00,19,22.04,22.04
7,2004-03-11 13:00:00,13,21.94,21.94
7,2004-03-11 14:00:00,20,22.08,22.08
7,2004-03-11 15:00:00,15,22.27,22.27
7,2004-03-11 16:00:00,13,21.82,21.82
7,2004-03-11 17:00:00,102,22.16,22.16
7,2004-03-11 18:00:00,99,22.23,22.23
7,2004-03-11 19:00:00,104,22.4,22.4
7,2004-03-11 20:00:00,104,22.28,22.28
7,2004-03-11 21:00:00,106,22.12,22.12
7,2004-03-11 22:00:00,105,21.9,21.9
7,2004-03-11 23:00:00,103,21.63,21.63
7,2004-03-12 00:00:00,100,21.23,21.23
7,2004-03-12 01:00:00,107,20.86,20.86
7,2004-03-12 02:00:00,98,20.55,20.55
7,2004-03-12 03:00:00,102,20.28,20.28
7,2004-03-12 04:00:00,103,20.01,20.01
7,2004-03-12 05:00:00,107,19.78,19.78
7,2004-03-12 06:00:00,97,19.73,19.73
7,2004-03-12 07:00:00,101,21.69,21.69
7,2004-03-12 08:00:00,107,21.82,21.82
7,2004-03-12 09:00:00,94,22.42,22.42
7,2004-03-12 10:00:00,103,22.97,22.97
7,2004-03-12 11:00:00,102,22.9,22.9
7,2004-03-12 12:00:00,109,22.2,22.2
7,2004-03-12 13:00:00,100,22.0,22.0
7,2004-03-12 14:00:00,112,21.99,21.99
7,2004-03-12 15:00:00,107,22.49,22.49
7,2004-03-12 16:00:00,99,22.93,22.93
7,2004-03-12 17:00:00,107,22.04,22.04
7,2004-03-12 18:00:00,102,21.81,21.81
7,2004-03-12 19:00:00,102,21.68,21.68
7,2004-03-12 20:00:00,108,21.47,21.47
7,2004-03-12 21:00:00,114,21.28,21.28
7,2004-03-12 22:00:00,106,21.06,21.06
7,2004-03-12 23:00:00,99,20.81,20.81
7,2004-03-13 00:00:00,106,20.58,20.58
7,2004-03-13 01:00:00,100,20.4,20.4
7,2004-03-13 02:00:00,101,20.28,20.28
7,2004-03-13 03:00:00,104,20.1,20.1
7,2004-03-13 04:00:00,112,19.94,19.94
7,2004-03-13 05:00:00,106,19.83,19.83
7,2004-03-13 06:00:00,108,19.75,19.75
7,2004-03-13 07:00:00,106,20.11,20.11
7,2004-03-13 08:00:00,105,21.52,21.52
7,2004-03-13 09:00:00,107,23.15,23.15
7,2004-03-13 10:00:00,100,24.6,24.6
7,2004-03-13 11:00:00,102,25.49,25.49
7,2004-03-13 12:00:00,98,26.11,26.11
7,2004-03-13 13:00:00,103,26.3,26.3
7,2004-03-13 14:00:00,96,26.24,26.24
7,2004-03-13 15:00:00,102,25.9,25.9
7,2004-03-13 16:00:00,109,25.36,25.36
7,2004-03-13 17:00:00,98,24.57,24.57
7,2004-03-13 18:00:00,102,23.68,23.68
7,2004-03-13 19:00:00,103,22.94,22.94
7,2004-03-13 20:00:00,104,22.4,22.4
7,2004-03-13 21:00:00,104,21.97,21.97
7,2004-03-13 22:00:00,101,21.62,21.62
7,2004-03-13 23:00:00,107,21.34,21.34
7,2004-03-14 00:00:00,107,21.06,21.06
7,2004-03-14 01:00:00,99,20.82,20.82
7,2004-03-14 02:00:00,109,20.6,20.6
7,2004-03-14 03:00:00,103,20.32,20.32
7,2004-03-14 04:00:00,106,20.09,20.09
7,2004-03-14 05:00:00,109,19.86,19.86
7,2004-03-14 06:00:00,103,19.66,19.66
7,2004-03-14 07:00:00,102,19.9,19.9
7,2004-03-14 08:00:00,96,21.09,21.09
7,2004-03-14 09:00:00,105,22.6,22.6
7,2004-03-14 10:00:00,106,23.82,23.82
7,2004-03-14 11:00:00,99,24.75,24.75
7,2004-03-14 12:00:00,107,25.56,25.56
7,2004-03-14 13:00:00,105,26.11,26.11
7,2004-03-14 14:00:00,110,26.27,26.27
7,2004-03-14 15:00:00,107,26.13,26.13
7,2004-03-14 16:00:00,104,25.67,25.67
7,2004-03-14 17:00:00,107,21.71,21.71
7,2004-03-14 18:00:00,108,22.03,22.03
7,2004-03-14 19:00:00,79,23.24,23.24
7,2004-03-14 20:00:00,40,24.19,24.19
7,2004-03-14 21:00:00,48,23.98,23.98
7,2004-03-14 22:00:00,51,23.27,23.27
7,2004-03-14 23:00:00,36,21.28,21.28
7,2004-03-15 00:00:00,40,21.16,21.16
7,2004-03-15 01:00:00,45,21.05,21.05
7,2004-03-15 02:00:00,38,20.99,20.99
7,2004-03-15 03:00:00,48,20.91,20.91
7,2004-03-15 04:00:00,43,20.8,20.8
7,2004-03-15 05:00:00,52,20.7,20.7
7,2004-03-15 06:00:00,44,20.68,20.68
7,2004-03-15 07:00:00,53,24.21,24.21
7,2004-03-15 08:00:00,36,24.93,24.93
7,2004-03-15 09:00:00,42,23.39,23.39
7,2004-03-15 10:00:00,51,21.44,21.44
7,2004-03-15 11:00:00,46,21.93,21.93
7,2004-03-15 12:00:00,35,21.06,21.06
7,2004-03-15 13:00:00,46,21.55,21.55
7,2004-03-15 14:00:00,52,21.21,21.21
7,2004-03-15 15:00:00,31,21.54,21.54
7,2004-03-15 16:00:00,1,23.6,23.6
7,2004-03-16 11:00:00,54,20.81,20.81
7,2004-03-16 12:00:00,45,21.16,21.16
7,2004-03-16 13:00:00,71,21.55,21.55
7,2004-03-16 14:00:00,109,21.52,21.52
7,2004-03-16 15:00:00,113,21.58,21.58
7,2004-03-16 16:00:00,106,21.71,21.71
7,2004-03-16 17:00:00,108,22.44,22.44
7,2004-03-16 18:00:00,103,22.62,22.62
7,2004-03-16 19:00:00,104,23.12,23.12
7,2004-03-16 20:00:00,105,23.24,23.24
7,2004-03-16 21:00:00,103,23.19,23.19
7,2004-03-16 22:00:00,97,23.11,23.11
7,2004-03-16 23:00:00,106,23.01,23.01
7,2004-03-17 00:00:00,109,22.91,22.91
7,2004-03-17 01:00:00,111,22.8,22.8
7,2004-03-17 02:00:00,105,22.55,22.55
7,2004-03-17 03:00:00,99,22.23,22.23
7,2004-03-17 04:00:00,106,21.89,21.89
7,2004-03-17 05:00:00,103,21.71,21.71
7,2004-03-17 06:00:00,105,21.57,21.57
7,2004-03-17 07:00:00,105,21.45,21.45
7,2004-03-17 08:00:00,105,21.06,21.06
7,2004-03-17 09:00:00,99,21.54,21.54
7,2004-03-17 10:00:00,102,22.13,22.13
7,2004-03-17 11:00:00,107,21.54,21.54
7,2004-03-17 12:00:00,97,21.26,21.26
7,2004-03-17 13:00:00,100,21.55,21.55
7,2004-03-17 14:00:00,107,21.75,21.75
7,2004-03-17 15:00:00,109,21.64,21.64
7,2004-03-17 16:00:00,106,21.81,21.81
7,2004-03-17 17:00:00,101,22.22,22.22
7,2004-03-17 18:00:00,101,22.27,22.27
7,2004-03-17 19:00:00,105,22.64,22.64
7,2004-03-17 20:00:00,102,22.58,22.58
7,2004-03-17 21:00:00,100,22.39,22.39
7,2004-03-17 22:00:00,99,22.15,22.15
7,2004-03-17 23:00:00,103,21.89,21.89
7,2004-03-18 00:00:00,101,21.66,21.66
7,2004-03-18 01:00:00,107,21.35,21.35
7,2004-03-18 02:00:00,106,21.01,21.01
7,2004-03-18 03:00:00,102,20.79,20.79
7,2004-03-18 04:00:00,102,20.59,20.59
7,2004-03-18 05:00:00,105,20.41,20.41
7,2004-03-18 06:00:00,99,20.32,20.32
7,2004-03-18 07:00:00,18,20.47,20.47
7,2004-03-18 08:00:00,11,20.18,20.18
7,2004-03-18 09:00:00,3,20.4,20.4
7,2004-03-18 10:00:00,4,21.33,21.33
7,2004-03-18 11:00:00,5,21.73,21.73
7,2004-03-18 12:00:00,3,22.17,22.17
7,2004-03-18 13:00:00,6,22.16,22.16
7,2004-03-18 14:00:00,6,21.78,21.78
7,2004-03-18 15:00:00,10,21.96,21.96
7,2004-03-18 16:00:00,18,22.2,22.2
7,2004-03-18 17:00:00,46,21.75,21.75
7,2004-03-18 18:00:00,29,21.39,21.39
7,2004-03-18 19:00:00,50,21.5,21.5
7,2004-03-18 20:00:00,44,21.34,21.34
7,2004-03-18 21:00:00,43,21.12,21.12
7,2004-03-18 22:00:00,48,20.9,20.9
7,2004-03-18 23:00:00,34,20.65,20.65
7,2004-03-19 00:00:00,30,20.43,20.43
7,2004-03-19 01:00:00,28,20.18,20.18
7,2004-03-19 02:00:00,44,19.81,19.81
7,2004-03-19 03:00:00,32,19.44,19.44
7,2004-03-19 04:00:00,27,19.15,19.15
7,2004-03-19 05:00:00,22,19.01,19.01
7,2004-03-19 06:00:00,32,18.92,18.92
7,2004-03-19 07:00:00,17,19.26,19.26
7,2004-03-19 08:00:00,36,19.62,19.62
7,2004-03-19 09:00:00,32,19.93,19.93
7,2004-03-19 10:00:00,49,22.21,22.21
7,2004-03-19 11:00:00,52,22.96,22.96
7,2004-03-19 12:00:00,50,21.87,21.87
7,2004-03-19 13:00:00,53,22.0,22.0
7,2004-03-19 14:00:00,44,21.95,21.95
7,2004-03-19 15:00:00,46,21.75,21.75
7,2004-03-19 16:00:00,22,21.92,21.92
7,2004-03-19 17:00:00,34,21.81,21.81
7,2004-03-19 18:00:00,31,21.68,21.68
7,2004-03-19 19:00:00,39,21.51,21.51
7,2004-03-19 20:00:00,31,21.26,21.26
7,2004-03-19 21:00:00,26,21.06,21.06
7,2004-03-19 22:00:00,35,20.8,20.8
7,2004-03-19 23:00:00,35,20.59,20.59
7,2004-03-20 00:00:00,31,20.36,20.36
7,2004-03-20 01:00:00,37,20.13,20.13
7,2004-03-20 02:00:00,40,19.94,19.94
7,2004-03-20 03:00:00,18,19.7,19.7
7,2004-03-20 04:00:00,29,19.53,19.53
7,2004-03-20 05:00:00,36,19.37,19.37
7,2004-03-20 06:00:00,19,19.23,19.23
7,2004-03-20 07:00:00,12,19.8,19.8
7,2004-03-20 08:00:00,28,20.72,20.72
7,2004-03-20 09:00:00,36,22.3,22.3
7,2004-03-20 10:00:00,29,23.62,23.62
7,2004-03-20 11:00:00,31,24.6,24.6
7,2004-03-20 12:00:00,36,25.46,25.46
7,2004-03-20 13:00:00,35,25.87,25.87
7,2004-03-20 14:00:00,43,25.83,25.83
7,2004-03-20 15:00:00,39,25.55,25.55
7,2004-03-20 16:00:00,30,24.79,24.79
7,2004-03-20 17:00:00,39,24.02,24.02
7,2004-03-20 18:00:00,29,23.17,23.17
7,2004-03-20 19:00:00,28,22.64,22.64
7,2004-03-20 20:00:00,31,22.13,22.13
7,2004-03-20 21:00:00,25,21.78,21.78
7,2004-03-20 22:00:00,32,21.44,21.44
7,2004-03-20 23:00:00,24,21.17,21.17
7,2004-03-21 00:00:00,29,20.87,20.87
7,2004-03-21 01:00:00,48,20.61,20.61
7,2004-03-21 02:00:00,29,20.45,20.45
7,2004-03-21 03:00:00,24,20.31,20.31
7,2004-03-21 04:00:00,29,20.17,20.17
7,2004-03-21 05:00:00,24,19.97,19.97
7,2004-03-21 06:00:00,31,19.86,19.86
7,2004-03-21 07:00:00,27,19.81,19.81
7,2004-03-21 08:00:00,27,19.67,19.67
7,2004-03-21 09:00:00,23,19.69,19.69
7,2004-03-21 10:00:00,24,19.79,19.79
7,2004-03-21 11:00:00,36,21.16,21.16
7,2004-03-21 12:00:00,25,22.52,22.52
7,2004-03-21 13:00:00,25,22.96,22.96
7,2004-03-21 14:00:00,35,23.14,23.14
7,2004-03-21 15:00:00,42,22.79,22.79
7,2004-03-21 16:00:00,25,22.29,22.29
7,2004-03-21 17:00:00,15,21.77,21.77
7,2004-03-21 18:00:00,34,21.37,21.37
7,2004-03-21 19:00:00,15,21.09,21.09
7,2004-03-21 20:00:00,9,20.81,20.81
7,2004-03-21 21:00:00,10,20.55,20.55
7,2004-03-21 22:00:00,17,20.35,20.35
7,2004-03-21 23:00:00,23,20.13,20.13
7,2004-03-22 00:00:00,16,20.02,20.02
7,2004-03-22 01:00:00,16,19.98,19.98
7,2004-03-22 02:00:00,4,19.95,19.95
7,2004-03-22 03:00:00,10,20.03,20.03
7,2004-03-22 04:00:00,3,19.98,19.98
7,2004-03-22 05:00:00,8,20.05,20.05
7,2004-03-22 06:00:00,7,20.13,20.13
7,2004-03-22 07:00:00,15,20.58,20.58
7,2004-03-22 08:00:00,10,20.87,20.87
7,2004-03-22 09:00:00,13,21.43,21.43
7,2004-03-22 10:00:00,9,22.59,22.59
7,2004-03-22 11:00:00,7,23.58,23.58
7,2004-03-22 12:00:00,12,23.7,23.7
7,2004-03-22 13:00:00,18,23.91,23.91
7,2004-03-22 14:00:00,13,23.91,23.91
7,2004-03-22 15:00:00,11,24.14,24.14
7,2004-03-22 16:00:00,3,24.35,24.35
7,2004-03-22 17:00:00,6,24.54,24.54
7,2004-03-22 18:00:00,14,24.94,24.94
7,2004-03-22 19:00:00,12,25.4,25.4
7,2004-03-22 20:00:00,12,25.96,25.96
7,2004-03-22 21:00:00,10,26.57,26.57
7,2004-03-22 22:00:00,14,27.97,27.97
7,2004-03-22 23:00:00,6,29.23,29.23
7,2004-03-23 00:00:00,8,30.28,30.28
7,2004-03-23 01:00:00,33,33.03,33.03
7,2004-03-23 02:00:00,40,35.57,35.57
7,2004-03-23 03:00:00,45,38.93,38.93
7,2004-03-23 04:00:00,50,42.7,42.7
7,2004-03-23 05:00:00,42,47.17,47.17
7,2004-03-23 06:00:00,42,52.29,49.91
7,2004-03-23 07:00:00,50,57.42,
7,2004-03-23 08:00:00,48,62.2,
7,2004-03-23 09:00:00,48,60.08,
7,2004-03-23 10:00:00,38,62.0,
7,2004-03-23 11:00:00,46,64.32,
7,2004-03-23 12:00:00,34,66.17,
7,2004-03-23 13:00:00,64,67.57,
7,2004-03-23 14:00:00,88,68.22,
7,2004-03-23 15:00:00,98,69.81,
7,2004-03-23 16:00:00,102,76.37,
7,2004-03-23 17:00:00,115,81.69,
7,2004-03-23 18:00:00,97,81.52,
7,2004-03-23 19:00:00,100,83.09,
7,2004-03-23 20:00:00,96,91.92,
7,2004-03-23 21:00:00,93,103.28,
7,2004-03-23 22:00:00,99,113.73,
7,2004-03-23 23:00:00,99,122.04,
7,2004-03-24 00:00:00,102,122.15,
7,2004-03-24 01:00:00,91,122.15,
7,2004-03-24 02:00:00,99,122.15,
7,2004-03-24 03:00:00,98,122.15,
7,2004-03-24 04:00:00,97,122.15,
7,2004-03-24 05:00:00,102,122.15,
7,2004-03-24 06:00:00,97,122.15,
7,2004-03-24 07:00:00,102,122.15,
7,2004-03-24 08:00:00,98,122.15,
7,2004-03-24 09:00:00,17,122.15,
7,2004-03-24 10:00:00,24,122.15,
7,2004-03-24 11:00:00,17,122.15,
7,2004-03-24 12:00:00,17,122.15,
7,2004-03-24 13:00:00,17,122.15,
7,2004-03-24 14:00:00,21,122.15,
7,2004-03-24 15:00:00,15,122.15,
7,2004-03-24 16:00:00,12,122.15,
7,2004-03-24 17:00:00,3,122.15,
7,2004-03-24 18:00:00,9,122.15,
7,2004-03-24 19:00:00,12,122.15,
7,2004-03-24 20:00:00,13,122.15,
7,2004-03-24 21:00:00,9,122.15,
7,2004-03-24 22:00:00,8,122.15,
7,2004-03-24 23:00:00,10,122.15,
7,2004-03-25 00:00:00,7,122.15,
7,2004-03-25 01:00:00,10,122.15,
7,2004-03-25 02:00:00,6,122.15,
7,2004-03-25 03:00:00,6,122.15,
7,2004-03-25 04:00:00,5,122.15,
7,2004-03-25 05:00:00,4,122.15,
7,2004-03-25 06:00:00,4,122.15,
7,2004-03-25 07:00:00,7,122.15,
7,2004-03-25 08:00:00,10,122.15,
7,2004-03-25 09:00:00,8,122.15,
7,2004-03-25 10:00:00,16,122.15,
7,2004-03-25 11:00:00,21,122.15,
7,2004-03-25 12:00:00,20,122.15,
7,2004-03-25 13:00:00,11,122.15,
7,2004-03-25 14:00:00,21,122.15,
7,2004-03-25 15:00:00,26,122.15,
7,2004-03-25 16:00:00,17,122.15,
7,2004-03-25 17:00:00,26,122.15,
7,2004-03-25 18:00:00,14,122.15,
7,2004-03-25 19:00:00,13,122.15,
7,2004-03-25 20:00:00,10,122.15,
7,2004-03-25 21:00:00,10,122.15,
7,2004-03-25 22:00:00,9,122.15,
7,2004-03-25 23:00:00,13,122.15,
7,2004-03-26 00:00:00,15,122.15,
7,2004-03-26 01:00:00,12,122.15,
7,2004-03-26 02:00:00,19,122.15,
7,2004-03-26 03:00:00,16,122.15,
7,2004-03-26 04:00:00,18,122.15,
7,2004-03-26 05:00:00,16,122.15,
7,2004-03-26 06:00:00,22,122.15,
7,2004-03-26 07:00:00,14,122.15,
7,2004-03-26 08:00:00,11,122.15,
7,2004-03-26 09:00:00,19,122.15,
7,2004-03-26 10:00:00,18,122.15,
7,2004-03-26 11:00:00,16,122.15,
7,2004-03-26 12:00:00,14,122.15,
7,2004-03-26 13:00:00,18,122.15,
7,2004-03-26 14:00:00,18,122.15,
7,2004-03-26 15:00:00,15,122.15,
7,2004-03-26 16:00:00,17,122.15,
7,2004-03-26 17:00:00,20,122.15,
7,2004-03-26 18:00:00,16,122.15,
7,2004-03-26 19:00:00,20,122.15,
7,2004-03-26 20:00:00,20,122.15,
7,2004-03-26 21:00:00,14,122.15,
7,2004-03-26 22:00:00,27,122.15,
7,2004-03-26 23:00:00,21,122.15,
7,2004-03-27 00:00:00,36,122.15,
7,2004-03-27 01:00:00,22,122.15,
7,2004-03-27 02:00:00,15,122.15,
7,2004-03-27 03:00:00,28,122.15,
7,2004-03-27 04:00:00,13,122.15,
7,2004-03-27 05:00:00,15,122.15,
7,2004-03-27 06:00:00,8,122.15,
7,2004-03-27 07:00:00,20,122.15,
7,2004-03-27 08:00:00,18,122.15,
7,2004-03-27 09:00:00,13,122.15,
7,2004-03-27 10:00:00,22,122.15,
7,2004-03-27 11:00:00,39,122.15,
7,2004-03-27 12:00:00,75,122.15,
7,2004-03-27 13:00:00,66,122.15,
7,2004-03-27 14:00:00,71,122.15,
7,2004-03-27 15:00:00,80,122.15,
7,2004-03-27 16:00:00,73,122.15,
7,2004-03-27 17:00:00,68,122.15,
7,2004-03-27 18:00:00,76,122.15,
7,2004-03-27 19:00:00,66,122.15,
7,2004-03-27 20:00:00,76,122.15,
7,2004-03-27 21:00:00,75,122.15,
7,2004-03-27 22:00:00,77,122.15,
7,2004-03-27 23:00:00,69,122.15,
7,2004-03-28 00:00:00,76,122.15,
7,2004-03-28 01:00:00,71,122.15,
7,2004-03-28 02:00:00,70,122.15,
7,2004-03-28 03:00:00,63,122.15,
7,2004-03-28 04:00:00,74,122.15,
7,2004-03-28 05:00:00,60,122.15,
7,2004-03-28 06:00:00,65,122.15,
7,2004-03-28 07:00:00,84,122.15,
7,2004-03-28 08:00:00,104,122.15,
7,2004-03-28 09:00:00,109,122.15,
7,2004-03-28 10:00:00,104,122.15,
7,2004-03-28 11:00:00,106,122.15,
7,2004-03-28 12:00:00,107,122.15,
7,2004-03-28 13:00:00,104,122.15,
7,2004-03-28 14:00:00,104,122.15,
7,2004-03-28 15:00:00,101,122.15,
7,2004-03-28 16:00:00,106,122.15,
7,2004-03-28 17:00:00,108,122.15,
7,2004-03-28 18:00:00,111,122.15,
7,2004-03-28 19:00:00,107,122.15,
7,2004-03-28 20:00:00,103,122.15,
7,2004-03-28 21:00:00,109,122.15,
7,2004-03-28 22:00:00,104,122.15,
7,2004-03-28 23:00:00,107,122.15,
7,2004-03-29 00:00:00,97,122.15,
7,2004-03-29 01:00:00,104,122.15,
7,2004-03-29 02:00:00,112,122.15,
7,2004-03-29 03:00:00,60,122.15,
7,2004-03-29 04:00:00,72,122.15,
7,2004-03-29 05:00:00,46,122.15,
7,2004-03-29 06:00:00,11,122.15,
7,2004-03-29 07:00:00,6,122.15,
7,2004-03-29 08:00:00,15,122.15,
7,2004-03-29 09:00:00,11,122.15,
7,2004-03-29 10:00:00,17,122.15,
7,2004-03-29 11:00:00,17,122.15,
7,2004-03-29 12:00:00,13,122.15,
7,2004-03-29 13:00:00,17,122.15,
7,2004-03-29 14:00:00,19,122.15,
7,2004-03-29 15:00:00,14,122.15,
7,2004-03-29 16:00:00,13,122.15,
7,2004-03-29 17:00:00,8,122.15,
7,2004-03-29 18:00:00,14,122.15,
7,2004-03-29 19:00:00,21,122.15,
7,2004-03-29 20:00:00,11,122.15,
7,2004-03-29 21:00:00,18,122.15,
7,2004-03-29 22:00:00,15,122.15,
7,2004-03-29 23:00:00,15,122.15,
7,2004-03-30 00:00:00,13,122.15,
7,2004-03-30 01:00:00,20,122.15,
7,2004-03-30 02:00:00,17,122.15,
7,2004-03-30 03:00:00,15,122.15,
7,2004-03-30 04:00:00,20,122.15,
7,2004-03-30 05:00:00,15,122.15,
7,2004-03-30 06:00:00,14,122.15,
7,2004-03-30 07:00:00,13,122.15,
7,2004-03-30 08:00:00,13,122.15,
7,2004-03-30 09:00:00,21,122.15,
7,2004-03-30 10:00:00,16,122.15,
7,2004-03-30 11:00:00,16,122.15,
7,2004-03-30 12:00:00,16,122.15,
7,2004-03-30 13:00:00,18,122.15,
7,2004-03-30 14:00:00,19,122.15,
7,2004-03-30 15:00:00,16,122.15,
7,2004-03-30 16:00:00,14,122.15,
7,2004-03-30 17:00:00,13,122.15,
7,2004-03-30 18:00:00,13,122.15,
7,2004-03-30 19:00:00,19,122.15,
7,2004-03-30 20:00:00,19,122.15,
7,2004-03-30 21:00:00,20,122.15,
7,2004-03-30 22:00:00,18,122.15,
7,2004-03-30 23:00:00,91,122.15,
7,2004-03-31 00:00:00,86,122.15,
7,2004-03-31 01:00:00,97,122.15,
7,2004-03-31 02:00:00,95,122.15,
7,2004-03-31 03:00:00,100,122.15,
7,2004-03-31 04:00:00,92,122.15,
7,2004-03-31 05:00:00,95,122.15,
7,2004-03-31 06:00:00,99,122.15,
7,2004-03-31 07:00:00,97,122.15,
7,2004-03-31 08:00:00,95,122.15,
7,2004-03-31 09:00:00,64,122.15,
7,2004-03-31 10:00:00,81,122.15,
7,2004-03-31 11:00:00,54,122.15,
7,2004-03-31 12:00:00,72,122.15,
7,2004-03-31 13:00:00,74,122.15,
7,2004-03-31 14:00:00,71,122.15,
7,2004-03-31 15:00:00,83,122.15,
7,2004-03-31 16:00:00,85,122.15,
7,2004-03-31 17:00:00,90,122.15,
7,2004-03-31 18:00:00,76,122.15,
7,2004-03-31 19:00:00,79,122.15,
7,2004-03-31 20:00:00,88,122.15,
7,2004-03-31 21:00:00,89,122.15,
7,2004-03-31 22:00:00,87,122.15,
7,2004-03-31 23:00:00,98,122.15,
7,2004-04-01 00:00:00,83,122.15,
7,2004-04-01 01:00:00,81,122.15,
7,2004-04-01 02:00:00,68,122.15,
7,2004-04-01 03:00:00,71,122.15,
7,2004-04-01 04:00:00,69,122.15,
7,2004-04-01 05:00:00,64,122.15,
7,2004-04-01 06:00:00,75,122.15,
7,2004-04-01 07:00:00,66,122.15,
7,2004-04-01 08:00:00,94,122.15,
7,2004-04-01 09:00:00,82,122.15,
7,2004-04-01 10:00:00,86,122.15,
7,2004-04-01 11:00:00,80,122.15,
7,2004-04-01 12:00:00,86,122.15,
7,2004-04-01 13:00:00,89,122.15,
7,2004-04-01 14:00:00,85,122.15,
7,2004-04-01 15:00:00,89,122.15,
7,2004-04-01 16:00:00,92,122.15,
7,2004-04-01 17:00:00,85,122.15,
7,2004-04-01 18:00:00,86,122.15,
7,2004-04-01 19:00:00,102,122.15,
7,2004-04-01 20:00:00,96,122.15,
7,2004-04-01 21:00:00,83,122.15,
7,2004-04-01 22:00:00,67,122.15,
7,2004-04-01 23:00:00,5,122.15,
8,2004-02-28 01:00:00,69,18.71,18.71
8,2004-02-28 02:00:00,70,18.43,18.43
8,2004-02-28 03:00:00,64,18.11,18.11
8,2004-02-28 04:00:00,79,17.81,17.81
8,2004-02-28 05:00:00,79,17.5,17.5
8,2004-02-28 06:00:00,73,17.29,17.29
8,2004-02-28 07:00:00,77,17.49,17.49
8,2004-02-28 08:00:00,72,18.14,18.14
8,2004-02-28 09:00:00,63,19.4,19.4
8,2004-02-28 10:00:00,68,20.7,20.7
8,2004-02-28 11:00:00,77,21.66,21.66
8,2004-02-28 12:00:00,63,22.34,22.34
8,2004-02-28 13:00:00,69,22.84,22.84
8,2004-02-28 14:00:00,76,22.76,22.76
8,2004-02-28 15:00:00,73,22.3,22.3
8,2004-02-28 16:00:00,66,21.79,21.79
8,2004-02-28 17:00:00,72,21.27,21.27
8,2004-02-28 18:00:00,68,20.69,20.69
8,2004-02-28 19:00:00,66,20.34,20.34
8,2004-02-28 20:00:00,76,20.09,20.09
8,2004-02-28 21:00:00,75,19.84,19.84
8,2004-02-28 22:00:00,62,19.51,19.51
8,2004-02-28 23:00:00,65,19.26,19.26
8,2004-02-29 00:00:00,65,18.95,18.95
8,2004-02-29 01:00:00,69,18.57,18.57
8,2004-02-29 02:00:00,71,18.26,18.26
8,2004-02-29 03:00:00,71,17.99,17.99
8,2004-02-29 04:00:00,63,17.76,17.76
8,2004-02-29 05:00:00,62,17.55,17.55
8,2004-02-29 06:00:00,66,17.42,17.42
8,2004-02-29 07:00:00,81,17.43,17.43
8,2004-02-29 08:00:00,70,18.03,18.03
8,2004-02-29 09:00:00,62,19.03,19.03
8,2004-02-29 10:00:00,61,19.54,19.54
8,2004-02-29 11:00:00,67,20.12,20.12
8,2004-02-29 12:00:00,61,20.47,20.47
8,2004-02-29 13:00:00,63,20.76,20.76
8,2004-02-29 14:00:00,78,20.74,20.74
8,2004-02-29 15:00:00,59,20.36,20.36
8,2004-02-29 16:00:00,77,19.87,19.87
8,2004-02-29 17:00:00,68,19.54,19.54
8,2004-02-29 18:00:00,69,19.2,19.2
8,2004-02-29 19:00:00,71,18.98,18.98
8,2004-02-29 20:00:00,59,18.81,18.81
8,2004-02-29 21:00:00,71,18.71,18.71
8,2004-02-29 22:00:00,72,18.6,18.6
8,2004-02-29 23:00:00,71,18.45,18.45
8,2004-03-01 00:00:00,74,18.32,18.32
8,2004-03-01 01:00:00,63,18.15,18.15
8,2004-03-01 02:00:00,73,17.98,17.98
8,2004-03-01 03:00:00,64,17.96,17.96
8,2004-03-01 04:00:00,59,17.76,17.76
8,2004-03-01 05:00:00,70,17.57,17.57
8,2004-03-01 06:00:00,68,17.52,17.52
8,2004-03-01 07:00:00,70,20.87,20.87
8,2004-03-01 08:00:00,63,21.91,21.91
8,2004-03-01 09:00:00,57,22.57,22.57
8,2004-03-01 10:00:00,69,23.03,23.03
8,2004-03-01 11:00:00,73,23.39,23.39
8,2004-03-01 12:00:00,55,24.31,24.31
8,2004-03-01 13:00:00,62,24.88,24.88
8,2004-03-01 14:00:00,73,25.94,25.94
8,2004-03-01 15:00:00,73,25.64,25.64
8,2004-03-01 16:00:00,73,25.45,25.45
8,2004-03-01 17:00:00,65,25.5,25.5
8,2004-03-01 18:00:00,71,21.68,21.68
8,2004-03-01 19:00:00,63,20.87,20.87
8,2004-03-01 20:00:00,52,20.31,20.31
8,2004-03-01 21:00:00,63,19.93,19.93
8,2004-03-01 22:00:00,57,19.43,19.43
8,2004-03-01 23:00:00,62,19.12,19.12
8,2004-03-02 00:00:00,52,18.6,18.6
8,2004-03-02 01:00:00,59,18.25,18.25
8,2004-03-02 02:00:00,47,17.97,17.97
8,2004-03-02 03:00:00,66,17.78,17.78
8,2004-03-02 04:00:00,59,17.55,17.55
8,2004-03-02 05:00:00,60,17.33,17.33
8,2004-03-02 06:00:00,72,17.24,17.24
8,2004-03-02 07:00:00,60,20.66,20.66
8,2004-03-02 08:00:00,70,22.58,22.58
8,2004-03-02 09:00:00,63,23.64,23.64
8,2004-03-02 10:00:00,69,23.07,23.07
8,2004-03-02 11:00:00,74,21.87,21.87
8,2004-03-02 12:00:00,82,22.37,22.37
8,2004-03-02 13:00:00,85,22.58,22.58
8,2004-03-02 14:00:00,79,22.68,22.68
8,2004-03-02 15:00:00,74,22.7,22.7
8,2004-03-02 16:00:00,49,22.4,22.4
8,2004-03-02 17:00:00,67,20.93,20.93
8,2004-03-02 18:00:00,98,20.61,20.61
8,2004-03-02 19:00:00,67,20.55,20.55
8,2004-03-02 20:00:00,68,20.3,20.3
8,2004-03-02 21:00:00,57,20.0,20.0
8,2004-03-02 22:00:00,66,19.71,19.71
8,2004-03-02 23:00:00,72,19.49,19.49
8,2004-03-03 00:00:00,62,19.32,19.32
8,2004-03-03 01:00:00,66,19.11,19.11
8,2004-03-03 02:00:00,76,18.71,18.71
8,2004-03-03 03:00:00,64,18.35,18.35
8,2004-03-03 04:00:00,67,18.04,18.04
8,2004-03-03 05:00:00,74,17.92,17.92
8,2004-03-03 06:00:00,71,18.04,18.04
8,2004-03-03 07:00:00,67,22.29,22.29
8,2004-03-03 08:00:00,68,24.59,24.59
8,2004-03-03 09:00:00,67,25.63,25.63
8,2004-03-03 10:00:00,55,25.66,25.66
8,2004-03-03 11:00:00,70,23.02,23.02
8,2004-03-03 12:00:00,62,22.23,22.23
8,2004-03-03 13:00:00,64,24.76,24.76
8,2004-03-03 14:00:00,58,25.63,25.63
8,2004-03-03 15:00:00,67,26.1,26.1
8,2004-03-03 16:00:00,60,23.95,23.95
8,2004-03-03 17:00:00,59,24.75,24.75
8,2004-03-03 18:00:00,56,22.76,22.76
8,2004-03-03 19:00:00,53,21.72,21.72
8,2004-03-03 20:00:00,54,21.46,21.46
8,2004-03-03 21:00:00,56,21.32,21.32
8,2004-03-03 22:00:00,71,21.01,21.01
8,2004-03-03 23:00:00,61,20.63,20.63
8,2004-03-04 00:00:00,67,20.12,20.12
8,2004-03-04 01:00:00,66,19.46,19.46
8,2004-03-04 02:00:00,55,18.96,18.96
8,2004-03-04 03:00:00,57,18.6,18.6
8,2004-03-04 04:00:00,56,18.27,18.27
8,2004-03-04 05:00:00,45,18.04,18.04
8,2004-03-04 06:00:00,56,17.95,17.95
8,2004-03-04 07:00:00,66,21.62,21.62
8,2004-03-04 08:00:00,51,23.06,23.06
8,2004-03-04 09:00:00,57,23.99,23.99
8,2004-03-04 10:00:00,40,24.26,24.26
8,2004-03-04 11:00:00,56,24.59,24.59
8,2004-03-04 12:00:00,46,24.81,24.81
8,2004-03-04 13:00:00,43,22.98,22.98
8,2004-03-04 14:00:00,45,22.27,22.27
8,2004-03-04 15:00:00,55,22.04,22.04
8,2004-03-04 16:00:00,60,21.59,21.59
8,2004-03-04 17:00:00,47,20.62,20.62
8,2004-03-04 18:00:00,46,21.08,21.08
8,2004-03-04 19:00:00,62,20.89,20.89
8,2004-03-04 20:00:00,50,20.56,20.56
8,2004-03-04 21:00:00,40,20.35,20.35
8,2004-03-04 22:00:00,33,20.15,20.15
8,2004-03-04 23:00:00,50,19.96,19.96
8,2004-03-05 00:00:00,37,19.75,19.75
8,2004-03-05 01:00:00,38,19.56,19.56
8,2004-03-05 02:00:00,36,19.3,19.3
8,2004-03-05 03:00:00,36,19.03,19.03
8,2004-03-05 04:00:00,36,18.73,18.73
8,2004-03-05 05:00:00,46,18.61,18.61
8,2004-03-05 06:00:00,40,18.6,18.6
8,2004-03-05 07:00:00,50,22.98,22.98
8,2004-03-05 08:00:00,40,24.65,24.65
8,2004-03-05 09:00:00,41,24.97,24.97
8,2004-03-05 10:00:00,48,23.71,23.71
8,2004-03-05 11:00:00,36,22.0,22.0
8,2004-03-05 12:00:00,39,21.92,21.92
8,2004-03-05 13:00:00,41,22.1,22.1
8,2004-03-05 14:00:00,52,22.05,22.05
8,2004-03-05 15:00:00,58,21.91,21.91
8,2004-03-05 16:00:00,63,21.86,21.86
8,2004-03-05 17:00:00,52,21.56,21.56
8,2004-03-05 18:00:00,43,21.47,21.47
8,2004-03-05 19:00:00,31,21.12,21.12
8,2004-03-05 20:00:00,44,20.88,20.88
8,2004-03-05 21:00:00,32,20.55,20.55
8,2004-03-05 22:00:00,36,20.32,20.32
8,2004-03-05 23:00:00,40,20.17,20.17
8,2004-03-06 00:00:00,33,19.88,19.88
8,2004-03-06 01:00:00,52,19.6,19.6
8,2004-03-06 02:00:00,45,19.43,19.43
8,2004-03-06 03:00:00,39,19.32,19.32
8,2004-03-06 04:00:00,40,19.18,19.18
8,2004-03-06 05:00:00,26,19.04,19.04
8,2004-03-06 06:00:00,47,18.78,18.78
8,2004-03-06 07:00:00,49,18.95,18.95
8,2004-03-06 08:00:00,42,19.87,19.87
8,2004-03-06 09:00:00,48,21.3,21.3
8,2004-03-06 10:00:00,40,22.47,22.47
8,2004-03-06 11:00:00,40,23.63,23.63
8,2004-03-06 12:00:00,34,24.24,24.24
8,2004-03-06 13:00:00,42,24.71,24.71
8,2004-03-06 14:00:00,36,24.8,24.8
8,2004-03-06 15:00:00,38,24.75,24.75
8,2004-03-06 16:00:00,53,24.23,24.23
8,2004-03-06 17:00:00,37,23.64,23.64
8,2004-03-06 18:00:00,56,22.75,22.75
8,2004-03-06 19:00:00,43,22.24,22.24
8,2004-03-06 20:00:00,48,21.86,21.86
8,2004-03-06 21:00:00,29,21.54,21.54
8,2004-03-06 22:00:00,37,21.22,21.22
8,2004-03-06 23:00:00,38,20.31,20.31
8,2004-03-07 00:00:00,45,20.57,20.57
8,2004-03-07 01:00:00,41,20.34,20.34
8,2004-03-07 02:00:00,30,20.08,20.08
8,2004-03-07 03:00:00,50,19.91,19.91
8,2004-03-07 04:00:00,31,19.71,19.71
8,2004-03-07 05:00:00,45,19.56,19.56
8,2004-03-07 06:00:00,36,19.38,19.38
8,2004-03-07 07:00:00,38,19.56,19.56
8,2004-03-07 08:00:00,48,20.8,20.8
8,2004-03-07 09:00:00,41,21.94,21.94
8,2004-03-07 10:00:00,39,23.21,23.21
8,2004-03-07 11:00:00,37,24.28,24.28
8,2004-03-07 12:00:00,48,25.1,25.1
8,2004-03-07 13:00:00,46,25.75,25.75
8,2004-03-07 14:00:00,32,26.08,26.08
8,2004-03-07 15:00:00,34,25.92,25.92
8,2004-03-07 16:00:00,48,25.7,25.7
8,2004-03-07 17:00:00,42,25.03,25.03
8,2004-03-07 18:00:00,58,24.22,24.22
8,2004-03-07 19:00:00,80,23.51,23.51
8,2004-03-07 20:00:00,93,23.0,23.0
8,2004-03-07 21:00:00,87,22.64,22.64
8,2004-03-07 22:00:00,89,22.42,22.42
8,2004-03-07 23:00:00,88,22.21,22.21
8,2004-03-08 00:00:00,82,21.99,21.99
8,2004-03-08 01:00:00,84,21.72,21.72
8,2004-03-08 02:00:00,87,21.56,21.56
8,2004-03-08 03:00:00,83,21.26,21.26
8,2004-03-08 04:00:00,88,21.13,21.13
8,2004-03-08 05:00:00,76,20.86,20.86
8,2004-03-08 06:00:00,91,20.76,20.76
8,2004-03-08 07:00:00,86,24.66,24.66
8,2004-03-08 08:00:00,94,25.04,25.04
8,2004-03-08 09:00:00,70,23.01,23.01
8,2004-03-08 10:00:00,34,22.17,22.17
8,2004-03-08 11:00:00,47,22.57,22.57
8,2004-03-08 12:00:00,39,22.1,22.1
8,2004-03-08 13:00:00,48,22.2,22.2
8,2004-03-08 14:00:00,48,22.13,22.13
8,2004-03-08 15:00:00,63,21.85,21.85
8,2004-03-08 16:00:00,53,21.93,21.93
8,2004-03-08 17:00:00,57,21.77,21.77
8,2004-03-08 18:00:00,51,22.84,22.84
8,2004-03-08 19:00:00,46,23.35,23.35
8,2004-03-08 20:00:00,48,23.32,23.32
8,2004-03-08 21:00:00,63,23.15,23.15
8,2004-03-08 22:00:00,52,22.95,22.95
8,2004-03-08 23:00:00,39,22.74,22.74
8,2004-03-09 00:00:00,40,22.49,22.49
8,2004-03-09 01:00:00,59,22.2,22.2
8,2004-03-09 02:00:00,59,21.77,21.77
8,2004-03-09 03:00:00,53,21.45,21.45
8,2004-03-09 04:00:00,60,21.13,21.13
8,2004-03-09 05:00:00,55,20.92,20.92
8,2004-03-09 06:00:00,63,20.85,20.85
8,2004-03-09 07:00:00,64,24.35,24.35
8,2004-03-09 08:00:00,64,24.98,24.98
8,2004-03-09 09:00:00,68,22.4,22.4
8,2004-03-09 10:00:00,54,21.96,21.96
8,2004-03-09 11:00:00,57,22.56,22.56
8,2004-03-09 12:00:00,53,22.09,22.09
8,2004-03-09 13:00:00,46,22.42,22.42
8,2004-03-09 14:00:00,56,21.97,21.97
8,2004-03-09 15:00:00,58,21.91,21.91
8,2004-03-09 16:00:00,51,21.86,21.86
8,2004-03-09 17:00:00,74,21.31,21.31
8,2004-03-09 18:00:00,81,21.77,21.77
8,2004-03-09 19:00:00,90,22.02,22.02
8,2004-03-09 20:00:00,94,21.97,21.97
8,2004-03-09 21:00:00,77,21.82,21.82
8,2004-03-09 22:00:00,92,21.8,21.8
8,2004-03-09 23:00:00,82,21.71,21.71
8,2004-03-10 00:00:00,87,21.66,21.66
8,2004-03-10 01:00:00,88,21.44,21.44
8,2004-03-10 02:00:00,89,21.15,21.15
8,2004-03-10 03:00:00,88,21.05,21.05
8,2004-03-10 04:00:00,88,20.96,20.96
8,2004-03-10 05:00:00,91,20.88,20.88
8,2004-03-10 06:00:00,99,20.88,20.88
8,2004-03-10 07:00:00,83,24.32,24.32
8,2004-03-10 08:00:00,98,25.14,25.14
8,2004-03-10 09:00:00,13,25.47,25.47
8,2004-03-11 09:00:00,24,24.93,24.93
8,2004-03-11 10:00:00,53,22.91,22.91
8,2004-03-11 11:00:00,53,22.43,22.43
8,2004-03-11 12:00:00,60,22.47,22.47
8,2004-03-11 13:00:00,47,22.44,22.44
8,2004-03-11 14:00:00,49,22.32,22.32
8,2004-03-11 15:00:00,46,22.25,22.25
8,2004-03-11 16:00:00,66,22.02,22.02
8,2004-03-11 17:00:00,8,22.16,22.16
8,2004-03-11 21:00:00,2,22.59,22.59
8,2004-03-12 06:00:00,1,20.14,20.14
8,2004-03-12 11:00:00,1,23.3,23.3
8,2004-03-12 15:00:00,1,23.23,23.23
8,2004-03-12 20:00:00,2,23.6,23.6
8,2004-03-13 00:00:00,2,52.37,
8,2004-03-13 05:00:00,2,122.15,
8,2004-03-13 10:00:00,2,122.15,
8,2004-03-13 14:00:00,2,122.15,
8,2004-03-13 19:00:00,2,122.15,
8,2004-03-13 23:00:00,1,122.15,
8,2004-03-14 04:00:00,2,122.15,
8,2004-03-14 13:00:00,2,122.15,
8,2004-03-14 17:00:00,1,122.15,
9,2004-02-28 01:00:00,58,18.86,18.86
9,2004-02-28 02:00:00,82,18.56,18.56
9,2004-02-28 03:00:00,79,18.27,18.27
9,2004-02-28 04:00:00,84,17.91,17.91
9,2004-02-28 05:00:00,76,17.63,17.63
9,2004-02-28 06:00:00,73,17.42,17.42
9,2004-02-28 07:00:00,67,17.73,17.73
9,2004-02-28 08:00:00,77,18.32,18.32
9,2004-02-28 09:00:00,79,19.43,19.43
9,2004-02-28 10:00:00,80,20.79,20.79
9,2004-02-28 11:00:00,72,21.81,21.81
9,2004-02-28 12:00:00,81,22.48,22.48
9,2004-02-28 13:00:00,82,22.97,22.97
9,2004-02-28 14:00:00,78,22.92,22.92
9,2004-02-28 15:00:00,75,22.51,22.51
9,2004-02-28 16:00:00,90,21.96,21.96
9,2004-02-28 17:00:00,92,21.41,21.41
9,2004-02-28 18:00:00,86,20.82,20.82
9,2004-02-28 19:00:00,82,20.46,20.46
9,2004-02-28 20:00:00,75,20.24,20.24
9,2004-02-28 21:00:00,83,19.99,19.99
9,2004-02-28 22:00:00,83,19.64,19.64
9,2004-02-28 23:00:00,91,19.36,19.36
9,2004-02-29 00:00:00,89,19.06,19.06
9,2004-02-29 01:00:00,79,18.66,18.66
9,2004-02-29 02:00:00,85,18.35,18.35
9,2004-02-29 03:00:00,77,18.07,18.07
9,2004-02-29 04:00:00,85,17.85,17.85
9,2004-02-29 05:00:00,80,17.65,17.65
9,2004-02-29 06:00:00,81,17.58,17.58
9,2004-02-29 07:00:00,76,17.58,17.58
9,2004-02-29 08:00:00,81,18.27,18.27
9,2004-02-29 09:00:00,79,19.11,19.11
9,2004-02-29 10:00:00,72,19.72,19.72
9,2004-02-29 11:00:00,71,20.28,20.28
9,2004-02-29 12:00:00,82,20.65,20.65
9,2004-02-29 13:00:00,74,20.88,20.88
9,2004-02-29 14:00:00,75,20.81,20.81
9,2004-02-29 15:00:00,82,20.42,20.42
9,2004-02-29 16:00:00,80,19.94,19.94
9,2004-02-29 17:00:00,80,19.65,19.65
9,2004-02-29 18:00:00,65,19.29,19.29
9,2004-02-29 19:00:00,61,19.1,19.1
9,2004-02-29 20:00:00,66,18.92,18.92
9,2004-02-29 21:00:00,69,18.82,18.82
9,2004-02-29 22:00:00,64,18.72,18.72
9,2004-02-29 23:00:00,69,18.56,18.56
9,2004-03-01 00:00:00,75,18.42,18.42
9,2004-03-01 01:00:00,73,18.24,18.24
9,2004-03-01 02:00:00,66,18.08,18.08
9,2004-03-01 03:00:00,68,18.12,18.12
9,2004-03-01 04:00:00,59,17.93,17.93
9,2004-03-01 05:00:00,61,17.7,17.7
9,2004-03-01 06:00:00,86,17.7,17.7
9,2004-03-01 07:00:00,64,21.14,21.14
9,2004-03-01 08:00:00,64,21.98,21.98
9,2004-03-01 09:00:00,76,22.51,22.51
9,2004-03-01 10:00:00,71,23.2,23.2
9,2004-03-01 11:00:00,63,23.78,23.78
9,2004-03-01 12:00:00,52,24.77,24.77
9,2004-03-01 13:00:00,74,25.62,25.62
9,2004-03-01 14:00:00,81,26.26,26.26
9,2004-03-01 15:00:00,81,25.81,25.81
9,2004-03-01 16:00:00,73,25.81,25.81
9,2004-03-01 17:00:00,74,25.54,25.54
9,2004-03-01 18:00:00,77,22.11,22.11
9,2004-03-01 19:00:00,77,20.93,20.93
9,2004-03-01 20:00:00,84,20.45,20.45
9,2004-03-01 21:00:00,65,20.23,20.23
9,2004-03-01 22:00:00,90,19.59,19.59
9,2004-03-01 23:00:00,83,19.3,19.3
9,2004-03-02 00:00:00,69,18.88,18.88
9,2004-03-02 01:00:00,78,18.46,18.46
9,2004-03-02 02:00:00,91,18.18,18.18
9,2004-03-02 03:00:00,59,18.17,18.17
9,2004-03-02 04:00:00,65,17.95,17.95
9,2004-03-02 05:00:00,83,17.8,17.8
9,2004-03-02 06:00:00,92,17.67,17.67
9,2004-03-02 07:00:00,80,20.67,20.67
9,2004-03-02 08:00:00,85,22.78,22.78
9,2004-03-02 09:00:00,71,23.88,23.88
9,2004-03-02 10:00:00,84,23.43,23.43
9,2004-03-02 11:00:00,80,22.26,22.26
9,2004-03-02 12:00:00,85,22.69,22.69
9,2004-03-02 13:00:00,82,22.87,22.87
9,2004-03-02 14:00:00,90,22.9,22.9
9,2004-03-02 15:00:00,93,22.88,22.88
9,2004-03-02 16:00:00,73,22.63,22.63
9,2004-03-02 17:00:00,85,21.23,21.23
9,2004-03-02 18:00:00,119,20.68,20.68
9,2004-03-02 19:00:00,86,20.64,20.64
9,2004-03-02 20:00:00,95,20.48,20.48
9,2004-03-02 21:00:00,93,20.23,20.23
9,2004-03-02 22:00:00,87,19.92,19.92
9,2004-03-02 23:00:00,98,19.7,19.7
9,2004-03-03 00:00:00,89,19.53,19.53
9,2004-03-03 01:00:00,87,19.35,19.35
9,2004-03-03 02:00:00,91,18.89,18.89
9,2004-03-03 03:00:00,82,18.54,18.54
9,2004-03-03 04:00:00,99,18.27,18.27
9,2004-03-03 05:00:00,94,18.17,18.17
9,2004-03-03 06:00:00,91,18.34,18.34
9,2004-03-03 07:00:00,85,22.96,22.96
9,2004-03-03 08:00:00,86,25.29,25.29
9,2004-03-03 09:00:00,89,26.18,26.18
9,2004-03-03 10:00:00,81,26.44,26.44
9,2004-03-03 11:00:00,97,23.97,23.97
9,2004-03-03 12:00:00,102,22.81,22.81
9,2004-03-03 13:00:00,91,25.36,25.36
9,2004-03-03 14:00:00,92,26.3,26.3
9,2004-03-03 15:00:00,96,26.83,26.83
9,2004-03-03 16:00:00,82,24.42,24.42
9,2004-03-03 17:00:00,91,25.49,25.49
9,2004-03-03 18:00:00,83,22.86,22.86
9,2004-03-03 19:00:00,88,21.93,21.93
9,2004-03-03 20:00:00,89,21.62,21.62
9,2004-03-03 21:00:00,96,21.42,21.42
9,2004-03-03 22:00:00,93,21.12,21.12
9,2004-03-03 23:00:00,94,20.76,20.76
9,2004-03-04 00:00:00,93,20.21,20.21
9,2004-03-04 01:00:00,92,19.59,19.59
9,2004-03-04 02:00:00,86,19.09,19.09
9,2004-03-04 03:00:00,89,18.78,18.78
9,2004-03-04 04:00:00,90,18.45,18.45
9,2004-03-04 05:00:00,99,18.25,18.25
9,2004-03-04 06:00:00,97,18.24,18.24
9,2004-03-04 07:00:00,97,22.0,22.0
9,2004-03-04 08:00:00,95,23.39,23.39
9,2004-03-04 09:00:00,83,24.4,24.4
9,2004-03-04 10:00:00,83,24.74,24.74
9,2004-03-04 11:00:00,84,25.22,25.22
9,2004-03-04 12:00:00,90,25.52,25.52
9,2004-03-04 13:00:00,91,23.55,23.55
9,2004-03-04 14:00:00,101,22.64,22.64
9,2004-03-04 15:00:00,88,22.59,22.59
9,2004-03-04 16:00:00,101,22.23,22.23
9,2004-03-04 17:00:00,97,21.38,21.38
9,2004-03-04 18:00:00,94,20.93,20.93
9,2004-03-04 19:00:00,94,20.79,20.79
9,2004-03-04 20:00:00,96,20.49,20.49
9,2004-03-04 21:00:00,92,20.29,20.29
9,2004-03-04 22:00:00,96,20.11,20.11
9,2004-03-04 23:00:00,96,19.93,19.93
9,2004-03-05 00:00:00,95,19.72,19.72
9,2004-03-05 01:00:00,92,19.46,19.46
9,2004-03-05 02:00:00,101,19.23,19.23
9,2004-03-05 03:00:00,90,18.93,18.93
9,2004-03-05 04:00:00,99,18.65,18.65
9,2004-03-05 05:00:00,91,18.52,18.52
9,2004-03-05 06:00:00,90,18.54,18.54
9,2004-03-05 07:00:00,90,23.24,23.24
9,2004-03-05 08:00:00,92,25.23,25.23
9,2004-03-05 09:00:00,101,25.79,25.79
9,2004-03-05 10:00:00,89,24.1,24.1
9,2004-03-05 11:00:00,101,22.45,22.45
9,2004-03-05 12:00:00,95,22.37,22.37
9,2004-03-05 13:00:00,83,22.38,22.38
9,2004-03-05 14:00:00,95,22.4,22.4
9,2004-03-05 15:00:00,91,22.33,22.33
9,2004-03-05 16:00:00,83,22.01,22.01
9,2004-03-05 17:00:00,92,21.71,21.71
9,2004-03-05 18:00:00,100,21.39,21.39
9,2004-03-05 19:00:00,96,21.12,21.12
9,2004-03-05 20:00:00,96,20.83,20.83
9,2004-03-05 21:00:00,91,20.5,20.5
9,2004-03-05 22:00:00,103,20.27,20.27
9,2004-03-05 23:00:00,88,20.1,20.1
9,2004-03-06 00:00:00,98,19.81,19.81
9,2004-03-06 01:00:00,93,19.53,19.53
9,2004-03-06 02:00:00,95,19.35,19.35
9,2004-03-06 03:00:00,87,19.24,19.24
9,2004-03-06 04:00:00,85,19.12,19.12
9,2004-03-06 05:00:00,85,18.94,18.94
9,2004-03-06 06:00:00,87,18.72,18.72
9,2004-03-06 07:00:00,90,18.91,18.91
9,2004-03-06 08:00:00,100,20.01,20.01
9,2004-03-06 09:00:00,95,21.29,21.29
9,2004-03-06 10:00:00,100,22.62,22.62
9,2004-03-06 11:00:00,89,23.7,23.7
9,2004-03-06 12:00:00,96,24.38,24.38
9,2004-03-06 13:00:00,86,24.82,24.82
9,2004-03-06 14:00:00,90,24.89,24.89
9,2004-03-06 15:00:00,91,24.85,24.85
9,2004-03-06 16:00:00,101,24.33,24.33
9,2004-03-06 17:00:00,93,23.73,23.73
9,2004-03-06 18:00:00,93,22.82,22.82
9,2004-03-06 19:00:00,92,22.21,22.21
9,2004-03-06 20:00:00,92,21.82,21.82
9,2004-03-06 21:00:00,84,21.49,21.49
9,2004-03-06 22:00:00,87,21.19,21.19
9,2004-03-06 23:00:00,99,20.8,20.8
9,2004-03-07 00:00:00,95,20.54,20.54
9,2004-03-07 01:00:00,92,20.28,20.28
9,2004-03-07 02:00:00,90,20.01,20.01
9,2004-03-07 03:00:00,91,19.82,19.82
9,2004-03-07 04:00:00,95,19.63,19.63
9,2004-03-07 05:00:00,94,19.48,19.48
9,2004-03-07 06:00:00,95,19.3,19.3
9,2004-03-07 07:00:00,93,19.55,19.55
9,2004-03-07 08:00:00,88,20.68,20.68
9,2004-03-07 09:00:00,97,22.0,22.0
9,2004-03-07 10:00:00,93,23.25,23.25
9,2004-03-07 11:00:00,88,24.3,24.3
9,2004-03-07 12:00:00,84,25.13,25.13
9,2004-03-07 13:00:00,94,25.83,25.83
9,2004-03-07 14:00:00,96,26.12,26.12
9,2004-03-07 15:00:00,105,25.98,25.98
9,2004-03-07 16:00:00,94,25.74,25.74
9,2004-03-07 17:00:00,89,25.03,25.03
9,2004-03-07 18:00:00,92,24.16,24.16
9,2004-03-07 19:00:00,101,23.45,23.45
9,2004-03-07 20:00:00,104,22.95,22.95
9,2004-03-07 21:00:00,102,22.61,22.61
9,2004-03-07 22:00:00,104,22.4,22.4
9,2004-03-07 23:00:00,96,22.18,22.18
9,2004-03-08 00:00:00,99,21.91,21.91
9,2004-03-08 01:00:00,98,21.65,21.65
9,2004-03-08 02:00:00,91,21.41,21.41
9,2004-03-08 03:00:00,97,21.18,21.18
9,2004-03-08 04:00:00,98,20.99,20.99
9,2004-03-08 05:00:00,103,20.8,20.8
9,2004-03-08 06:00:00,96,20.73,20.73
9,2004-03-08 07:00:00,99,25.19,25.19
9,2004-03-08 08:00:00,102,25.72,25.72
9,2004-03-08 09:00:00,97,23.51,23.51
9,2004-03-08 10:00:00,99,22.36,22.36
9,2004-03-08 11:00:00,93,22.98,22.98
9,2004-03-08 12:00:00,95,22.27,22.27
9,2004-03-08 13:00:00,89,22.39,22.39
9,2004-03-08 14:00:00,91,22.32,22.32
9,2004-03-08 15:00:00,86,22.02,22.02
9,2004-03-08 16:00:00,96,22.04,22.04
9,2004-03-08 17:00:00,84,21.93,21.93
9,2004-03-08 18:00:00,91,22.95,22.95
9,2004-03-08 19:00:00,94,23.45,23.45
9,2004-03-08 20:00:00,94,23.38,23.38
9,2004-03-08 21:00:00,82,23.2,23.2
9,2004-03-08 22:00:00,90,22.97,22.97
9,2004-03-08 23:00:00,76,22.75,22.75
9,2004-03-09 00:00:00,93,22.53,22.53
9,2004-03-09 01:00:00,86,22.21,22.21
9,2004-03-09 02:00:00,92,21.8,21.8
9,2004-03-09 03:00:00,73,21.44,21.44
9,2004-03-09 04:00:00,82,21.1,21.1
9,2004-03-09 05:00:00,84,20.92,20.92
9,2004-03-09 06:00:00,85,20.89,20.89
9,2004-03-09 07:00:00,81,24.77,24.77
9,2004-03-09 08:00:00,84,25.43,25.43
9,2004-03-09 09:00:00,88,22.81,22.81
9,2004-03-09 10:00:00,94,22.27,22.27
9,2004-03-09 11:00:00,88,23.1,23.1
9,2004-03-09 12:00:00,84,22.56,22.56
9,2004-03-09 13:00:00,84,22.7,22.7
9,2004-03-09 14:00:00,90,22.0,22.0
9,2004-03-09 15:00:00,97,22.07,22.07
9,2004-03-09 16:00:00,93,22.1,22.1
9,2004-03-09 17:00:00,92,21.52,21.52
9,2004-03-09 18:00:00,98,21.82,21.82
9,2004-03-09 19:00:00,101,22.09,22.09
9,2004-03-09 20:00:00,89,22.02,22.02
9,2004-03-09 21:00:00,100,21.85,21.85
9,2004-03-09 22:00:00,96,21.84,21.84
9,2004-03-09 23:00:00,94,21.78,21.78
9,2004-03-10 00:00:00,96,21.74,21.74
9,2004-03-10 01:00:00,90,21.5,21.5
9,2004-03-10 02:00:00,93,21.21,21.21
9,2004-03-10 03:00:00,90,21.15,21.15
9,2004-03-10 04:00:00,93,21.07,21.07
9,2004-03-10 05:00:00,101,21.0,21.0
9,2004-03-10 06:00:00,90,21.02,21.02
9,2004-03-10 07:00:00,89,24.85,24.85
9,2004-03-10 08:00:00,93,25.63,25.63
9,2004-03-10 09:00:00,5,26.24,26.24
9,2004-03-11 09:00:00,44,25.7,25.7
9,2004-03-11 10:00:00,103,23.41,23.41
9,2004-03-11 11:00:00,103,23.32,23.32
9,2004-03-11 12:00:00,105,22.98,22.98
9,2004-03-11 13:00:00,108,22.85,22.85
9,2004-03-11 14:00:00,107,22.87,22.87
9,2004-03-11 15:00:00,103,23.03,23.03
9,2004-03-11 16:00:00,106,22.83,22.83
9,2004-03-11 17:00:00,77,21.66,21.66
9,2004-03-11 18:00:00,81,21.91,21.91
9,2004-03-11 19:00:00,86,22.03,22.03
9,2004-03-11 20:00:00,80,21.83,21.83
9,2004-03-11 21:00:00,91,21.62,21.62
9,2004-03-11 22:00:00,88,21.33,21.33
9,2004-03-11 23:00:00,97,21.08,21.08
9,2004-03-12 00:00:00,84,20.67,20.67
9,2004-03-12 01:00:00,83,20.26,20.26
9,2004-03-12 02:00:00,74,19.99,19.99
9,2004-03-12 03:00:00,80,19.71,19.71
9,2004-03-12 04:00:00,82,19.43,19.43
9,2004-03-12 05:00:00,77,19.19,19.19
9,2004-03-12 06:00:00,90,19.19,19.19
9,2004-03-12 07:00:00,80,20.43,20.43
9,2004-03-12 08:00:00,85,20.81,20.81
9,2004-03-12 09:00:00,87,21.69,21.69
9,2004-03-12 10:00:00,70,22.6,22.6
9,2004-03-12 11:00:00,81,23.09,23.09
9,2004-03-12 12:00:00,83,23.29,23.29
9,2004-03-12 13:00:00,79,23.0,23.0
9,2004-03-12 14:00:00,84,22.85,22.85
9,2004-03-12 15:00:00,80,22.66,22.66
9,2004-03-12 16:00:00,80,22.67,22.67
9,2004-03-12 17:00:00,82,21.48,21.48
9,2004-03-12 18:00:00,81,21.48,21.48
