sensor_id,ts,voltage,voltage_1h_avg,n_in_window
1,2004-02-28 00:59:16.027850,2.69964,2.6996,1
1,2004-02-28 01:03:16.333930,2.68742,2.6935,2
1,2004-02-28 01:06:16.013453,2.68742,2.6915,3
1,2004-02-28 01:06:46.778088,2.69964,2.6935,4
1,2004-02-28 01:08:45.992524,2.68742,2.6923,5
1,2004-02-28 01:09:22.323858,2.68742,2.6915,6
1,2004-02-28 01:09:46.109598,2.68742,2.6909,7
1,2004-02-28 01:10:16.678900,2.69964,2.692,8
1,2004-02-28 01:10:46.250524,2.68742,2.6915,9
1,2004-02-28 01:11:46.941288,2.69964,2.6923,10
1,2004-02-28 01:12:46.251377,2.68742,2.6919,11
1,2004-02-28 01:14:16.631270,2.69964,2.6925,12
1,2004-02-28 01:14:46.569352,2.69964,2.6931,13
1,2004-02-28 01:15:16.649556,2.69964,2.6935,14
1,2004-02-28 01:16:16.343708,2.69964,2.6939,15
1,2004-02-28 01:16:46.508622,2.69964,2.6943,16
1,2004-02-28 01:17:46.427446,2.69964,2.6946,17
1,2004-02-28 01:18:16.468248,2.69964,2.6949,18
1,2004-02-28 01:20:16.107740,2.68742,2.6945,19
1,2004-02-28 01:20:46.033312,2.69964,2.6948,20
1,2004-02-28 01:21:16.648189,2.69964,2.695,21
1,2004-02-28 01:22:16.026390,2.69964,2.6952,22
1,2004-02-28 01:23:16.899912,2.68742,2.6949,23
1,2004-02-28 01:23:46.545863,2.69964,2.6951,24
1,2004-02-28 01:24:16.176842,2.69964,2.6952,25
1,2004-02-28 01:26:16.656972,2.68742,2.6949,26
1,2004-02-28 01:26:46.463293,2.69964,2.6951,27
1,2004-02-28 01:28:46.483577,2.68742,2.6948,28
1,2004-02-28 01:29:46.102532,2.69964,2.695,29
1,2004-02-28 01:30:46.454955,2.68742,2.6948,30
1,2004-02-28 01:32:16.561857,2.69964,2.6949,31
1,2004-02-28 01:32:46.312039,2.69964,2.6951,32
1,2004-02-28 01:33:46.446315,2.68742,2.6948,33
1,2004-02-28 01:34:46.258012,2.68742,2.6946,34
1,2004-02-28 01:35:16.394184,2.69964,2.6948,35
1,2004-02-28 01:36:16.806149,2.68742,2.6945,36
1,2004-02-28 01:36:46.872566,2.69964,2.6947,37
1,2004-02-28 01:37:16.691853,2.69964,2.6948,38
1,2004-02-28 01:39:46.158044,2.68742,2.6946,39
1,2004-02-28 01:42:16.849635,2.68742,2.6944,40
1,2004-02-28 01:42:46.087976,2.69964,2.6946,41
1,2004-02-28 01:44:16.118274,2.68742,2.6944,42
1,2004-02-28 01:45:46.665826,2.69964,2.6945,43
1,2004-02-28 01:46:46.411103,2.68742,2.6944,44
1,2004-02-28 01:48:46.481060,2.69964,2.6945,45
1,2004-02-28 01:49:46.499231,2.69964,2.6946,46
1,2004-02-28 01:50:16.243615,2.69964,2.6947,47
1,2004-02-28 01:50:46.640656,2.68742,2.6945,48
1,2004-02-28 01:51:16.492577,2.69964,2.6947,49
1,2004-02-28 01:52:16.658227,2.68742,2.6945,50
1,2004-02-28 01:54:46.362044,2.69964,2.6946,51
1,2004-02-28 01:56:16.384579,2.69964,2.6947,52
1,2004-02-28 01:57:16.176569,2.68742,2.6946,53
1,2004-02-28 02:01:46.132962,2.69964,2.6946,53
1,2004-02-28 02:10:16.280780,2.68742,2.6951,48
1,2004-02-28 02:11:16.721059,2.69964,2.6952,47
1,2004-02-28 02:12:46.278991,2.68742,2.6951,46
1,2004-02-28 02:13:16.505098,2.68742,2.695,47
1,2004-02-28 02:14:46.685489,2.68742,2.6946,46
1,2004-02-28 02:16:46.546677,2.68742,2.6941,44
1,2004-02-28 02:18:46.231028,2.68742,2.6937,43
1,2004-02-28 02:19:16.175456,2.68742,2.6935,44
1,2004-02-28 02:19:46.991259,2.69964,2.6937,45
1,2004-02-28 02:20:46.870029,2.69964,2.6938,44
1,2004-02-28 02:21:16.554543,2.68742,2.6937,45
1,2004-02-28 02:21:46.303901,2.69964,2.6937,45
1,2004-02-28 02:23:16.603150,2.68742,2.6934,45
1,2004-02-28 02:23:46.449420,2.69964,2.6937,45
1,2004-02-28 02:24:46.059627,2.68742,2.6933,44
1,2004-02-28 02:25:46.515577,2.69964,2.6934,45
1,2004-02-28 02:26:17.231310,2.69964,2.6937,45
1,2004-02-28 02:30:16.107116,2.69964,2.6937,43
1,2004-02-28 02:31:16.348393,2.68742,2.6937,43
1,2004-02-28 02:31:46.107955,2.68742,2.6935,44
1,2004-02-28 02:34:46.698204,2.68742,2.6934,41
1,2004-02-28 02:35:46.720846,2.68742,2.6931,41
1,2004-02-28 02:36:16.849224,2.69964,2.6934,41
1,2004-02-28 02:37:46.514175,2.68742,2.6929,40
1,2004-02-28 02:40:16.927811,2.68742,2.6929,40
1,2004-02-28 02:40:46.121260,2.68742,2.6928,41
1,2004-02-28 02:41:16.692999,2.69964,2.6929,42
1,2004-02-28 02:42:46.365373,2.68742,2.6928,41
1,2004-02-28 02:43:46.923849,2.68742,2.6927,42
1,2004-02-28 02:46:46.166591,2.68742,2.6925,41
1,2004-02-28 02:47:46.132100,2.69964,2.6928,41
1,2004-02-28 02:50:16.186743,2.68742,2.6923,40
1,2004-02-28 03:02:17.064743,2.67532,2.6911,33
1,2004-02-28 03:05:46.581160,2.68742,2.691,34
1,2004-02-28 03:07:46.193901,2.68742,2.6909,35
1,2004-02-28 03:08:16.336506,2.68742,2.6908,36
1,2004-02-28 03:08:47.118704,2.69964,2.6911,37
1,2004-02-28 03:10:17.006142,2.68742,2.6911,37
1,2004-02-28 03:10:46.497890,2.68742,2.691,38
1,2004-02-28 03:15:16.947661,2.68742,2.6909,35
1,2004-02-28 03:19:17.102594,2.68742,2.6911,33
1,2004-02-28 03:20:46.586630,2.68742,2.6908,33
1,2004-02-28 03:23:46.447157,2.68742,2.6903,30
1,2004-02-28 03:24:16.877689,2.68742,2.6899,30
1,2004-02-28 03:25:16.353580,2.68742,2.6899,30
1,2004-02-28 03:26:16.320539,2.68742,2.6895,30
1,2004-02-28 03:28:47.036129,2.68742,2.6891,30
1,2004-02-28 03:29:47.077182,2.67532,2.6886,31
1,2004-02-28 03:30:16.265942,2.69964,2.6886,31
1,2004-02-28 03:32:16.659595,2.68742,2.6886,30
1,2004-02-28 03:33:46.915347,2.68742,2.6886,31
1,2004-02-28 03:34:46.131660,2.68742,2.6886,32
1,2004-02-28 03:36:16.504041,2.69964,2.689,31
1,2004-02-28 03:36:47.220557,2.68742,2.6886,31
1,2004-02-28 03:37:46.336297,2.68742,2.6886,32
1,2004-02-28 03:40:47.111611,2.69964,2.6891,30
1,2004-02-28 03:41:16.942030,2.68742,2.6886,30
1,2004-02-28 03:41:47.056264,2.68742,2.6886,31
1,2004-02-28 03:42:16.338341,2.69964,2.689,32
1,2004-02-28 03:45:46.527424,2.68742,2.689,31
1,2004-02-28 03:46:16.159884,2.68742,2.689,32
1,2004-02-28 03:48:16.620748,2.67532,2.6882,31
1,2004-02-28 03:48:47.027382,2.68742,2.6882,32
1,2004-02-28 03:49:17.144805,2.68742,2.6882,33
1,2004-02-28 03:50:16.962891,2.68742,2.6882,33
1,2004-02-28 03:51:16.663160,2.68742,2.6881,34
1,2004-02-28 03:52:46.918528,2.68742,2.6881,35
1,2004-02-28 03:53:16.177309,2.68742,2.6881,36
1,2004-02-28 03:53:46.584561,2.68742,2.6881,37
1,2004-02-28 03:54:46.518158,2.68742,2.6881,38
1,2004-02-28 03:56:46.430894,2.67532,2.6877,39
1,2004-02-28 03:57:16.842068,2.68742,2.6877,40
1,2004-02-28 03:58:47.007662,2.68742,2.6877,41
1,2004-02-28 04:00:16.541715,2.68742,2.6877,42
1,2004-02-28 04:01:16.384799,2.69964,2.688,43
1,2004-02-28 04:03:18.685070,2.68742,2.6883,43
1,2004-02-28 04:05:47.033904,2.68742,2.6883,43
1,2004-02-28 04:08:16.775742,2.68742,2.6883,42
1,2004-02-28 04:08:46.835821,2.67532,2.688,43
1,2004-02-28 04:09:16.243433,2.68742,2.6877,43
1,2004-02-28 04:10:46.322553,2.68742,2.6877,43
1,2004-02-28 04:11:16.776434,2.68742,2.6877,43
1,2004-02-28 04:11:47.203717,2.67532,2.6874,44
1,2004-02-28 04:14:17.118766,2.68742,2.6874,45
1,2004-02-28 04:15:46.647095,2.68742,2.6874,45
1,2004-02-28 04:16:17.073143,2.68742,2.6874,46
1,2004-02-28 04:18:47.019399,2.68742,2.6874,47
1,2004-02-28 04:19:46.511723,2.68742,2.6874,47
1,2004-02-28 04:21:46.307589,2.68742,2.6874,47
1,2004-02-28 04:23:46.854938,2.67532,2.6872,47
1,2004-02-28 04:25:17.167535,2.68742,2.6872,46
1,2004-02-28 04:26:16.276988,2.68742,2.6872,47
1,2004-02-28 04:26:47.042855,2.68742,2.6872,47
1,2004-02-28 04:27:16.717718,2.67532,2.6869,48
1,2004-02-28 04:27:47.185901,2.69964,2.6872,49
1,2004-02-28 04:29:46.692513,2.67532,2.6869,49
1,2004-02-28 04:30:16.282320,2.68742,2.6869,48
1,2004-02-28 04:31:46.793372,2.68742,2.6869,49
1,2004-02-28 04:35:16.476847,2.67532,2.6867,47
1,2004-02-28 04:35:46.562472,2.67532,2.6864,48
1,2004-02-28 04:36:46.962053,2.68742,2.6862,48
1,2004-02-28 04:40:16.838106,2.68742,2.6861,47
1,2004-02-28 04:40:47.105162,2.68742,2.6862,48
1,2004-02-28 04:44:16.859965,2.67532,2.6853,45
1,2004-02-28 04:45:16.420203,2.68742,2.6853,46
1,2004-02-28 04:45:47.139975,2.68742,2.6853,46
1,2004-02-28 04:46:16.314707,2.68742,2.6853,46
1,2004-02-28 04:46:46.549757,2.68742,2.6854,47
1,2004-02-28 04:48:16.528963,2.67532,2.6852,48
1,2004-02-28 04:48:46.700718,2.67532,2.6852,48
1,2004-02-28 04:50:46.587995,2.68742,2.6851,46
1,2004-02-28 04:51:16.536370,2.68742,2.6851,47
1,2004-02-28 04:54:46.657051,2.67532,2.6846,43
1,2004-02-28 04:55:17.164820,2.68742,2.6847,44
1,2004-02-28 04:56:17.120256,2.67532,2.6845,45
1,2004-02-28 04:57:16.358003,2.67532,2.6845,45
1,2004-02-28 04:59:46.529357,2.67532,2.6841,44
1,2004-02-28 05:03:16.388863,2.67532,2.6835,43
1,2004-02-28 05:05:16.623231,2.67532,2.6832,43
1,2004-02-28 05:06:17.027375,2.67532,2.6829,43
1,2004-02-28 05:07:17.167233,2.67532,2.6827,44
1,2004-02-28 05:08:46.970460,2.67532,2.6826,43
1,2004-02-28 05:10:16.805574,2.67532,2.6824,43
1,2004-02-28 05:10:46.511080,2.68742,2.6824,43
1,2004-02-28 05:11:17.021858,2.68742,2.6824,43
1,2004-02-28 05:11:47.005176,2.68742,2.6825,44
1,2004-02-28 05:12:16.945328,2.67532,2.6825,44
1,2004-02-28 05:14:47.190811,2.67532,2.6822,44
1,2004-02-28 05:15:47.188254,2.67532,2.6819,44
1,2004-02-28 05:16:17.300349,2.68742,2.6819,44
1,2004-02-28 05:17:16.424978,2.68742,2.682,45
1,2004-02-28 05:17:46.812866,2.68742,2.6822,46
1,2004-02-28 05:23:46.520350,2.67532,2.6816,44
1,2004-02-28 05:24:16.855154,2.67532,2.6816,44
1,2004-02-28 05:25:47.257361,2.67532,2.6814,44
1,2004-02-28 05:26:47.319359,2.68742,2.6812,43
1,2004-02-28 05:29:17.187820,2.67532,2.6808,42
1,2004-02-28 05:29:47.515624,2.67532,2.6808,42
1,2004-02-28 05:31:46.788733,2.68742,2.6808,42
1,2004-02-28 05:32:16.483466,2.67532,2.6805,42
1,2004-02-28 05:32:46.884373,2.67532,2.6804,43
1,2004-02-28 05:33:16.692785,2.67532,2.6803,44
1,2004-02-28 05:34:17.144783,2.68742,2.6804,45
1,2004-02-28 05:36:47.408070,2.67532,2.6804,43
1,2004-02-28 05:38:17.018901,2.68742,2.6805,44
1,2004-02-28 05:39:16.758309,2.67532,2.6804,45
1,2004-02-28 05:40:17.035065,2.68742,2.6804,45
1,2004-02-28 05:40:47.232628,2.67532,2.6802,45
1,2004-02-28 05:41:16.821731,2.67532,2.6801,46
1,2004-02-28 05:42:46.557994,2.67532,2.68,47
1,2004-02-28 05:44:16.345102,2.67532,2.6799,48
1,2004-02-28 05:44:47.258068,2.68742,2.6801,48
1,2004-02-28 05:46:17.459428,2.66332,2.6793,46
1,2004-02-28 05:49:47.097164,2.67532,2.6792,44
1,2004-02-28 05:51:16.588336,2.68742,2.679,43
1,2004-02-28 05:54:47.287403,2.67532,2.679,43
1,2004-02-28 05:55:17.113072,2.67532,2.6789,44
1,2004-02-28 05:55:46.759724,2.67532,2.6786,44
1,2004-02-28 05:56:16.598863,2.67532,2.6785,45
1,2004-02-28 05:57:47.117281,2.67532,2.6786,44
1,2004-02-28 05:58:47.160050,2.68742,2.6788,45
1,2004-02-28 05:59:46.963470,2.67532,2.6788,45
1,2004-02-28 06:01:16.399479,2.67532,2.6787,46
1,2004-02-28 06:03:17.064269,2.67532,2.6787,46
1,2004-02-28 06:03:46.715768,2.67532,2.6787,47
1,2004-02-28 06:05:16.404957,2.67532,2.6786,48
1,2004-02-28 06:06:17.440443,2.68742,2.6789,47
1,2004-02-28 06:06:47.131433,2.67532,2.6789,48
1,2004-02-28 06:07:46.813514,2.67532,2.6789,48
1,2004-02-28 06:08:16.709038,2.68742,2.679,49
1,2004-02-28 06:09:17.629072,2.67532,2.679,49
1,2004-02-28 06:09:47.027577,2.67532,2.679,50
1,2004-02-28 06:10:16.890488,2.67532,2.679,50
1,2004-02-28 06:10:47.223797,2.68742,2.679,50
1,2004-02-28 06:11:16.743329,2.67532,2.6789,51
1,2004-02-28 06:11:46.637331,2.68742,2.6789,51
1,2004-02-28 06:12:16.895711,2.67532,2.6786,51
1,2004-02-28 06:13:16.457019,2.67532,2.6786,51
1,2004-02-28 06:15:17.648881,2.67532,2.6786,51
1,2004-02-28 06:16:17.317803,2.68742,2.6787,50
1,2004-02-28 06:17:16.937422,2.67532,2.6785,50
1,2004-02-28 06:19:46.919439,2.67532,2.6782,50
1,2004-02-28 06:22:17.293348,2.66332,2.6779,51
1,2004-02-28 06:23:17.705597,2.67532,2.6779,52
1,2004-02-28 06:24:46.464404,2.67532,2.6779,51
1,2004-02-28 06:25:17.189367,2.67532,2.6779,52
1,2004-02-28 06:27:16.465536,2.67532,2.6777,51
1,2004-02-28 06:27:46.584588,2.67532,2.6777,52
1,2004-02-28 06:28:47.126615,2.67532,2.6776,53
1,2004-02-28 06:30:47.445161,2.67532,2.6777,52
1,2004-02-28 06:32:17.243803,2.67532,2.6775,51
1,2004-02-28 06:34:16.766473,2.67532,2.6775,50
1,2004-02-28 06:35:47.107717,2.67532,2.6773,50
1,2004-02-28 06:36:46.775493,2.68742,2.6775,51
1,2004-02-28 06:37:46.486717,2.67532,2.6775,51
1,2004-02-28 06:38:16.836008,2.67532,2.6774,52
1,2004-02-28 06:38:47.467064,2.67532,2.6772,52
1,2004-02-28 06:39:17.260621,2.67532,2.6772,52
1,2004-02-28 06:39:47.479108,2.67532,2.6772,53
1,2004-02-28 06:40:16.680876,2.67532,2.6771,54
1,2004-02-28 06:40:46.901212,2.67532,2.6769,54
1,2004-02-28 06:42:16.783051,2.68742,2.6772,53
1,2004-02-28 06:43:47.046639,2.68742,2.6774,53
1,2004-02-28 06:49:47.029614,2.67532,2.6775,51
1,2004-02-28 06:53:17.426904,2.67532,2.6773,50
1,2004-02-28 07:00:17.369668,2.67532,2.6772,44
1,2004-02-28 07:03:17.465725,2.67532,2.6773,43
1,2004-02-28 07:04:17.597071,2.67532,2.6773,43
1,2004-02-28 07:05:17.330544,2.67532,2.6773,43
1,2004-02-28 07:10:47.838123,2.67532,2.6767,36
1,2004-02-28 07:14:16.680696,2.67532,2.6764,33
1,2004-02-28 07:16:46.674570,2.67532,2.6761,32
1,2004-02-28 07:29:16.887654,2.67532,2.6768,24
1,2004-02-28 07:29:46.705759,2.68742,2.6773,25
1,2004-02-28 07:32:17.131713,2.67532,2.6773,25
1,2004-02-28 07:35:47.113953,2.67532,2.6774,23
1,2004-02-28 07:36:17.194981,2.67532,2.6773,24
1,2004-02-28 07:37:17.227013,2.68742,2.6773,24
1,2004-02-28 07:38:17.809174,2.68742,2.678,23
1,2004-02-28 07:38:48.000110,2.67532,2.678,23
1,2004-02-28 07:39:17.124362,2.67532,2.6778,24
1,2004-02-28 07:41:17.130624,2.68742,2.6788,21
1,2004-02-28 07:41:46.966421,2.68742,2.6792,22
1,2004-02-28 07:43:47.524823,2.67532,2.6782,21
1,2004-02-28 07:44:47.430977,2.67532,2.6781,22
1,2004-02-28 07:45:16.813396,2.67532,2.678,23
1,2004-02-28 07:45:46.961379,2.67532,2.6778,24
1,2004-02-28 07:46:46.844655,2.67532,2.6777,25
1,2004-02-28 07:47:17.409702,2.67532,2.6776,26
1,2004-02-28 07:47:47.200804,2.67532,2.6776,27
1,2004-02-28 07:49:17.367968,2.67532,2.6775,28
1,2004-02-28 07:49:46.555703,2.67532,2.6774,29
1,2004-02-28 07:50:17.145631,2.67532,2.6774,29
1,2004-02-28 07:51:17.066356,2.67532,2.6773,30
1,2004-02-28 07:54:46.722589,2.67532,2.6773,30
1,2004-02-28 07:55:17.413924,2.68742,2.6777,31
1,2004-02-28 07:59:46.849440,2.68742,2.678,32
1,2004-02-28 08:01:16.853075,2.67532,2.678,32
1,2004-02-28 08:04:16.681700,2.68742,2.6783,32
1,2004-02-28 08:06:47.363341,2.68742,2.6788,31
1,2004-02-28 08:07:17.819313,2.68742,2.6791,32
1,2004-02-28 08:08:16.920596,2.68742,2.6794,33
1,2004-02-28 08:11:16.846710,2.67532,2.6794,33
1,2004-02-28 08:12:48.051422,2.68742,2.6796,34
1,2004-02-28 08:13:18.270816,2.68742,2.6798,35
1,2004-02-28 08:13:47.810027,2.68742,2.68,36
1,2004-02-28 08:14:16.654990,2.68742,2.6802,37
1,2004-02-28 08:14:47.632289,2.68742,2.6806,37
1,2004-02-28 08:15:17.844953,2.68742,2.6807,38
1,2004-02-28 08:15:46.932263,2.68742,2.6809,39
1,2004-02-28 08:19:47.713240,2.68742,2.6812,39
1,2004-02-28 08:21:17.597275,2.68742,2.6814,40
1,2004-02-28 08:22:18.006932,2.68742,2.6815,41
1,2004-02-28 08:23:16.876998,2.68742,2.6817,42
1,2004-02-28 08:24:16.673920,2.68742,2.6818,43
1,2004-02-28 08:25:17.835513,2.68742,2.6819,44
1,2004-02-28 08:26:47.857875,2.69964,2.6823,45
1,2004-02-28 08:27:47.570686,2.68742,2.6824,46
1,2004-02-28 08:28:17.906427,2.69964,2.6828,47
1,2004-02-28 08:30:17.410797,2.68742,2.683,46
1,2004-02-28 08:30:47.166807,2.69964,2.6833,47
1,2004-02-28 08:31:46.865476,2.68742,2.6834,48
1,2004-02-28 08:32:47.570253,2.69964,2.6839,48
1,2004-02-28 08:35:17.929571,2.69964,2.6842,49
1,2004-02-28 08:35:47.736949,2.68742,2.6845,49
1,2004-02-28 08:36:17.760610,2.69964,2.685,49
1,2004-02-28 08:39:18.273041,2.69964,2.6856,46
1,2004-02-28 08:41:47.459275,2.69964,2.6858,45
1,2004-02-28 08:42:16.710528,2.68742,2.6859,46
1,2004-02-28 08:42:47.664119,2.69964,2.6862,47
1,2004-02-28 08:47:46.800312,2.69964,2.688,42
1,2004-02-28 08:49:17.168106,2.69964,2.6886,42
1,2004-02-28 08:54:17.442949,2.69964,2.6902,39
1,2004-02-28 08:55:47.808045,2.69964,2.691,38
1,2004-02-28 08:56:18.038989,2.69964,2.6912,39
1,2004-02-28 08:58:47.874200,2.69964,2.6914,40
1,2004-02-28 08:59:47.636166,2.69964,2.6917,40
1,2004-02-28 09:00:47.194430,2.69964,2.6919,41
1,2004-02-28 09:02:48.432426,2.69964,2.6925,41
1,2004-02-28 09:04:16.937608,2.69964,2.6928,41
1,2004-02-28 09:06:17.632418,2.69964,2.693,42
1,2004-02-28 09:11:17.074499,2.71196,2.6943,39
1,2004-02-28 09:11:48.403808,2.71196,2.6948,40
1,2004-02-28 09:12:47.546582,2.71196,2.6952,41
1,2004-02-28 09:13:18.483904,2.71196,2.696,40
1,2004-02-28 09:13:48.367793,2.71196,2.6966,40
1,2004-02-28 09:14:17.324199,2.71196,2.6972,40
1,2004-02-28 09:14:47.804865,2.71196,2.6978,40
1,2004-02-28 09:15:47.929036,2.71196,2.6987,39
1,2004-02-28 09:16:17.170041,2.71196,2.6991,40
1,2004-02-28 09:16:47.013722,2.69964,2.6991,41
1,2004-02-28 09:17:47.224685,2.71196,2.6994,42
1,2004-02-28 09:18:47.591686,2.71196,2.6997,43
1,2004-02-28 09:19:18.223490,2.71196,2.6999,44
1,2004-02-28 09:19:47.581454,2.71196,2.7002,45
1,2004-02-28 09:20:47.731894,2.71196,2.7008,45
1,2004-02-28 09:21:18.850325,2.71196,2.7013,45
1,2004-02-28 09:23:18.457358,2.71196,2.7022,44
1,2004-02-28 09:23:47.007217,2.71196,2.7024,45
1,2004-02-28 09:24:17.595944,2.71196,2.7029,45
1,2004-02-28 09:25:47.692026,2.71196,2.7035,45
1,2004-02-28 09:26:48.148059,2.71196,2.7038,45
1,2004-02-28 09:27:16.887541,2.7244,2.7042,46
1,2004-02-28 09:29:18.355047,2.71196,2.7049,45
1,2004-02-28 09:29:47.237802,2.7244,2.7053,46
1,2004-02-28 09:31:17.002886,2.71196,2.7059,45
1,2004-02-28 09:33:18.675283,2.7244,2.7069,44
1,2004-02-28 09:33:48.395299,2.7244,2.7073,45
1,2004-02-28 09:34:17.649673,2.71196,2.7074,46
1,2004-02-28 09:34:47.207961,2.71196,2.7075,47
1,2004-02-28 09:35:18.459294,2.7244,2.708,47
1,2004-02-28 09:35:47.191022,2.7244,2.7084,48
1,2004-02-28 09:36:48.887322,2.7244,2.7094,47
1,2004-02-28 09:37:47.214097,2.7244,2.7097,48
1,2004-02-28 09:38:17.058752,2.71196,2.7097,49
1,2004-02-28 09:39:18.106053,2.7244,2.71,50
1,2004-02-28 09:39:48.050812,2.71196,2.7103,50
1,2004-02-28 09:40:17.879248,2.7244,2.7105,51
1,2004-02-28 09:41:17.172735,2.7244,2.7108,52
1,2004-02-28 09:43:16.934353,2.7244,2.712,50
1,2004-02-28 09:46:47.874724,2.71196,2.712,51
1,2004-02-28 09:47:46.750151,2.7244,2.7122,52
1,2004-02-28 09:48:17.109163,2.7244,2.7127,52
1,2004-02-28 09:49:47.739135,2.71196,2.7129,52
1,2004-02-28 09:51:47.732764,2.7244,2.7132,53
1,2004-02-28 09:52:46.999592,2.7244,2.7134,54
1,2004-02-28 09:53:18.115871,2.7244,2.7136,55
1,2004-02-28 09:54:18.078011,2.73696,2.7142,55
1,2004-02-28 09:54:47.357773,2.7244,2.7144,56
1,2004-02-28 09:55:16.975659,2.71196,2.7144,57
1,2004-02-28 09:55:46.762775,2.7244,2.7146,58
1,2004-02-28 09:56:17.402154,2.7244,2.715,58
1,2004-02-28 09:57:16.963390,2.7244,2.7154,58
1,2004-02-28 09:57:48.705279,2.7244,2.7156,59
1,2004-02-28 09:58:16.903314,2.7244,2.7157,60
1,2004-02-28 09:58:47.985815,2.7244,2.7161,60
1,2004-02-28 09:59:16.879398,2.7244,2.7163,61
1,2004-02-28 09:59:47.646142,2.7244,2.7167,61
1,2004-02-28 10:00:17.380354,2.73696,2.717,62
1,2004-02-28 10:00:47.502209,2.7244,2.7174,62
1,2004-02-28 10:01:17.030659,2.7244,2.7175,63
1,2004-02-28 10:04:48.343405,2.7244,2.7182,62
1,2004-02-28 10:05:47.684294,2.7244,2.7183,63
1,2004-02-28 10:06:17.592574,2.7244,2.7184,64
1,2004-02-28 10:07:17.837028,2.73696,2.719,64
1,2004-02-28 10:07:47.965621,2.7244,2.719,65
1,2004-02-28 10:08:47.351802,2.73696,2.7193,66
1,2004-02-28 10:10:17.929431,2.7244,2.7194,67
1,2004-02-28 10:10:49.022495,2.7244,2.7195,68
1,2004-02-28 10:12:48.222849,2.7244,2.7199,66
1,2004-02-28 10:15:48.036110,2.73696,2.7208,62
1,2004-02-28 10:16:46.867063,2.7244,2.721,62
1,2004-02-28 10:18:17.392711,2.73696,2.7218,61
1,2004-02-28 10:18:47.308278,2.7244,2.7218,62
1,2004-02-28 10:21:17.366609,2.7244,2.7225,59
1,2004-02-28 10:23:17.460197,2.73696,2.7229,59
1,2004-02-28 10:23:47.284647,2.73696,2.7236,58
1,2004-02-28 10:24:17.593831,2.73696,2.7238,59
1,2004-02-28 10:24:48.193557,2.73696,2.7242,59
1,2004-02-28 10:25:47.166135,2.7244,2.7242,60
1,2004-02-28 10:26:17.843579,2.73696,2.7246,60
1,2004-02-28 10:26:47.684725,2.74963,2.725,61
1,2004-02-28 10:27:18.670899,2.73696,2.7255,60
1,2004-02-28 10:27:46.988208,2.73696,2.7257,61
1,2004-02-28 10:29:17.408282,2.7244,2.7256,62
1,2004-02-28 10:29:47.459184,2.73696,2.7261,61
1,2004-02-28 10:30:17.261802,2.73696,2.7262,62
1,2004-02-28 10:32:17.196145,2.73696,2.7266,62
1,2004-02-28 10:35:18.205764,2.73696,2.7274,59
1,2004-02-28 10:36:16.994698,2.73696,2.7277,58
1,2004-02-28 10:37:17.616115,2.73696,2.7279,58
1,2004-02-28 10:37:47.674644,2.73696,2.7281,58
1,2004-02-28 10:38:17.289624,2.73696,2.7285,58
1,2004-02-28 10:38:47.224333,2.73696,2.7287,59
1,2004-02-28 10:39:46.759594,2.73696,2.7289,59
1,2004-02-28 10:41:16.994309,2.7244,2.7292,58
1,2004-02-28 10:42:47.925758,2.73696,2.7294,58
1,2004-02-28 10:45:47.793577,2.73696,2.7296,58
1,2004-02-28 10:46:18.094586,2.73696,2.7297,59
1,2004-02-28 10:50:47.444741,2.73696,2.7307,56
1,2004-02-28 10:51:48.065804,2.73696,2.7309,56
1,2004-02-28 10:53:18.604161,2.74963,2.7315,55
1,2004-02-28 10:53:48.410107,2.73696,2.7316,56
1,2004-02-28 10:55:47.205874,2.73696,2.7322,53
1,2004-02-28 10:57:17.152940,2.73696,2.7326,52
1,2004-02-28 10:58:47.165000,2.73696,2.733,51
1,2004-02-28 11:00:48.600247,2.73696,2.7338,47
1,2004-02-28 11:02:18.409063,2.74963,2.7343,47
1,2004-02-28 11:02:47.498406,2.74963,2.7346,48
1,2004-02-28 11:03:17.513272,2.73696,2.7347,49
1,2004-02-28 11:04:47.622515,2.73696,2.7347,50
1,2004-02-28 11:06:46.988167,2.74963,2.7357,48
1,2004-02-28 11:07:48.758701,2.73696,2.7359,47
1,2004-02-28 11:08:17.545197,2.73696,2.7359,48
1,2004-02-28 11:08:48.260734,2.73696,2.7359,48
1,2004-02-28 11:09:47.655684,2.74963,2.7362,49
1,2004-02-28 11:10:18.903831,2.73696,2.7365,49
1,2004-02-28 11:10:47.083690,2.74963,2.7367,50
1,2004-02-28 11:11:17.187987,2.73696,2.737,50
1,2004-02-28 11:12:48.609997,2.74963,2.7375,50
1,2004-02-28 11:13:47.623607,2.74963,2.7377,51
1,2004-02-28 11:15:48.239674,2.73696,2.7377,51
1,2004-02-28 11:16:18.546304,2.74963,2.7379,52
1,2004-02-28 11:16:47.427118,2.74963,2.7384,52
1,2004-02-28 11:17:17.648180,2.74963,2.7386,53
1,2004-02-28 11:17:47.129150,2.74963,2.7388,54
1,2004-02-28 11:18:48.360431,2.73696,2.7391,53
1,2004-02-28 11:19:17.252328,2.73696,2.7391,54
1,2004-02-28 11:22:48.393529,2.73696,2.7393,54
1,2004-02-28 11:24:17.225243,2.74963,2.7396,53
1,2004-02-28 11:25:17.404562,2.73696,2.7396,52
1,2004-02-28 11:27:16.884757,2.73696,2.7398,50
1,2004-02-28 11:28:47.345717,2.74963,2.7401,49
1,2004-02-28 11:30:19.044853,2.73696,2.7405,47
1,2004-02-28 11:31:46.902787,2.73696,2.7404,48
1,2004-02-28 11:33:16.920873,2.74963,2.7407,48
1,2004-02-28 11:34:17.583010,2.74963,2.7408,49
1,2004-02-28 11:34:48.111486,2.73696,2.7408,50
1,2004-02-28 11:35:17.206889,2.74963,2.7409,51
1,2004-02-28 11:36:18.822497,2.74963,2.7413,50
1,2004-02-28 11:37:16.946634,2.74963,2.7414,51
1,2004-02-28 11:38:48.862273,2.74963,2.742,48
1,2004-02-28 11:39:18.073386,2.73696,2.7419,49
1,2004-02-28 11:40:48.206488,2.73696,2.7419,49
1,2004-02-28 11:41:17.165271,2.74963,2.7424,49
1,2004-02-28 11:41:48.137578,2.73696,2.7423,50
1,2004-02-28 11:42:18.411957,2.73696,2.7422,51
1,2004-02-28 11:43:16.955667,2.74963,2.7424,51
1,2004-02-28 11:43:47.597657,2.74963,2.7426,52
1,2004-02-28 11:45:47.060956,2.74963,2.7427,53
1,2004-02-28 11:46:18.248178,2.74963,2.7431,52
1,2004-02-28 11:47:18.022372,2.74963,2.7432,53
1,2004-02-28 11:47:48.250759,2.74963,2.7433,54
1,2004-02-28 11:48:17.901725,2.74963,2.7434,55
1,2004-02-28 11:48:47.938260,2.73696,2.7433,56
1,2004-02-28 11:49:18.163883,2.74963,2.7434,57
1,2004-02-28 11:52:48.815376,2.74963,2.7437,56
1,2004-02-28 11:53:18.616557,2.74963,2.7437,56
1,2004-02-28 11:54:49.607172,2.74963,2.744,56
1,2004-02-28 11:55:17.750518,2.74963,2.7441,57
1,2004-02-28 11:55:48.049752,2.74963,2.7443,57
1,2004-02-28 11:56:47.531879,2.74963,2.7444,58
1,2004-02-28 11:57:17.068691,2.74963,2.7445,59
1,2004-02-28 11:57:49.681532,2.74963,2.7447,59
1,2004-02-28 11:58:49.116534,2.74963,2.7449,59
1,2004-02-28 11:59:47.453648,2.74963,2.745,60
1,2004-02-28 12:00:48.149206,2.74963,2.7451,61
1,2004-02-28 12:01:18.271862,2.74963,2.7453,61
1,2004-02-28 12:01:47.419680,2.74963,2.7453,62
1,2004-02-28 12:02:17.185462,2.73696,2.7452,63
1,2004-02-28 12:04:17.824538,2.74963,2.7453,61
1,2004-02-28 12:04:47.275493,2.74963,2.7453,62
1,2004-02-28 12:05:17.254461,2.73696,2.7453,62
1,2004-02-28 12:06:47.914489,2.74963,2.7453,62
1,2004-02-28 12:07:16.992831,2.74963,2.7454,63
1,2004-02-28 12:08:47.156317,2.74963,2.7457,62
1,2004-02-28 12:09:19.151508,2.74963,2.746,62
1,2004-02-28 12:09:48.149859,2.74963,2.746,62
1,2004-02-28 12:10:17.818704,2.73696,2.7458,63
1,2004-02-28 12:10:46.996919,2.73696,2.7458,63
1,2004-02-28 12:11:18.298955,2.73696,2.7457,62
1,2004-02-28 12:12:17.379536,2.74963,2.7458,63
1,2004-02-28 12:13:47.091304,2.74963,2.7458,63
1,2004-02-28 12:15:17.736516,2.73696,2.7456,63
1,2004-02-28 12:16:18.210171,2.74963,2.7458,63
1,2004-02-28 12:16:47.253244,2.74963,2.7458,63
1,2004-02-28 12:19:47.671590,2.74963,2.746,59
1,2004-02-28 12:21:17.445501,2.74963,2.746,60
1,2004-02-28 12:22:18.001446,2.74963,2.7461,61
1,2004-02-28 12:22:48.622579,2.73696,2.7461,61
1,2004-02-28 12:23:48.894551,2.74963,2.7462,62
1,2004-02-28 12:25:17.843781,2.74963,2.7463,61
1,2004-02-28 12:26:48.150993,2.74963,2.7464,62
1,2004-02-28 12:27:19.076281,2.74963,2.7466,62
1,2004-02-28 12:27:49.932887,2.74963,2.7466,63
1,2004-02-28 12:28:17.926642,2.74963,2.7467,64
1,2004-02-28 12:29:18.463576,2.74963,2.7467,64
1,2004-02-28 12:30:47.205068,2.73696,2.7467,64
1,2004-02-28 12:32:19.372425,2.74963,2.7469,64
1,2004-02-28 12:33:17.194723,2.74963,2.7469,64
1,2004-02-28 12:33:48.030288,2.74963,2.7469,65
1,2004-02-28 12:34:18.118730,2.74963,2.7469,65
1,2004-02-28 12:35:16.939290,2.74963,2.7471,65
1,2004-02-28 12:35:47.271780,2.74963,2.7471,65
1,2004-02-28 12:36:18.577469,2.74963,2.7471,66
1,2004-02-28 12:36:47.645108,2.74963,2.7471,66
1,2004-02-28 12:37:17.241711,2.73696,2.7469,66
1,2004-02-28 12:37:48.224923,2.74963,2.747,67
1,2004-02-28 12:39:17.196771,2.74963,2.747,67
1,2004-02-28 12:40:19.510057,2.74963,2.7472,67
1,2004-02-28 12:40:48.929411,2.74963,2.7474,67
1,2004-02-28 12:41:18.130483,2.74963,2.7474,67
1,2004-02-28 12:42:18.292465,2.74963,2.7475,67
1,2004-02-28 12:43:47.512425,2.74963,2.7477,66
1,2004-02-28 12:44:49.097620,2.73696,2.7475,66
1,2004-02-28 12:45:48.619772,2.74963,2.7475,66
1,2004-02-28 12:46:18.725862,2.74963,2.7475,66
1,2004-02-28 12:47:17.460794,2.74963,2.7475,67
1,2004-02-28 12:47:49.142942,2.74963,2.7475,66
1,2004-02-28 12:49:18.506873,2.74963,2.7477,64
1,2004-02-28 12:49:48.093607,2.74963,2.7477,65
1,2004-02-28 12:50:17.681472,2.74963,2.7477,66
1,2004-02-28 12:50:48.044101,2.74963,2.7477,67
1,2004-02-28 12:51:18.685409,2.74963,2.7478,68
1,2004-02-28 12:54:48.363321,2.74963,2.7477,67
1,2004-02-28 12:55:17.709130,2.74963,2.7477,67
1,2004-02-28 12:56:18.871377,2.74963,2.7477,66
1,2004-02-28 12:59:17.582757,2.74963,2.7476,63
1,2004-02-28 13:00:17.649337,2.74963,2.7476,63
1,2004-02-28 13:02:18.796206,2.73696,2.7475,60
1,2004-02-28 13:05:48.590669,2.74963,2.7477,58
1,2004-02-28 13:06:17.791670,2.74963,2.7477,59
1,2004-02-28 13:10:47.801083,2.74963,2.748,53
1,2004-02-28 13:12:49.099594,2.74963,2.7482,52
1,2004-02-28 13:13:46.915456,2.74963,2.7482,53
1,2004-02-28 13:14:18.228066,2.74963,2.7482,53
1,2004-02-28 13:15:48.141252,2.74963,2.7484,53
1,2004-02-28 13:16:18.962017,2.74963,2.7484,53
1,2004-02-28 13:16:50.039579,2.76242,2.7487,53
1,2004-02-28 13:17:18.318482,2.74963,2.7487,54
1,2004-02-28 13:18:17.994889,2.74963,2.7487,55
1,2004-02-28 13:18:49.681304,2.74963,2.7487,56
1,2004-02-28 13:19:18.745950,2.74963,2.7487,57
1,2004-02-28 13:19:48.145983,2.73696,2.7485,57
1,2004-02-28 13:20:18.956549,2.76242,2.7488,58
1,2004-02-28 13:20:47.368492,2.74963,2.7488,59
1,2004-02-28 13:21:18.445086,2.74963,2.7488,59
1,2004-02-28 13:21:48.098857,2.74963,2.7488,60
1,2004-02-28 13:22:47.653378,2.73696,2.7486,60
1,2004-02-28 13:24:19.150118,2.74963,2.7488,59
1,2004-02-28 13:24:47.446500,2.74963,2.7488,60
1,2004-02-28 13:25:17.809995,2.74963,2.7488,61
1,2004-02-28 13:25:49.101688,2.74963,2.7488,61
1,2004-02-28 13:26:17.825927,2.74963,2.7488,62
1,2004-02-28 13:27:17.476790,2.74963,2.7488,62
1,2004-02-28 13:28:17.322555,2.74963,2.7488,61
1,2004-02-28 13:28:49.521550,2.74963,2.7488,61
1,2004-02-28 13:29:19.278880,2.74963,2.7488,61
1,2004-02-28 13:31:47.272428,2.74963,2.749,61
1,2004-02-28 13:32:17.463683,2.74963,2.749,62
1,2004-02-28 13:32:47.768574,2.74963,2.749,62
1,2004-02-28 13:33:47.295749,2.74963,2.749,62
1,2004-02-28 13:34:17.708308,2.73696,2.7488,62
1,2004-02-28 13:39:49.401393,2.74963,2.7489,55
1,2004-02-28 13:40:18.774126,2.74963,2.749,56
1,2004-02-28 13:41:17.662331,2.74963,2.7489,55
1,2004-02-28 13:41:48.124522,2.74963,2.7489,55
1,2004-02-28 13:42:17.495419,2.74963,2.749,56
1,2004-02-28 13:43:19.087624,2.74963,2.749,56
1,2004-02-28 13:43:49.742955,2.74963,2.749,56
1,2004-02-28 13:44:17.704107,2.74963,2.749,57
1,2004-02-28 13:45:47.976797,2.74963,2.7492,57
1,2004-02-28 13:47:17.675464,2.74963,2.7492,55
1,2004-02-28 13:49:17.293946,2.74963,2.7492,55
1,2004-02-28 13:49:47.364512,2.74963,2.7492,55
1,2004-02-28 13:51:47.658308,2.74963,2.7491,52
1,2004-02-28 13:52:47.520914,2.74963,2.7492,53
1,2004-02-28 13:55:17.285989,2.74963,2.7492,53
1,2004-02-28 13:56:17.544607,2.74963,2.7492,53
1,2004-02-28 13:59:18.476483,2.74963,2.7491,52
1,2004-02-28 13:59:47.631703,2.74963,2.7492,53
1,2004-02-28 14:02:17.296054,2.74963,2.7492,53
1,2004-02-28 14:02:48.045823,2.74963,2.7494,53
1,2004-02-28 14:03:48.095243,2.74963,2.7494,54
1,2004-02-28 14:04:18.436390,2.74963,2.7494,55
1,2004-02-28 14:05:48.786357,2.74963,2.7494,55
1,2004-02-28 14:06:48.255948,2.74963,2.7494,55
1,2004-02-28 14:07:17.236393,2.74963,2.7494,56
1,2004-02-28 14:10:47.331937,2.74963,2.7494,57
1,2004-02-28 14:12:49.680555,2.74963,2.7494,56
1,2004-02-28 14:13:20.502403,2.74963,2.7494,57
1,2004-02-28 14:18:48.392923,2.74963,2.7491,51
1,2004-02-28 14:19:18.265177,2.74963,2.7491,51
1,2004-02-28 14:20:20.842466,2.73696,2.7489,49
1,2004-02-28 14:20:47.847215,2.73696,2.7486,49
1,2004-02-28 14:21:49.506635,2.74963,2.7486,48
1,2004-02-28 14:22:49.624848,2.74963,2.7488,48
1,2004-02-28 14:24:47.977595,2.74963,2.7488,47
1,2004-02-28 14:25:18.070342,2.73696,2.7486,47
1,2004-02-28 14:26:49.346819,2.74963,2.7485,46
1,2004-02-28 14:28:18.414007,2.73696,2.7482,45
1,2004-02-28 14:28:47.730852,2.73696,2.748,46
1,2004-02-28 14:29:47.363483,2.74963,2.7479,45
1,2004-02-28 14:30:19.573199,2.74963,2.748,46
1,2004-02-28 14:30:48.864487,2.73696,2.7477,47
1,2004-02-28 14:33:18.115027,2.73696,2.7474,45
1,2004-02-28 14:34:18.152135,2.73696,2.7473,44
1,2004-02-28 14:35:19.121902,2.73696,2.7471,45
1,2004-02-28 14:36:19.346288,2.73696,2.7469,46
1,2004-02-28 14:36:48.481146,2.74963,2.7469,47
1,2004-02-28 14:37:49.191995,2.73696,2.7467,48
1,2004-02-28 14:38:17.571489,2.74963,2.7468,49
1,2004-02-28 14:39:19.908130,2.73696,2.7466,50
1,2004-02-28 14:39:47.415790,2.73696,2.7464,51
1,2004-02-28 14:40:17.566229,2.74963,2.7464,51
1,2004-02-28 14:40:49.013276,2.73696,2.7462,51
1,2004-02-28 14:41:17.969204,2.73696,2.7459,51
1,2004-02-28 14:41:48.012547,2.73696,2.7457,52
1,2004-02-28 14:42:48.884660,2.74963,2.7457,51
1,2004-02-28 14:43:19.740684,2.73696,2.7454,51
1,2004-02-28 14:43:47.929340,2.73696,2.7452,52
1,2004-02-28 14:44:50.239516,2.73696,2.7449,51
1,2004-02-28 14:45:18.208504,2.73696,2.7448,52
1,2004-02-28 14:47:18.581548,2.73696,2.7444,51
1,2004-02-28 14:48:19.970948,2.73696,2.7443,52
1,2004-02-28 14:51:19.080294,2.73696,2.7439,51
1,2004-02-28 14:51:48.340993,2.73696,2.7437,51
1,2004-02-28 14:53:17.649741,2.74963,2.7437,51
1,2004-02-28 14:53:49.592206,2.73696,2.7435,52
1,2004-02-28 14:54:48.925487,2.73696,2.7434,53
1,2004-02-28 14:55:19.171047,2.73696,2.7432,53
1,2004-02-28 14:55:47.613088,2.73696,2.7431,54
1,2004-02-28 14:56:18.347380,2.73696,2.7428,54
1,2004-02-28 14:56:48.296174,2.73696,2.7427,55
1,2004-02-28 14:58:49.151181,2.73696,2.7426,56
1,2004-02-28 14:59:17.497576,2.73696,2.7425,57
1,2004-02-28 14:59:47.595348,2.73696,2.7423,57
1,2004-02-28 15:00:18.191009,2.73696,2.7421,57
1,2004-02-28 15:01:19.475878,2.73696,2.742,58
1,2004-02-28 15:01:48.488509,2.73696,2.7419,59
1,2004-02-28 15:02:21.049692,2.7244,2.7415,59
1,2004-02-28 15:02:48.410569,2.73696,2.7413,59
1,2004-02-28 15:03:48.384735,2.73696,2.741,59
1,2004-02-28 15:04:48.998336,2.73696,2.7408,59
1,2004-02-28 15:05:19.520257,2.73696,2.7408,60
1,2004-02-28 15:05:48.236688,2.73696,2.7407,61
1,2004-02-28 15:06:20.304689,2.73696,2.7405,61
1,2004-02-28 15:06:50.308954,2.73696,2.7403,61
1,2004-02-28 15:07:19.471923,2.73696,2.7401,61
1,2004-02-28 15:07:47.571144,2.74963,2.7402,62
1,2004-02-28 15:08:18.301861,2.73696,2.7402,63
1,2004-02-28 15:08:47.937993,2.73696,2.7401,64
1,2004-02-28 15:09:18.253905,2.74963,2.7403,65
1,2004-02-28 15:09:48.464493,2.74963,2.7404,66
1,2004-02-28 15:10:47.503886,2.73696,2.7402,66
1,2004-02-28 15:11:17.341681,2.73696,2.7402,67
1,2004-02-28 15:11:48.329035,2.73696,2.7401,68
1,2004-02-28 15:13:49.543177,2.73696,2.7398,67
1,2004-02-28 15:14:48.473644,2.73696,2.7398,68
1,2004-02-28 15:15:18.136275,2.7244,2.7395,69
1,2004-02-28 15:17:18.140305,2.73696,2.7395,70
1,2004-02-28 15:17:47.583217,2.74963,2.7396,71
1,2004-02-28 15:18:18.812424,2.73696,2.7396,72
1,2004-02-28 15:18:47.403336,2.73696,2.7396,73
1,2004-02-28 15:19:17.549416,2.73696,2.7394,73
1,2004-02-28 15:20:19.763027,2.73696,2.7392,73
1,2004-02-28 15:20:48.542063,2.73696,2.7393,72
1,2004-02-28 15:23:49.399620,2.7244,2.7387,71
1,2004-02-28 15:24:18.914726,2.73696,2.7387,72
1,2004-02-28 15:24:50.615787,2.73696,2.7385,72
1,2004-02-28 15:25:17.796698,2.73696,2.7385,73
1,2004-02-28 15:25:47.412139,2.73696,2.7385,73
1,2004-02-28 15:27:17.386035,2.73696,2.7384,73
1,2004-02-28 15:28:19.710020,2.7244,2.7382,73
1,2004-02-28 15:28:47.407120,2.73696,2.7382,74
1,2004-02-28 15:29:49.407894,2.73696,2.738,73
1,2004-02-28 15:30:18.268994,2.73696,2.738,74
1,2004-02-28 15:30:48.628080,2.73696,2.7378,74
1,2004-02-28 15:31:17.394495,2.7244,2.7377,74
1,2004-02-28 15:31:49.130063,2.73696,2.7376,75
1,2004-02-28 15:32:17.671160,2.73696,2.7376,76
1,2004-02-28 15:33:48.609457,2.73696,2.7376,76
1,2004-02-28 15:34:19.135242,2.7244,2.7375,76
1,2004-02-28 15:34:47.671201,2.7244,2.7373,77
1,2004-02-28 15:35:17.680166,2.7244,2.7371,78
1,2004-02-28 15:36:48.496811,2.7244,2.7368,76
1,2004-02-28 15:37:49.144286,2.73696,2.7368,77
1,2004-02-28 15:38:19.643415,2.73696,2.7366,76
1,2004-02-28 15:38:49.657625,2.73696,2.7366,77
1,2004-02-28 15:39:19.224505,2.73696,2.7366,78
1,2004-02-28 15:41:20.734934,2.7244,2.7363,74
1,2004-02-28 15:42:47.613951,2.73696,2.7363,74
1,2004-02-28 15:43:50.454828,2.73696,2.7361,72
1,2004-02-28 15:44:17.465709,2.73696,2.7361,73
1,2004-02-28 15:45:19.881649,2.73696,2.7361,72
1,2004-02-28 15:46:20.286411,2.73696,2.7361,73
1,2004-02-28 15:47:49.942905,2.7244,2.7359,73
1,2004-02-28 15:48:18.888533,2.73696,2.7359,74
1,2004-02-28 15:48:48.748316,2.7244,2.7358,74
1,2004-02-28 15:49:19.525961,2.73696,2.7358,75
1,2004-02-28 15:49:48.507085,2.7244,2.7356,76
1,2004-02-28 15:50:19.250005,2.73696,2.7357,77
1,2004-02-28 15:50:48.637422,2.73696,2.7357,78
1,2004-02-28 15:51:18.360034,2.74963,2.7359,79
1,2004-02-28 15:51:49.696673,2.73696,2.7358,78
1,2004-02-28 15:52:47.457925,2.7244,2.7357,79
1,2004-02-28 15:53:20.519378,2.73696,2.7355,79
1,2004-02-28 15:53:49.679642,2.7244,2.7354,79
1,2004-02-28 15:54:19.836324,2.7244,2.7352,80
1,2004-02-28 15:54:49.840676,2.73696,2.7352,80
1,2004-02-28 15:56:48.711323,2.73696,2.7352,77
1,2004-02-28 15:57:49.283390,2.7244,2.735,78
1,2004-02-28 16:01:48.673673,2.7244,2.7347,73
1,2004-02-28 16:02:18.857687,2.73696,2.7348,74
1,2004-02-28 16:03:18.887186,2.73696,2.7349,73
1,2004-02-28 16:04:17.747050,2.73696,2.7349,73
1,2004-02-28 16:04:51.157783,2.73696,2.7349,73
1,2004-02-28 16:05:17.770822,2.73696,2.7349,74
1,2004-02-28 16:05:47.703516,2.73696,2.7349,74
1,2004-02-28 16:06:48.221906,2.7244,2.7347,73
1,2004-02-28 16:07:18.304832,2.7244,2.7346,73
1,2004-02-28 16:07:49.128084,2.7244,2.7342,72
1,2004-02-28 16:08:50.116006,2.7244,2.734,71
1,2004-02-28 16:11:50.807529,2.7244,2.7332,67
1,2004-02-28 16:12:19.905902,2.7244,2.7331,68
1,2004-02-28 16:13:18.290745,2.7244,2.733,69
1,2004-02-28 16:13:47.533705,2.73696,2.733,70
1,2004-02-28 16:14:19.769989,2.73696,2.733,70
1,2004-02-28 16:15:48.298253,2.7244,2.733,69
1,2004-02-28 16:16:19.368306,2.73696,2.733,70
1,2004-02-28 16:16:47.399162,2.7244,2.7329,71
1,2004-02-28 16:17:47.674331,2.7244,2.7325,70
1,2004-02-28 16:18:17.765367,2.7244,2.7324,71
1,2004-02-28 16:19:49.938553,2.7244,2.732,69
1,2004-02-28 16:21:17.751609,2.7244,2.7318,68
1,2004-02-28 16:22:18.184215,2.7244,2.7317,69
1,2004-02-28 16:22:48.196463,2.7244,2.7316,70
1,2004-02-28 16:24:18.116837,2.7244,2.7316,70
1,2004-02-28 16:24:48.107261,2.7244,2.7314,70
1,2004-02-28 16:25:17.575656,2.7244,2.7312,70
1,2004-02-28 16:25:48.399416,2.7244,2.731,69
1,2004-02-28 16:26:19.027242,2.7244,2.7309,70
1,2004-02-28 16:26:48.602880,2.7244,2.7308,71
1,2004-02-28 16:27:47.729787,2.7244,2.7306,71
1,2004-02-28 16:28:47.525934,2.7244,2.7305,70
1,2004-02-28 16:29:18.079653,2.7244,2.7304,71
1,2004-02-28 16:30:48.871124,2.7244,2.73,69
1,2004-02-28 16:31:50.013178,2.7244,2.7299,68
1,2004-02-28 16:32:19.724142,2.71196,2.7296,68
1,2004-02-28 16:32:50.348172,2.7244,2.7295,69
1,2004-02-28 16:33:49.672462,2.7244,2.7293,69
1,2004-02-28 16:34:20.983838,2.7244,2.7293,69
1,2004-02-28 16:35:18.748445,2.7244,2.7294,68
1,2004-02-28 16:35:48.841330,2.7244,2.7293,69
1,2004-02-28 16:36:18.197926,2.7244,2.7292,70
1,2004-02-28 16:36:50.295120,2.73696,2.7294,70
1,2004-02-28 16:37:21.122422,2.7244,2.7294,71
1,2004-02-28 16:39:20.018701,2.7244,2.7288,68
1,2004-02-28 16:39:51.161606,2.71196,2.7286,69
1,2004-02-28 16:40:50.432770,2.7244,2.7285,70
1,2004-02-28 16:41:47.650494,2.7244,2.7285,70
1,2004-02-28 16:42:18.811679,2.7244,2.7285,71
1,2004-02-28 16:42:50.595707,2.7244,2.7283,71
1,2004-02-28 16:43:18.336654,2.7244,2.7282,72
1,2004-02-28 16:44:19.744199,2.7244,2.7279,71
1,2004-02-28 16:45:17.761649,2.71196,2.7277,72
1,2004-02-28 16:45:51.181885,2.7244,2.7275,72
1,2004-02-28 16:46:20.752984,2.73696,2.7275,72
1,2004-02-28 16:46:48.883899,2.7244,2.7275,73
1,2004-02-28 16:48:19.093830,2.7244,2.7274,72
1,2004-02-28 16:48:49.661659,2.7244,2.7274,72
1,2004-02-28 16:49:21.683587,2.71196,2.727,72
1,2004-02-28 16:50:19.383064,2.71196,2.7267,71
1,2004-02-28 16:50:47.486391,2.7244,2.7267,72
1,2004-02-28 16:51:49.785890,2.7244,2.726,70
1,2004-02-28 16:52:18.205511,2.7244,2.726,71
1,2004-02-28 16:52:47.481494,2.71196,2.7258,71
1,2004-02-28 16:54:18.432947,2.7244,2.7257,70
1,2004-02-28 16:55:50.263865,2.7244,2.7255,69
1,2004-02-28 16:58:50.908524,2.7244,2.7253,68
1,2004-02-28 16:59:20.579551,2.7244,2.7253,69
1,2004-02-28 16:59:49.150545,2.71196,2.7251,70
1,2004-02-28 17:00:18.490722,2.7244,2.7251,71
1,2004-02-28 17:00:49.040471,2.7244,2.7251,72
1,2004-02-28 17:01:17.748255,2.7244,2.7251,73
1,2004-02-28 17:02:49.698550,2.7244,2.7249,72
1,2004-02-28 17:03:18.274943,2.7244,2.7249,73
1,2004-02-28 17:04:18.889743,2.7244,2.7246,72
1,2004-02-28 17:05:47.611716,2.71196,2.7241,71
1,2004-02-28 17:06:48.379665,2.71196,2.7237,70
1,2004-02-28 17:07:49.186926,2.71196,2.7235,69
1,2004-02-28 17:08:49.143441,2.71196,2.7233,70
1,2004-02-28 17:09:17.749912,2.7244,2.7233,70
1,2004-02-28 17:12:20.078834,2.7244,2.7233,69
1,2004-02-28 17:12:48.174429,2.7244,2.7233,70
1,2004-02-28 17:13:18.882541,2.7244,2.7233,70
1,2004-02-28 17:13:48.889235,2.7244,2.7232,70
1,2004-02-28 17:14:22.294845,2.71196,2.7228,70
1,2004-02-28 17:14:50.826235,2.71196,2.7227,71
1,2004-02-28 17:15:19.316269,2.7244,2.7227,72
1,2004-02-28 17:15:48.183344,2.7244,2.7227,73
1,2004-02-28 17:16:19.591064,2.7244,2.7225,72
1,2004-02-28 17:19:20.008815,2.71196,2.7223,70
1,2004-02-28 17:20:19.257590,2.7244,2.7223,70
1,2004-02-28 17:21:50.175690,2.71196,2.7221,70
1,2004-02-28 17:22:19.939545,2.7244,2.7221,70
1,2004-02-28 17:24:17.990729,2.7244,2.7221,70
1,2004-02-28 17:24:50.473705,2.71196,2.7219,69
1,2004-02-28 17:25:18.253748,2.71196,2.7217,69
1,2004-02-28 17:25:50.128369,2.7244,2.7217,69
1,2004-02-28 17:27:18.751033,2.7244,2.7217,68
1,2004-02-28 17:27:48.633286,2.71196,2.7215,68
1,2004-02-28 17:28:19.454013,2.7244,2.7215,69
1,2004-02-28 17:28:49.162664,2.7244,2.7215,69
1,2004-02-28 17:31:20.332865,2.71196,2.7213,68
1,2004-02-28 17:31:48.103640,2.7244,2.7213,69
1,2004-02-28 17:33:19.264559,2.71196,2.7212,67
1,2004-02-28 17:33:49.030229,2.71196,2.7211,68
1,2004-02-28 17:35:17.735421,2.71196,2.7209,67
1,2004-02-28 17:36:17.767030,2.7244,2.7208,66
1,2004-02-28 17:37:18.827400,2.71196,2.7204,65
1,2004-02-28 17:37:48.799104,2.71196,2.7202,65
1,2004-02-28 17:38:18.205888,2.7244,2.7203,66
1,2004-02-28 17:41:47.631041,2.7244,2.7203,64
1,2004-02-28 17:42:17.880751,2.71196,2.7201,64
1,2004-02-28 17:43:20.699773,2.71196,2.7198,62
1,2004-02-28 17:46:17.704498,2.71196,2.7196,60
1,2004-02-28 17:47:18.426987,2.71196,2.7191,59
1,2004-02-28 17:48:48.181863,2.71196,2.7189,59
1,2004-02-28 17:49:18.195177,2.71196,2.7187,59
1,2004-02-28 17:50:17.684020,2.71196,2.7187,59
1,2004-02-28 17:50:48.317013,2.71196,2.7186,58
1,2004-02-28 17:51:19.039221,2.7244,2.7187,59
1,2004-02-28 17:52:20.218229,2.71196,2.7184,58
1,2004-02-28 17:53:18.000462,2.71196,2.7184,58
1,2004-02-28 17:54:17.924744,2.71196,2.7183,59
1,2004-02-28 17:55:18.936942,2.71196,2.7181,59
1,2004-02-28 17:56:47.934104,2.71196,2.7179,59
1,2004-02-28 17:57:20.362420,2.71196,2.7178,60
1,2004-02-28 17:58:48.258484,2.71196,2.7177,61
1,2004-02-28 17:59:48.895309,2.71196,2.7174,60
1,2004-02-28 18:00:20.158245,2.69964,2.717,59
1,2004-02-28 18:00:50.375646,2.71196,2.7168,59
1,2004-02-28 18:01:48.337820,2.69964,2.7164,59
1,2004-02-28 18:03:18.694245,2.69964,2.7158,58
1,2004-02-28 18:03:48.911648,2.71196,2.7158,59
1,2004-02-28 18:04:18.262752,2.69964,2.7155,60
1,2004-02-28 18:04:49.886584,2.71196,2.7153,60
1,2004-02-28 18:05:19.766726,2.71196,2.7152,61
1,2004-02-28 18:06:18.357449,2.71196,2.7152,61
1,2004-02-28 18:07:20.644054,2.71196,2.7152,61
1,2004-02-28 18:08:19.753445,2.71196,2.7152,61
1,2004-02-28 18:08:48.709201,2.69964,2.715,62
1,2004-02-28 18:09:19.723013,2.69964,2.7146,61
1,2004-02-28 18:09:49.974032,2.7244,2.7148,62
1,2004-02-28 18:10:17.760093,2.71196,2.7147,63
1,2004-02-28 18:11:18.069068,2.71196,2.7147,64
1,2004-02-28 18:11:51.010220,2.71196,2.7147,65
1,2004-02-28 18:12:48.283236,2.71196,2.7143,64
1,2004-02-28 18:13:48.627605,2.71196,2.7141,64
1,2004-02-28 18:14:49.327188,2.71196,2.7139,63
1,2004-02-28 18:15:47.744356,2.69964,2.7136,62
1,2004-02-28 18:16:20.150337,2.69964,2.713,61
1,2004-02-28 18:16:47.700166,2.71196,2.713,62
1,2004-02-28 18:17:50.465622,2.71196,2.713,63
1,2004-02-28 18:18:19.493985,2.69964,2.7128,64
1,2004-02-28 18:18:50.826717,2.71196,2.7127,65
1,2004-02-28 18:19:21.135441,2.71196,2.7127,65
1,2004-02-28 18:19:48.953485,2.71196,2.7127,66
1,2004-02-28 18:20:47.980204,2.69964,2.7124,66
1,2004-02-28 18:21:48.029284,2.71196,2.7123,67
1,2004-02-28 18:22:48.225130,2.69964,2.712,66
1,2004-02-28 18:24:49.719957,2.69964,2.7116,66
1,2004-02-28 18:25:20.125855,2.71196,2.7116,65
1,2004-02-28 18:25:49.166961,2.71196,2.7116,66
1,2004-02-28 18:26:21.207957,2.69964,2.7112,66
1,2004-02-28 18:26:49.908939,2.71196,2.7112,67
1,2004-02-28 18:30:48.795919,2.71196,2.7106,64
1,2004-02-28 18:31:20.320088,2.71196,2.7106,65
1,2004-02-28 18:31:49.016709,2.71196,2.7104,64
1,2004-02-28 18:32:21.713338,2.71196,2.7105,65
1,2004-02-28 18:32:48.811210,2.69964,2.7103,66
1,2004-02-28 18:33:18.555920,2.71196,2.7103,67
1,2004-02-28 18:33:49.939991,2.71196,2.7103,66
1,2004-02-28 18:35:19.126373,2.71196,2.7103,66
1,2004-02-28 18:35:49.941214,2.69964,2.7101,67
1,2004-02-28 18:36:49.901002,2.71196,2.7099,67
1,2004-02-28 18:37:50.741557,2.71196,2.7099,66
1,2004-02-28 18:39:18.864539,2.71196,2.7097,66
1,2004-02-28 18:39:48.406033,2.71196,2.7098,67
1,2004-02-28 18:40:49.771369,2.69964,2.7096,68
1,2004-02-28 18:41:19.058644,2.71196,2.7096,69
1,2004-02-28 18:41:50.779176,2.71196,2.7095,69
1,2004-02-28 18:42:49.531746,2.71196,2.7095,69
1,2004-02-28 18:43:20.631459,2.71196,2.7095,70
1,2004-02-28 18:43:50.933827,2.71196,2.7095,70
1,2004-02-28 18:44:48.545802,2.71196,2.7095,71
1,2004-02-28 18:45:48.148458,2.71196,2.7096,72
1,2004-02-28 18:46:18.390096,2.69964,2.7094,72
1,2004-02-28 18:46:47.800843,2.69964,2.7093,73
1,2004-02-28 18:47:18.573700,2.71196,2.7093,73
1,2004-02-28 18:47:48.609141,2.71196,2.7093,74
1,2004-02-28 18:48:51.587651,2.69964,2.7091,74
1,2004-02-28 18:49:19.661800,2.69964,2.709,74
1,2004-02-28 18:49:49.330935,2.69964,2.7088,75
1,2004-02-28 18:50:49.678150,2.71196,2.7088,74
1,2004-02-28 18:51:19.294357,2.69964,2.7085,74
1,2004-02-28 18:51:52.282857,2.69964,2.7083,75
1,2004-02-28 18:52:20.333151,2.69964,2.7082,75
1,2004-02-28 18:53:21.088443,2.69964,2.708,75
1,2004-02-28 18:54:18.899338,2.69964,2.7079,75
1,2004-02-28 18:54:49.166334,2.69964,2.7077,76
1,2004-02-28 18:55:20.451835,2.69964,2.7076,76
1,2004-02-28 18:56:50.164784,2.69964,2.7074,76
1,2004-02-28 18:58:21.787212,2.69964,2.7073,76
1,2004-02-28 18:58:47.715751,2.71196,2.7073,77
1,2004-02-28 18:59:18.575633,2.71196,2.7073,77
1,2004-02-28 19:00:18.542021,2.71196,2.7073,77
1,2004-02-28 19:01:19.369669,2.69964,2.7073,76
1,2004-02-28 19:01:47.699590,2.69964,2.7072,77
1,2004-02-28 19:03:21.239037,2.69964,2.7073,76
1,2004-02-28 19:03:47.700126,2.69964,2.7072,77
1,2004-02-28 19:04:50.246215,2.71196,2.7072,75
1,2004-02-28 19:06:50.975177,2.71196,2.7071,74
1,2004-02-28 19:07:50.695703,2.69964,2.707,74
1,2004-02-28 19:08:19.258649,2.71196,2.707,75
1,2004-02-28 19:09:20.306109,2.69964,2.7071,73
1,2004-02-28 19:09:50.707142,2.69964,2.7067,73
1,2004-02-28 19:10:20.761068,2.71196,2.7067,73
1,2004-02-28 19:11:47.911278,2.69964,2.7066,73
1,2004-02-28 19:12:17.952288,2.69964,2.7064,73
1,2004-02-28 19:13:19.664280,2.69964,2.7062,73
1,2004-02-28 19:16:21.533875,2.71196,2.7063,70
1,2004-02-28 19:16:48.975543,2.69964,2.7062,70
1,2004-02-28 19:17:17.736085,2.69964,2.7061,71
1,2004-02-28 19:17:47.742019,2.69964,2.706,72
1,2004-02-28 19:18:19.196438,2.69964,2.7058,72
1,2004-02-28 19:18:50.805727,2.69964,2.7058,72
1,2004-02-28 19:19:19.686785,2.69964,2.7056,72
1,2004-02-28 19:19:48.772911,2.71196,2.7056,72
1,2004-02-28 19:21:50.115982,2.69964,2.7054,70
1,2004-02-28 19:22:19.882795,2.69964,2.7054,71
1,2004-02-28 19:22:48.372921,2.69964,2.7054,71
1,2004-02-28 19:23:48.369243,2.69964,2.7053,72
1,2004-02-28 19:24:19.408445,2.71196,2.7054,73
1,2004-02-28 19:25:19.254117,2.69964,2.7054,73
1,2004-02-28 19:25:49.953587,2.69964,2.7051,72
1,2004-02-28 19:26:22.237810,2.69964,2.7051,72
1,2004-02-28 19:26:50.384930,2.69964,2.7049,72
1,2004-02-28 19:27:19.661603,2.69964,2.7049,73
1,2004-02-28 19:27:52.198672,2.69964,2.7048,74
1,2004-02-28 19:28:49.676429,2.69964,2.7047,75
1,2004-02-28 19:29:52.118204,2.71196,2.7048,76
1,2004-02-28 19:31:50.922314,2.69964,2.7045,74
1,2004-02-28 19:33:50.160846,2.69964,2.7042,71
1,2004-02-28 19:36:47.785807,2.71196,2.7042,70
1,2004-02-28 19:37:48.144458,2.69964,2.704,70
1,2004-02-28 19:39:18.567576,2.69964,2.7039,70
1,2004-02-28 19:40:48.378822,2.69964,2.7036,69
1,2004-02-28 19:41:18.089942,2.71196,2.7037,69
1,2004-02-28 19:42:17.828755,2.69964,2.7034,68
1,2004-02-28 19:42:48.486896,2.69964,2.7034,69
1,2004-02-28 19:43:20.260288,2.69964,2.7032,69
1,2004-02-28 19:44:17.898041,2.69964,2.7029,68
1,2004-02-28 19:44:50.963676,2.69964,2.7027,68
1,2004-02-28 19:45:20.933446,2.69964,2.7027,69
1,2004-02-28 19:45:49.355855,2.69964,2.7025,69
1,2004-02-28 19:46:17.958844,2.71196,2.7026,70
1,2004-02-28 19:46:48.595627,2.69964,2.7027,69
1,2004-02-28 19:47:20.098779,2.69964,2.7025,69
1,2004-02-28 19:47:50.619835,2.69964,2.7023,69
1,2004-02-28 19:48:20.090245,2.69964,2.7023,70
1,2004-02-28 19:48:50.331364,2.69964,2.7022,71
1,2004-02-28 19:49:48.072259,2.69964,2.7023,70
1,2004-02-28 19:50:50.678053,2.69964,2.7021,69
1,2004-02-28 19:51:19.762356,2.69964,2.7021,69
1,2004-02-28 19:51:50.623206,2.71196,2.7023,70
1,2004-02-28 19:52:19.065058,2.69964,2.7023,70
1,2004-02-28 19:52:48.862692,2.69964,2.7023,70
1,2004-02-28 19:53:22.592153,2.69964,2.7023,70
1,2004-02-28 19:55:49.061412,2.69964,2.7024,68
1,2004-02-28 19:56:20.577839,2.69964,2.7023,69
1,2004-02-28 19:56:50.443607,2.69964,2.7023,69
1,2004-02-28 19:57:18.679939,2.69964,2.7023,70
1,2004-02-28 19:57:51.777512,2.69964,2.7022,71
1,2004-02-28 19:58:49.052227,2.71196,2.7023,70
1,2004-02-28 19:59:50.779673,2.69964,2.7021,70
1,2004-02-28 20:00:21.960759,2.69964,2.7019,70
1,2004-02-28 20:00:49.033749,2.69964,2.7019,71
1,2004-02-28 20:01:50.408309,2.69964,2.7019,70
1,2004-02-28 20:03:21.181367,2.69964,2.7019,71
1,2004-02-28 20:04:18.975943,2.69964,2.7019,70
1,2004-02-28 20:04:51.259941,2.69964,2.7018,70
1,2004-02-28 20:05:19.900932,2.69964,2.7017,71
1,2004-02-28 20:05:49.336911,2.71196,2.7019,72
1,2004-02-28 20:06:19.928351,2.69964,2.7018,73
1,2004-02-28 20:06:50.674022,2.69964,2.7018,74
1,2004-02-28 20:07:19.246966,2.71196,2.7018,74
1,2004-02-28 20:07:48.709045,2.69964,2.7018,75
1,2004-02-28 20:08:19.452466,2.69964,2.7016,74
1,2004-02-28 20:08:49.163536,2.71196,2.7018,75
1,2004-02-28 20:09:17.761339,2.69964,2.7017,76
1,2004-02-28 20:09:49.414703,2.69964,2.7017,76
1,2004-02-28 20:10:18.964119,2.69964,2.7017,76
1,2004-02-28 20:10:51.656666,2.69964,2.7016,76
1,2004-02-28 20:11:18.725091,2.71196,2.7017,77
1,2004-02-28 20:11:50.002426,2.69964,2.7017,77
1,2004-02-28 20:12:49.746129,2.69964,2.7017,77
1,2004-02-28 20:13:21.007567,2.69964,2.7017,77
1,2004-02-28 20:14:21.109545,2.69964,2.7017,78
1,2004-02-28 20:15:20.874225,2.69964,2.7017,79
1,2004-02-28 20:15:48.365524,2.69964,2.7016,80
1,2004-02-28 20:16:20.897151,2.69964,2.7016,81
1,2004-02-28 20:16:51.909322,2.71196,2.7016,80
1,2004-02-28 20:17:17.998540,2.69964,2.7016,80
1,2004-02-28 20:17:49.420768,2.69964,2.7016,80
1,2004-02-28 20:18:20.120451,2.69964,2.7016,80
1,2004-02-28 20:18:49.092217,2.69964,2.7016,81
1,2004-02-28 20:19:21.199735,2.69964,2.7016,80
1,2004-02-28 20:19:50.763374,2.69964,2.7015,80
1,2004-02-28 20:20:20.187766,2.69964,2.7015,81
1,2004-02-28 20:20:49.902733,2.69964,2.7014,82
1,2004-02-28 20:21:48.371120,2.69964,2.7014,83
1,2004-02-28 20:22:19.465866,2.68742,2.7013,83
1,2004-02-28 20:23:18.038850,2.69964,2.7013,82
1,2004-02-28 20:24:49.161587,2.69964,2.7012,81
1,2004-02-28 20:25:50.226506,2.69964,2.7012,80
1,2004-02-28 20:26:21.836948,2.69964,2.7012,81
1,2004-02-28 20:27:21.698257,2.68742,2.701,79
1,2004-02-28 20:27:48.230333,2.69964,2.701,80
1,2004-02-28 20:28:48.731404,2.69964,2.701,80
1,2004-02-28 20:29:18.774691,2.69964,2.701,80
1,2004-02-28 20:30:48.027524,2.69964,2.7009,80
1,2004-02-28 20:31:20.727859,2.69964,2.7009,81
1,2004-02-28 20:31:48.364893,2.69964,2.7008,82
1,2004-02-28 20:32:18.141555,2.69964,2.7008,82
1,2004-02-28 20:33:48.132725,2.69964,2.7008,83
1,2004-02-28 20:34:17.992648,2.69964,2.7008,83
1,2004-02-28 20:34:48.749718,2.69964,2.7008,84
1,2004-02-28 20:35:18.843930,2.69964,2.7008,85
1,2004-02-28 20:35:48.874563,2.69964,2.7008,86
1,2004-02-28 20:36:18.497200,2.69964,2.7008,87
1,2004-02-28 20:37:18.647282,2.69964,2.7006,87
1,2004-02-28 20:37:48.454489,2.69964,2.7006,87
1,2004-02-28 20:38:50.069641,2.69964,2.7006,88
1,2004-02-28 20:39:22.470735,2.69964,2.7006,88
1,2004-02-28 20:40:19.061329,2.69964,2.7006,89
1,2004-02-28 20:40:49.124692,2.69964,2.7006,89
1,2004-02-28 20:41:20.408645,2.69964,2.7005,89
1,2004-02-28 20:42:19.920203,2.69964,2.7005,89
1,2004-02-28 20:42:50.252519,2.69964,2.7005,89
1,2004-02-28 20:43:20.708867,2.69964,2.7005,89
1,2004-02-28 20:43:51.412525,2.69964,2.7005,90
1,2004-02-28 20:44:21.760985,2.69964,2.7005,90
1,2004-02-28 20:44:50.016552,2.69964,2.7005,91
1,2004-02-28 20:45:18.802923,2.69964,2.7005,91
1,2004-02-28 20:45:49.124376,2.69964,2.7005,91
1,2004-02-28 20:46:20.225105,2.69964,2.7003,90
1,2004-02-28 20:46:48.102517,2.69964,2.7003,91
1,2004-02-28 20:47:19.137026,2.69964,2.7003,91
1,2004-02-28 20:47:50.210026,2.69964,2.7003,91
1,2004-02-28 20:48:19.183594,2.69964,2.7003,91
1,2004-02-28 20:49:50.282187,2.69964,2.7003,89
1,2004-02-28 20:50:19.201221,2.69964,2.7003,90
1,2004-02-28 20:51:18.361160,2.69964,2.7003,90
1,2004-02-28 20:51:50.386299,2.69964,2.7003,90
1,2004-02-28 20:52:18.858690,2.69964,2.7002,90
1,2004-02-28 20:52:49.086653,2.69964,2.7002,89
1,2004-02-28 20:53:17.863911,2.69964,2.7002,90
1,2004-02-28 20:53:49.593072,2.69964,2.7002,90
1,2004-02-28 20:54:20.491452,2.69964,2.7002,91
1,2004-02-28 20:55:18.417200,2.69964,2.7002,92
1,2004-02-28 20:55:49.456232,2.69964,2.7002,92
1,2004-02-28 20:56:21.095546,2.69964,2.7002,92
1,2004-02-28 20:56:50.116581,2.69964,2.7002,93
1,2004-02-28 20:57:21.252915,2.68742,2.7,92
1,2004-02-28 20:57:48.671052,2.69964,2.7,93
1,2004-02-28 20:59:19.649616,2.69964,2.6999,92
1,2004-02-28 21:01:50.612833,2.69964,2.6999,89
1,2004-02-28 21:02:18.073992,2.69964,2.6999,90
1,2004-02-28 21:03:19.979853,2.69964,2.6999,91
1,2004-02-28 21:03:51.270991,2.69964,2.6999,91
1,2004-02-28 21:04:49.022643,2.69964,2.6999,91
1,2004-02-28 21:06:19.853536,2.69964,2.6998,89
1,2004-02-28 21:06:50.829275,2.69964,2.6998,88
1,2004-02-28 21:07:18.446138,2.69964,2.6998,89
1,2004-02-28 21:07:52.529191,2.69964,2.6996,88
1,2004-02-28 21:09:21.262203,2.69964,2.6995,86
1,2004-02-28 21:09:49.197993,2.69964,2.6995,87
1,2004-02-28 21:10:19.717836,2.69964,2.6995,86
1,2004-02-28 21:10:53.080575,2.69964,2.6995,86
1,2004-02-28 21:11:51.747397,2.69964,2.6994,85
1,2004-02-28 21:12:20.294069,2.69964,2.6994,86
1,2004-02-28 21:12:50.654129,2.69964,2.6994,86
1,2004-02-28 21:13:17.917225,2.68742,2.6992,87
1,2004-02-28 21:14:21.717478,2.69964,2.6992,86
1,2004-02-28 21:17:50.419689,2.69964,2.699,81
1,2004-02-28 21:18:49.642400,2.69964,2.699,80
1,2004-02-28 21:19:17.935156,2.69964,2.699,81
1,2004-02-28 21:20:49.234270,2.69964,2.699,79
1,2004-02-28 21:21:19.248233,2.69964,2.699,79
1,2004-02-28 21:23:21.460889,2.69964,2.6992,77
1,2004-02-28 21:23:49.071886,2.69964,2.6992,78
1,2004-02-28 21:24:18.472982,2.69964,2.6992,79
1,2004-02-28 21:25:21.068481,2.69964,2.6992,79
1,2004-02-28 21:27:21.069117,2.69964,2.6992,78
1,2004-02-28 21:27:49.680189,2.69964,2.6993,77
1,2004-02-28 21:29:48.302834,2.69964,2.6993,76
1,2004-02-28 21:30:50.066996,2.68742,2.6992,76
1,2004-02-28 21:31:48.263971,2.69964,2.6992,76
1,2004-02-28 21:32:49.992404,2.69964,2.6992,75
1,2004-02-28 21:33:18.411439,2.69964,2.6992,76
1,2004-02-28 21:33:48.478017,2.69964,2.6992,76
1,2004-02-28 21:34:18.693389,2.69964,2.6992,76
1,2004-02-28 21:34:50.186491,2.69964,2.6992,76
1,2004-02-28 21:35:53.399411,2.69964,2.6992,75
1,2004-02-28 21:36:20.897635,2.69964,2.6992,75
1,2004-02-28 21:36:50.656709,2.69964,2.6992,76
1,2004-02-28 21:38:49.640210,2.69964,2.6992,75
1,2004-02-28 21:39:21.023710,2.69964,2.6992,75
1,2004-02-28 21:41:20.160872,2.69964,2.6991,73
1,2004-02-28 21:41:49.778807,2.69964,2.6991,73
1,2004-02-28 21:42:19.239491,2.69964,2.6991,74
1,2004-02-28 21:42:48.903504,2.69964,2.6991,74
1,2004-02-28 21:43:22.296280,2.69964,2.6991,73
1,2004-02-28 21:44:49.954953,2.69964,2.6991,72
1,2004-02-28 21:47:20.662476,2.69964,2.6991,67
1,2004-02-28 21:48:22.222218,2.69964,2.6991,66
1,2004-02-28 21:49:22.969090,2.69964,2.6991,67
1,2004-02-28 21:49:48.899956,2.68742,2.6989,68
1,2004-02-28 21:51:18.017312,2.69964,2.6989,67
1,2004-02-28 21:52:49.763344,2.69964,2.6989,64
1,2004-02-28 21:53:18.830208,2.69964,2.6989,64
1,2004-02-28 21:54:20.589661,2.69964,2.6989,63
1,2004-02-28 21:54:48.817326,2.69964,2.6989,64
1,2004-02-28 21:55:50.117527,2.69964,2.6989,63
1,2004-02-28 21:56:21.767111,2.69964,2.6989,63
1,2004-02-28 21:56:49.364351,2.69964,2.6989,64
1,2004-02-28 21:57:21.576794,2.68742,2.6989,63
1,2004-02-28 21:57:51.051651,2.69964,2.6989,63
1,2004-02-28 21:58:48.695662,2.69964,2.6989,64
1,2004-02-28 21:59:20.749158,2.68742,2.6987,64
1,2004-02-28 21:59:51.520131,2.69964,2.6987,65
1,2004-02-28 22:00:18.456713,2.68742,2.6985,66
1,2004-02-28 22:00:49.692722,2.69964,2.6985,67
1,2004-02-28 22:01:20.320827,2.69964,2.6986,68
1,2004-02-28 22:01:49.889824,2.68742,2.6984,69
1,2004-02-28 22:02:20.375446,2.68742,2.6982,68
1,2004-02-28 22:03:18.405294,2.68742,2.698,69
1,2004-02-28 22:03:50.729022,2.69964,2.698,69
1,2004-02-28 22:04:51.829234,2.69964,2.698,68
1,2004-02-28 22:06:19.289028,2.68742,2.6979,69
1,2004-02-28 22:06:51.403492,2.68742,2.6977,68
1,2004-02-28 22:07:48.813524,2.69964,2.6977,68
1,2004-02-28 22:08:19.493128,2.69964,2.6977,68
1,2004-02-28 22:08:51.956977,2.69964,2.6977,69
1,2004-02-28 22:09:21.145312,2.69964,2.6977,70
1,2004-02-28 22:09:49.390743,2.69964,2.6977,69
1,2004-02-28 22:10:21.258963,2.68742,2.6975,69
1,2004-02-28 22:11:21.229343,2.68742,2.6973,69
1,2004-02-28 22:11:49.530447,2.69964,2.6974,70
1,2004-02-28 22:12:21.346504,2.68742,2.6972,69
1,2004-02-28 22:13:48.349584,2.68742,2.6971,68
1,2004-02-28 22:14:21.588820,2.68742,2.697,69
1,2004-02-28 22:15:22.489864,2.68742,2.6968,69
1,2004-02-28 22:15:49.198684,2.69964,2.6968,70
1,2004-02-28 22:16:18.437873,2.69964,2.6969,71
1,2004-02-28 22:16:52.040643,2.69964,2.6969,72
1,2004-02-28 22:17:21.096528,2.69964,2.697,73
1,2004-02-28 22:18:20.053818,2.68742,2.6968,73
1,2004-02-28 22:19:51.421080,2.68742,2.6966,72
1,2004-02-28 22:23:18.175726,2.69964,2.6965,71
1,2004-02-28 22:24:48.364114,2.69964,2.6965,69
1,2004-02-28 22:26:18.866803,2.68742,2.6963,69
1,2004-02-28 22:26:49.403795,2.69964,2.6963,70
1,2004-02-28 22:27:48.847694,2.68742,2.6961,70
1,2004-02-28 22:28:18.915323,2.68742,2.696,70
1,2004-02-28 22:30:19.052611,2.68742,2.6958,70
1,2004-02-28 22:33:48.035441,2.69964,2.6958,67
1,2004-02-28 22:34:18.017310,2.69964,2.6958,67
1,2004-02-28 22:34:53.940628,2.69964,2.6958,66
1,2004-02-28 22:35:48.079456,2.68742,2.6956,67
1,2004-02-28 22:36:19.903581,2.68742,2.6954,67
1,2004-02-28 22:36:48.561548,2.69964,2.6954,67
1,2004-02-28 22:38:20.988945,2.69964,2.6954,67
1,2004-02-28 22:38:51.317580,2.69964,2.6954,67
1,2004-02-28 22:39:20.069642,2.69964,2.6955,68
1,2004-02-28 22:39:49.208612,2.68742,2.6953,68
1,2004-02-28 22:40:19.848757,2.68742,2.6952,69
1,2004-02-28 22:40:48.639771,2.69964,2.6953,70
1,2004-02-28 22:41:19.477561,2.68742,2.6952,71
1,2004-02-28 22:41:48.278597,2.68742,2.695,71
1,2004-02-28 22:42:50.377006,2.68742,2.6947,69
1,2004-02-28 22:44:21.096952,2.68742,2.6945,69
1,2004-02-28 22:44:50.683183,2.68742,2.6943,69
1,2004-02-28 22:45:48.576523,2.68742,2.6942,70
1,2004-02-28 22:46:20.433906,2.69964,2.6943,71
1,2004-02-28 22:47:18.931757,2.68742,2.6942,72
1,2004-02-28 22:48:18.915157,2.69964,2.6942,72
1,2004-02-28 22:48:50.790779,2.69964,2.6942,72
1,2004-02-28 22:49:22.857316,2.68742,2.6941,73
1,2004-02-28 22:49:49.638195,2.68742,2.694,72
1,2004-02-28 22:50:18.052626,2.68742,2.6939,73
1,2004-02-28 22:50:50.239097,2.69964,2.694,74
1,2004-02-28 22:51:19.476560,2.68742,2.6939,74
1,2004-02-28 22:51:49.202314,2.69964,2.6939,75
1,2004-02-28 22:53:18.939899,2.68742,2.6937,74
1,2004-02-28 22:54:21.709488,2.68742,2.6935,74
1,2004-02-28 22:54:49.289661,2.68742,2.6934,74
1,2004-02-28 22:56:49.656904,2.69964,2.6932,72
1,2004-02-28 22:57:49.917374,2.69964,2.6934,72
1,2004-02-28 22:58:20.965703,2.69964,2.6934,72
1,2004-02-28 22:59:50.493357,2.68742,2.6933,71
1,2004-02-28 23:01:21.064817,2.68742,2.693,68
1,2004-02-28 23:01:49.437312,2.69964,2.6931,69
1,2004-02-28 23:03:19.858779,2.69964,2.6934,67
1,2004-02-28 23:03:51.603857,2.68742,2.6933,67
1,2004-02-28 23:05:49.773051,2.68742,2.6931,67
1,2004-02-28 23:06:48.568452,2.68742,2.6931,67
1,2004-02-28 23:07:18.091459,2.68742,2.6931,67
1,2004-02-28 23:07:54.012195,2.68742,2.6929,67
1,2004-02-28 23:08:50.529337,2.69964,2.6929,67
1,2004-02-28 23:09:18.106727,2.69964,2.6929,67
1,2004-02-28 23:12:51.230890,2.68742,2.6927,62
1,2004-02-28 23:13:23.199633,2.69964,2.6929,63
1,2004-02-28 23:13:51.539581,2.68742,2.6929,63
1,2004-02-28 23:14:19.647531,2.68742,2.6928,64
1,2004-02-28 23:14:48.209910,2.68742,2.6928,64
1,2004-02-28 23:15:22.420665,2.68742,2.6927,65
1,2004-02-28 23:16:52.193705,2.68742,2.6923,62
1,2004-02-28 23:17:51.320742,2.68742,2.6922,62
1,2004-02-28 23:18:20.426695,2.68742,2.6922,62
1,2004-02-28 23:18:50.310848,2.68742,2.6921,63
1,2004-02-28 23:19:23.854000,2.68742,2.692,64
1,2004-02-28 23:19:50.910010,2.69964,2.6921,65
1,2004-02-28 23:20:20.940818,2.68742,2.6921,65
1,2004-02-28 23:20:54.331962,2.68742,2.692,66
1,2004-02-28 23:21:19.152824,2.68742,2.692,67
1,2004-02-28 23:21:49.813856,2.68742,2.6919,68
1,2004-02-28 23:22:49.386020,2.68742,2.6918,69
1,2004-02-28 23:23:51.312849,2.68742,2.6917,69
1,2004-02-28 23:24:48.401420,2.68742,2.6915,69
1,2004-02-28 23:25:50.896514,2.68742,2.6914,70
1,2004-02-28 23:26:50.569341,2.67532,2.6911,69
1,2004-02-28 23:30:18.587322,2.68742,2.6912,68
1,2004-02-28 23:30:52.605149,2.69964,2.6914,68
1,2004-02-28 23:31:53.366495,2.69964,2.6915,69
1,2004-02-28 23:33:18.432597,2.68742,2.6914,70
1,2004-02-28 23:34:51.251576,2.69964,2.6913,69
1,2004-02-28 23:35:21.171584,2.68742,2.6911,69
1,2004-02-28 23:35:52.823883,2.68742,2.6911,69
1,2004-02-28 23:36:20.956669,2.68742,2.6911,69
1,2004-02-28 23:36:51.537892,2.68742,2.691,69
1,2004-02-28 23:37:19.509977,2.69964,2.6911,70
1,2004-02-28 23:37:51.406721,2.68742,2.691,71
1,2004-02-28 23:38:18.304036,2.69964,2.6912,72
1,2004-02-28 23:39:20.149760,2.68742,2.6907,70
1,2004-02-28 23:42:19.130001,2.68742,2.6908,66
1,2004-02-28 23:42:48.189451,2.68742,2.6907,67
1,2004-02-28 23:43:19.137936,2.68742,2.6907,67
1,2004-02-28 23:43:51.799040,2.68742,2.6907,68
1,2004-02-28 23:44:18.409979,2.68742,2.6906,69
1,2004-02-28 23:44:51.275359,2.68742,2.6907,68
1,2004-02-28 23:45:51.852240,2.69964,2.6908,68
1,2004-02-28 23:46:20.725440,2.68742,2.6907,68
1,2004-02-28 23:46:53.849675,2.68742,2.6906,69
1,2004-02-28 23:47:19.026117,2.68742,2.6906,69
1,2004-02-28 23:47:50.830762,2.69964,2.6907,70
1,2004-02-28 23:48:50.689368,2.68742,2.6906,70
1,2004-02-28 23:49:20.142167,2.69964,2.6906,70
1,2004-02-28 23:50:18.082409,2.69964,2.6908,68
1,2004-02-28 23:51:55.101345,2.68742,2.6906,66
1,2004-02-28 23:52:23.336524,2.68742,2.6905,67
1,2004-02-28 23:52:48.672499,2.68742,2.6905,68
1,2004-02-28 23:53:20.032719,2.68742,2.6905,68
1,2004-02-28 23:53:51.169544,2.67532,2.6903,69
1,2004-02-28 23:54:18.810486,2.68742,2.6902,70
1,2004-02-28 23:54:49.091821,2.68742,2.6902,70
1,2004-02-28 23:56:21.151672,2.69964,2.6904,70
1,2004-02-28 23:56:50.950175,2.68742,2.6902,70
1,2004-02-28 23:57:50.602677,2.68742,2.69,70
1,2004-02-28 23:58:48.274147,2.68742,2.6899,70
1,2004-02-28 23:59:18.261149,2.68742,2.6898,71
1,2004-02-29 00:01:19.013451,2.68742,2.6898,71
1,2004-02-29 00:02:49.251437,2.68742,2.6897,70
1,2004-02-29 00:03:21.103519,2.68742,2.6895,70
1,2004-02-29 00:04:24.171199,2.68742,2.6895,70
1,2004-02-29 00:05:20.808845,2.68742,2.6895,71
1,2004-02-29 00:06:19.089489,2.68742,2.6895,71
1,2004-02-29 00:06:49.343911,2.68742,2.6895,71
1,2004-02-29 00:07:50.334418,2.68742,2.6895,71
1,2004-02-29 00:08:20.092038,2.68742,2.6895,71
1,2004-02-29 00:09:48.270982,2.68742,2.6892,70
1,2004-02-29 00:10:20.910135,2.68742,2.6891,71
1,2004-02-29 00:12:21.511812,2.68742,2.6891,72
1,2004-02-29 00:12:51.336992,2.68742,2.6891,72
1,2004-02-29 00:13:19.573069,2.68742,2.6891,73
1,2004-02-29 00:14:52.617029,2.68742,2.689,70
1,2004-02-29 00:15:20.786241,2.68742,2.689,71
1,2004-02-29 00:15:49.114679,2.68742,2.689,71
1,2004-02-29 00:16:19.335628,2.68742,2.689,72
1,2004-02-29 00:16:50.013246,2.68742,2.6889,73
1,2004-02-29 00:17:21.567735,2.68742,2.6889,73
1,2004-02-29 00:17:49.611636,2.68742,2.6889,74
1,2004-02-29 00:18:20.599740,2.68742,2.6889,73
1,2004-02-29 00:18:49.560725,2.68742,2.6889,74
1,2004-02-29 00:20:19.348236,2.68742,2.6888,72
1,2004-02-29 00:20:49.023004,2.68742,2.6888,72
1,2004-02-29 00:21:23.811692,2.68742,2.6888,71
1,2004-02-29 00:21:50.677004,2.68742,2.6888,71
1,2004-02-29 00:22:50.960806,2.68742,2.6888,71
1,2004-02-29 00:23:20.072298,2.68742,2.6888,72
1,2004-02-29 00:23:53.059407,2.68742,2.6888,72
1,2004-02-29 00:24:22.102118,2.68742,2.6888,73
1,2004-02-29 00:24:49.043166,2.68742,2.6888,73
1,2004-02-29 00:25:51.575150,2.68742,2.6888,73
1,2004-02-29 00:26:21.826194,2.68742,2.6887,74
1,2004-02-29 00:27:50.439256,2.68742,2.6889,74
1,2004-02-29 00:28:18.190429,2.68742,2.6889,75
1,2004-02-29 00:29:20.262286,2.68742,2.6889,76
1,2004-02-29 00:29:53.137809,2.68742,2.6888,77
1,2004-02-29 00:30:22.748711,2.68742,2.6888,77
1,2004-02-29 00:31:21.675276,2.68742,2.6887,77
1,2004-02-29 00:32:51.313547,2.68742,2.6885,77
1,2004-02-29 00:33:50.271661,2.68742,2.6885,77
1,2004-02-29 00:34:18.235377,2.68742,2.6885,78
1,2004-02-29 00:35:22.379070,2.68742,2.6884,77
1,2004-02-29 00:35:48.203102,2.68742,2.6884,78
1,2004-02-29 00:36:23.496752,2.68742,2.6884,77
1,2004-02-29 00:36:48.206771,2.68742,2.6884,78
1,2004-02-29 00:38:48.704905,2.68742,2.6881,75
1,2004-02-29 00:39:19.623456,2.68742,2.6881,76
1,2004-02-29 00:40:53.595980,2.68742,2.6881,76
1,2004-02-29 00:41:19.231948,2.67532,2.6879,77
1,2004-02-29 00:41:52.728009,2.68742,2.6879,78
1,2004-02-29 00:42:23.369095,2.68742,2.6879,78
1,2004-02-29 00:45:48.761699,2.67532,2.6878,74
1,2004-02-29 00:46:19.570943,2.68742,2.6876,74
1,2004-02-29 00:48:21.490403,2.68742,2.6874,71
1,2004-02-29 00:52:51.273577,2.67532,2.6869,66
1,2004-02-29 00:53:23.999191,2.67532,2.6867,66
1,2004-02-29 00:54:19.818580,2.68742,2.6869,65
1,2004-02-29 00:54:50.134549,2.68742,2.6869,65
1,2004-02-29 00:55:18.378039,2.68742,2.6869,66
1,2004-02-29 00:55:48.582848,2.68742,2.6869,67
1,2004-02-29 00:56:20.302268,2.68742,2.6869,68
1,2004-02-29 00:56:51.413554,2.68742,2.6867,67
1,2004-02-29 00:57:49.713861,2.68742,2.6867,68
1,2004-02-29 00:59:21.292529,2.68742,2.6867,66
1,2004-02-29 00:59:48.268649,2.68742,2.6867,67
1,2004-02-29 01:00:20.905873,2.68742,2.6867,68
1,2004-02-29 01:00:48.346456,2.68742,2.6867,69
1,2004-02-29 01:01:19.180448,2.67532,2.6865,69
1,2004-02-29 01:01:53.023716,2.67532,2.6864,70
1,2004-02-29 01:02:18.276432,2.68742,2.6864,71
1,2004-02-29 01:03:19.472039,2.68742,2.6864,71
1,2004-02-29 01:03:51.683267,2.68742,2.6864,71
1,2004-02-29 01:04:20.901459,2.68742,2.6864,72
1,2004-02-29 01:04:53.224442,2.68742,2.6864,72
1,2004-02-29 01:05:50.634353,2.68742,2.6864,72
1,2004-02-29 01:06:18.292698,2.68742,2.6864,73
1,2004-02-29 01:07:21.720364,2.68742,2.6864,72
1,2004-02-29 01:08:22.301776,2.67532,2.6862,71
1,2004-02-29 01:08:49.137341,2.67532,2.6861,72
1,2004-02-29 01:10:19.450612,2.68742,2.6861,72
1,2004-02-29 01:11:48.303070,2.68742,2.6861,72
1,2004-02-29 01:12:21.805046,2.67532,2.6859,72
1,2004-02-29 01:13:18.305305,2.68742,2.6859,72
1,2004-02-29 01:15:48.824033,2.68742,2.6859,70
1,2004-02-29 01:16:22.461799,2.69964,2.686,69
1,2004-02-29 01:16:53.949816,2.68742,2.686,69
1,2004-02-29 01:17:19.092664,2.68742,2.686,70
1,2004-02-29 01:17:48.876858,2.68742,2.686,70
1,2004-02-29 01:18:48.723718,2.67532,2.6858,69
1,2004-02-29 01:19:22.380010,2.68742,2.6858,69
1,2004-02-29 01:19:51.412409,2.67532,2.6857,70
1,2004-02-29 01:20:23.148733,2.67532,2.6855,70
1,2004-02-29 01:20:53.207999,2.67532,2.6853,70
1,2004-02-29 01:21:18.835082,2.67532,2.6852,71
1,2004-02-29 01:22:18.430433,2.68742,2.6852,70
1,2004-02-29 01:25:19.759819,2.68742,2.685,66
1,2004-02-29 01:26:19.774796,2.68742,2.685,66
1,2004-02-29 01:27:22.251285,2.68742,2.685,66
1,2004-02-29 01:27:51.111924,2.67532,2.6849,66
1,2004-02-29 01:29:23.169859,2.68742,2.6848,65
1,2004-02-29 01:29:53.660788,2.68742,2.6848,65
1,2004-02-29 01:30:23.249360,2.67532,2.6846,65
1,2004-02-29 01:31:52.451224,2.67532,2.6844,65
1,2004-02-29 01:32:21.024741,2.67532,2.6843,66
1,2004-02-29 01:32:48.575055,2.68742,2.6844,67
1,2004-02-29 01:33:19.993517,2.67532,2.6842,67
1,2004-02-29 01:34:53.346751,2.68742,2.6841,66
1,2004-02-29 01:35:49.310438,2.68742,2.6841,65
1,2004-02-29 01:36:50.770720,2.67532,2.6838,64
1,2004-02-29 01:38:19.155645,2.67532,2.6837,65
1,2004-02-29 01:38:53.396897,2.67532,2.6835,65
1,2004-02-29 01:39:18.460415,2.68742,2.6836,66
1,2004-02-29 01:39:49.275607,2.68742,2.6836,66
1,2004-02-29 01:40:20.409737,2.68742,2.6836,67
1,2004-02-29 01:40:53.223116,2.68742,2.6837,68
1,2004-02-29 01:41:49.665591,2.68742,2.6838,67
1,2004-02-29 01:44:19.299842,2.67532,2.6836,66
1,2004-02-29 01:45:19.818719,2.68742,2.6836,67
1,2004-02-29 01:47:18.402883,2.67532,2.6836,66
1,2004-02-29 01:48:18.404600,2.67532,2.6834,67
1,2004-02-29 01:49:20.931608,2.67532,2.6833,67
1,2004-02-29 01:49:49.811114,2.67532,2.6832,68
1,2004-02-29 01:51:22.385002,2.68742,2.6832,69
1,2004-02-29 01:51:50.946661,2.67532,2.6831,70
1,2004-02-29 01:52:18.412098,2.67532,2.683,71
1,2004-02-29 01:52:52.524968,2.67532,2.683,71
1,2004-02-29 01:53:22.939982,2.67532,2.6829,72
1,2004-02-29 01:54:48.857528,2.68742,2.683,71
1,2004-02-29 01:55:21.128659,2.67532,2.6828,70
1,2004-02-29 01:56:49.922691,2.68742,2.6827,69
1,2004-02-29 01:57:49.289116,2.68742,2.6827,69
1,2004-02-29 01:58:21.084812,2.68742,2.6827,69
1,2004-02-29 02:00:49.424491,2.67532,2.6823,66
1,2004-02-29 02:01:21.414120,2.67532,2.6823,66
1,2004-02-29 02:01:49.891947,2.67532,2.6822,67
1,2004-02-29 02:02:51.554053,2.67532,2.6821,66
1,2004-02-29 02:04:19.923930,2.68742,2.682,65
1,2004-02-29 02:04:48.812389,2.66332,2.6817,65
1,2004-02-29 02:05:50.830181,2.67532,2.6814,64
1,2004-02-29 02:06:19.574211,2.67532,2.6812,64
1,2004-02-29 02:06:50.322253,2.67532,2.6811,65
1,2004-02-29 02:07:20.695234,2.67532,2.681,66
1,2004-02-29 02:07:54.577034,2.67532,2.6808,66
1,2004-02-29 02:08:22.279798,2.68742,2.6809,67
1,2004-02-29 02:08:55.178506,2.67532,2.681,66
1,2004-02-29 02:09:21.105061,2.67532,2.6809,67
1,2004-02-29 02:10:20.713822,2.67532,2.6807,67
1,2004-02-29 02:10:48.880599,2.67532,2.6807,68
1,2004-02-29 02:11:18.338134,2.67532,2.6806,69
1,2004-02-29 02:11:48.846060,2.67532,2.6804,69
1,2004-02-29 02:12:20.103494,2.67532,2.6803,70
1,2004-02-29 02:12:48.338627,2.67532,2.6803,70
1,2004-02-29 02:13:21.287491,2.68742,2.6803,70
1,2004-02-29 02:13:53.109369,2.67532,2.6803,71
1,2004-02-29 02:14:50.011619,2.67532,2.6802,72
1,2004-02-29 02:15:49.395885,2.67532,2.68,72
1,2004-02-29 02:16:52.052781,2.67532,2.6797,72
1,2004-02-29 02:17:18.869067,2.67532,2.6795,72
1,2004-02-29 02:17:50.943293,2.67532,2.6792,71
1,2004-02-29 02:18:52.339579,2.68742,2.6794,71
1,2004-02-29 02:19:48.498861,2.67532,2.6792,71
1,2004-02-29 02:20:20.509914,2.67532,2.6792,71
1,2004-02-29 02:21:19.461923,2.67532,2.6794,69
1,2004-02-29 02:21:50.467418,2.67532,2.6793,70
1,2004-02-29 02:22:19.459642,2.67532,2.6791,70
1,2004-02-29 02:22:48.830903,2.67532,2.6791,71
1,2004-02-29 02:23:22.818027,2.67532,2.679,72
1,2004-02-29 02:24:20.795518,2.67532,2.679,73
1,2004-02-29 02:24:48.378731,2.67532,2.6789,74
1,2004-02-29 02:25:20.474033,2.67532,2.6788,74
1,2004-02-29 02:25:51.791230,2.67532,2.6787,75
1,2004-02-29 02:26:19.962211,2.67532,2.6785,75
1,2004-02-29 02:27:19.907176,2.67532,2.6785,76
1,2004-02-29 02:27:49.297161,2.67532,2.6783,76
1,2004-02-29 02:28:21.136379,2.67532,2.6783,76
1,2004-02-29 02:28:49.412238,2.67532,2.6783,77
1,2004-02-29 02:29:21.742951,2.67532,2.6783,78
1,2004-02-29 02:29:49.521584,2.67532,2.6781,78
1,2004-02-29 02:30:22.172412,2.67532,2.678,78
1,2004-02-29 02:30:49.691432,2.67532,2.678,78
1,2004-02-29 02:31:20.662471,2.67532,2.6779,79
1,2004-02-29 02:31:53.456371,2.67532,2.6779,79
1,2004-02-29 02:32:22.636589,2.67532,2.6779,79
1,2004-02-29 02:32:48.939065,2.67532,2.6778,79
1,2004-02-29 02:33:21.471103,2.67532,2.6778,79
1,2004-02-29 02:33:49.710570,2.67532,2.6777,80
1,2004-02-29 02:34:21.373224,2.68742,2.6779,81
1,2004-02-29 02:35:20.542573,2.67532,2.6777,81
1,2004-02-29 02:35:50.696961,2.67532,2.6776,81
1,2004-02-29 02:36:21.995526,2.67532,2.6775,82
1,2004-02-29 02:37:21.687822,2.67532,2.6775,82
1,2004-02-29 02:37:52.145869,2.67532,2.6775,83
1,2004-02-29 02:38:21.131396,2.67532,2.6775,83
1,2004-02-29 02:38:51.711436,2.67532,2.6775,84
1,2004-02-29 02:39:18.294453,2.67532,2.6775,84
1,2004-02-29 02:39:48.295749,2.68742,2.6775,84
1,2004-02-29 02:40:18.298945,2.67532,2.6773,84
1,2004-02-29 02:40:48.294835,2.67532,2.6772,84
1,2004-02-29 02:41:18.305641,2.67532,2.677,84
1,2004-02-29 02:41:53.689417,2.67532,2.6769,84
1,2004-02-29 02:42:18.687103,2.67532,2.6769,85
1,2004-02-29 02:42:48.451818,2.67532,2.6769,86
1,2004-02-29 02:43:19.186037,2.67532,2.6769,87
1,2004-02-29 02:44:21.499988,2.67532,2.6769,87
1,2004-02-29 02:44:52.420213,2.67532,2.6768,88
1,2004-02-29 02:45:20.724730,2.67532,2.6767,88
1,2004-02-29 02:45:49.062193,2.67532,2.6767,89
1,2004-02-29 02:47:19.009656,2.67532,2.6767,89
1,2004-02-29 02:47:51.786344,2.68742,2.6768,90
1,2004-02-29 02:49:19.771520,2.67532,2.6768,90
1,2004-02-29 02:49:49.208631,2.67532,2.6768,90
1,2004-02-29 02:50:21.660882,2.67532,2.6768,90
1,2004-02-29 02:52:53.387801,2.67532,2.6767,87
1,2004-02-29 02:54:48.467965,2.67532,2.6767,87
1,2004-02-29 02:55:19.353104,2.67532,2.6766,87
1,2004-02-29 02:55:48.657802,2.67532,2.6766,87
1,2004-02-29 02:57:49.067531,2.67532,2.6764,87
1,2004-02-29 02:58:50.543362,2.67532,2.6762,86
1,2004-02-29 02:59:52.133367,2.67532,2.6762,87
1,2004-02-29 03:00:18.513266,2.67532,2.6761,88
1,2004-02-29 03:00:50.312953,2.67532,2.6761,88
1,2004-02-29 03:01:18.476563,2.67532,2.6761,89
1,2004-02-29 03:01:52.557747,2.67532,2.6761,88
1,2004-02-29 03:02:19.358901,2.67532,2.6761,89
1,2004-02-29 03:02:53.217154,2.67532,2.6761,89
1,2004-02-29 03:03:49.563741,2.67532,2.6761,90
1,2004-02-29 03:05:18.484510,2.67532,2.6761,89
1,2004-02-29 03:05:48.589344,2.67532,2.6761,90
1,2004-02-29 03:07:19.094388,2.67532,2.6761,88
1,2004-02-29 03:08:52.281445,2.67532,2.676,86
1,2004-02-29 03:09:24.312394,2.67532,2.676,85
1,2004-02-29 03:10:20.881091,2.67532,2.676,85
1,2004-02-29 03:11:18.500319,2.67532,2.676,84
1,2004-02-29 03:11:50.635637,2.67532,2.676,84
1,2004-02-29 03:12:20.796561,2.68742,2.6762,84
1,2004-02-29 03:13:20.310399,2.67532,2.6762,84
1,2004-02-29 03:13:50.054654,2.67532,2.676,84
1,2004-02-29 03:14:23.560738,2.67532,2.676,84
1,2004-02-29 03:15:53.533827,2.67532,2.676,83
1,2004-02-29 03:16:25.514914,2.67532,2.676,84
1,2004-02-29 03:17:49.732916,2.67532,2.676,83
1,2004-02-29 03:18:19.081541,2.67532,2.676,83
1,2004-02-29 03:19:22.470958,2.67532,2.6759,83
1,2004-02-29 03:19:53.016038,2.67532,2.6759,83
1,2004-02-29 03:20:50.286741,2.67532,2.6759,83
1,2004-02-29 03:21:53.987464,2.67532,2.6759,82
1,2004-02-29 03:23:50.253750,2.67532,2.6759,80
1,2004-02-29 03:24:49.676036,2.67532,2.6759,79
1,2004-02-29 03:25:50.616426,2.67532,2.6759,79
1,2004-02-29 03:26:20.639290,2.67532,2.6759,78
1,2004-02-29 03:26:52.401391,2.67532,2.6759,79
1,2004-02-29 03:27:23.891963,2.67532,2.6759,79
1,2004-02-29 03:28:19.054306,2.67532,2.6759,79
1,2004-02-29 03:28:50.710389,2.67532,2.6759,78
1,2004-02-29 03:29:20.243316,2.67532,2.6759,79
1,2004-02-29 03:29:50.004326,2.67532,2.6759,78
1,2004-02-29 03:30:20.059181,2.67532,2.6759,79
1,2004-02-29 03:30:50.920888,2.67532,2.6759,78
1,2004-02-29 03:31:20.167330,2.68742,2.6761,79
1,2004-02-29 03:31:48.420891,2.67532,2.6761,79
1,2004-02-29 03:32:20.677555,2.67532,2.6761,79
1,2004-02-29 03:33:24.695124,2.67532,2.6761,77
1,2004-02-29 03:33:52.073635,2.67532,2.6761,77
1,2004-02-29 03:34:21.801701,2.67532,2.6759,77
1,2004-02-29 03:34:51.831272,2.67532,2.6759,78
1,2004-02-29 03:35:21.043719,2.66332,2.6758,78
1,2004-02-29 03:35:48.594026,2.67532,2.6758,79
1,2004-02-29 03:36:19.076212,2.67532,2.6758,79
1,2004-02-29 03:36:56.457808,2.67532,2.6758,79
1,2004-02-29 03:37:23.897920,2.67532,2.6758,79
1,2004-02-29 03:38:19.119813,2.67532,2.6758,79
1,2004-02-29 03:41:19.388708,2.67532,2.6757,73
1,2004-02-29 03:42:20.884497,2.67532,2.6757,72
1,2004-02-29 03:42:49.333880,2.67532,2.6757,72
1,2004-02-29 03:43:54.748385,2.67532,2.6757,72
1,2004-02-29 03:44:18.621490,2.67532,2.6757,73
1,2004-02-29 03:44:50.325906,2.66332,2.6755,73
1,2004-02-29 03:45:20.084173,2.67532,2.6755,73
1,2004-02-29 03:45:51.959731,2.67532,2.6755,72
1,2004-02-29 03:46:18.490452,2.67532,2.6755,73
1,2004-02-29 03:48:51.366037,2.67532,2.6753,72
1,2004-02-29 03:49:19.868453,2.67532,2.6753,72
1,2004-02-29 03:50:21.299253,2.67532,2.6753,72
1,2004-02-29 03:50:53.890050,2.67532,2.6753,72
1,2004-02-29 03:51:19.684963,2.67532,2.6753,73
1,2004-02-29 03:52:50.059568,2.67532,2.6753,74
1,2004-02-29 03:53:22.538994,2.67532,2.6753,74
1,2004-02-29 03:53:49.274350,2.67532,2.6753,75
1,2004-02-29 03:54:50.295661,2.67532,2.6753,75
1,2004-02-29 03:55:20.274706,2.66332,2.6752,75
1,2004-02-29 03:55:52.588307,2.67532,2.6752,75
1,2004-02-29 03:56:19.009914,2.67532,2.6752,76
1,2004-02-29 03:57:19.641161,2.67532,2.6752,77
1,2004-02-29 03:57:52.622645,2.67532,2.6752,77
1,2004-02-29 03:58:53.404714,2.67532,2.6752,77
1,2004-02-29 03:59:51.457330,2.66332,2.675,78
1,2004-02-29 04:00:23.055004,2.67532,2.675,77
1,2004-02-29 04:00:52.116040,2.67532,2.675,77
1,2004-02-29 04:01:19.597011,2.67532,2.675,77
1,2004-02-29 04:01:52.443214,2.67532,2.675,78
1,2004-02-29 04:02:22.554537,2.67532,2.675,77
1,2004-02-29 04:03:50.724974,2.67532,2.675,76
1,2004-02-29 04:05:24.518193,2.66332,2.6748,76
1,2004-02-29 04:06:20.243631,2.67532,2.6748,76
1,2004-02-29 04:06:49.122740,2.67532,2.6749,77
1,2004-02-29 04:07:21.954373,2.67532,2.6749,77
1,2004-02-29 04:07:54.300474,2.67532,2.6749,78
1,2004-02-29 04:08:21.361392,2.67532,2.6749,79
1,2004-02-29 04:08:48.530005,2.67532,2.6749,80
1,2004-02-29 04:09:24.746323,2.67532,2.6749,79
1,2004-02-29 04:10:20.389847,2.67532,2.6749,80
1,2004-02-29 04:10:50.830058,2.67532,2.6749,80
1,2004-02-29 04:11:48.530847,2.67532,2.6749,80
1,2004-02-29 04:12:23.904047,2.66332,2.6746,79
1,2004-02-29 04:12:54.353620,2.67532,2.6746,80
1,2004-02-29 04:13:50.157272,2.67532,2.6746,79
1,2004-02-29 04:14:23.146145,2.67532,2.6746,80
1,2004-02-29 04:15:54.706891,2.67532,2.6746,79
1,2004-02-29 04:16:18.546610,2.67532,2.6746,80
1,2004-02-29 04:18:18.548682,2.67532,2.6746,79
1,2004-02-29 04:18:48.553666,2.67532,2.6746,79
1,2004-02-29 04:19:22.673998,2.67532,2.6746,79
1,2004-02-29 04:20:19.669967,2.67532,2.6746,79
1,2004-02-29 04:21:55.604345,2.67532,2.6746,78
1,2004-02-29 04:22:18.560398,2.67532,2.6746,79
1,2004-02-29 04:23:18.558663,2.66332,2.6744,80
1,2004-02-29 04:24:19.206641,2.67532,2.6744,80
1,2004-02-29 04:25:51.459516,2.67532,2.6744,79
1,2004-02-29 04:26:20.402612,2.66332,2.6743,80
1,2004-02-29 04:26:52.803721,2.67532,2.6743,79
1,2004-02-29 04:27:18.594089,2.67532,2.6743,80
1,2004-02-29 04:27:51.481394,2.67532,2.6743,80
1,2004-02-29 04:28:18.624800,2.67532,2.6743,81
1,2004-02-29 04:29:21.554514,2.67532,2.6743,79
1,2004-02-29 04:29:51.645492,2.66332,2.6741,79
1,2004-02-29 04:31:21.242947,2.66332,2.6738,77
1,2004-02-29 04:32:19.717543,2.66332,2.6736,77
1,2004-02-29 04:32:48.590493,2.67532,2.6736,77
1,2004-02-29 04:33:19.782637,2.66332,2.6735,78
1,2004-02-29 04:34:22.189188,2.67532,2.6734,76
1,2004-02-29 04:34:53.937764,2.67532,2.6734,76
1,2004-02-29 04:35:19.298967,2.67532,2.6734,77
1,2004-02-29 04:36:19.823251,2.66332,2.6734,75
1,2004-02-29 04:38:20.888786,2.66332,2.6732,73
1,2004-02-29 04:38:51.951534,2.67532,2.6732,74
1,2004-02-29 04:39:51.119368,2.67532,2.6732,75
1,2004-02-29 04:40:24.929733,2.67532,2.6733,76
1,2004-02-29 04:41:21.351012,2.67532,2.6733,76
1,2004-02-29 04:41:53.054864,2.67532,2.6733,77
1,2004-02-29 04:42:19.903627,2.66332,2.6732,78
1,2004-02-29 04:42:49.337752,2.67532,2.6731,77
1,2004-02-29 04:43:22.727579,2.67532,2.6732,78
1,2004-02-29 04:45:20.342387,2.66332,2.6731,75
1,2004-02-29 04:45:49.822726,2.67532,2.6731,76
1,2004-02-29 04:46:23.999409,2.67532,2.6731,75
1,2004-02-29 04:47:20.345603,2.66332,2.673,76
1,2004-02-29 04:47:53.315277,2.66332,2.6728,77
1,2004-02-29 04:48:53.059747,2.67532,2.6728,77
1,2004-02-29 04:49:23.105533,2.67532,2.6728,77
1,2004-02-29 04:50:51.476600,2.66332,2.6727,77
1,2004-02-29 04:51:19.634002,2.67532,2.6727,77
1,2004-02-29 04:51:55.855265,2.66332,2.6725,77
1,2004-02-29 04:52:20.425871,2.66332,2.6724,78
1,2004-02-29 04:53:20.983661,2.67532,2.6724,78
1,2004-02-29 04:54:22.351218,2.65143,2.672,77
1,2004-02-29 04:54:51.936764,2.67532,2.672,77
1,2004-02-29 04:56:25.150082,2.67532,2.6721,75
1,2004-02-29 04:57:49.790330,2.66332,2.672,75
1,2004-02-29 04:58:54.415064,2.66332,2.6718,74
1,2004-02-29 04:59:23.990244,2.67532,2.6718,75
1,2004-02-29 05:00:53.274234,2.67532,2.6719,73
1,2004-02-29 05:01:25.356022,2.67532,2.6719,73
1,2004-02-29 05:01:52.781199,2.66332,2.6717,73
1,2004-02-29 05:02:23.602081,2.66332,2.6715,73
1,2004-02-29 05:02:49.166839,2.66332,2.6714,74
1,2004-02-29 05:03:49.692170,2.66332,2.6713,75
1,2004-02-29 05:04:21.566479,2.67532,2.6713,75
1,2004-02-29 05:05:22.208310,2.67532,2.6714,76
1,2004-02-29 05:05:49.763930,2.66332,2.6714,76
1,2004-02-29 05:06:19.788376,2.66332,2.6713,77
1,2004-02-29 05:06:55.641502,2.67532,2.6712,76
1,2004-02-29 05:08:50.865680,2.66332,2.6709,73
1,2004-02-29 05:09:24.129329,2.66332,2.6708,74
1,2004-02-29 05:10:18.563389,2.66332,2.6706,74
1,2004-02-29 05:10:48.698614,2.67532,2.6706,74
1,2004-02-29 05:11:19.857420,2.67532,2.6706,74
1,2004-02-29 05:11:51.605912,2.66332,2.6705,74
1,2004-02-29 05:12:22.227112,2.67532,2.6705,75
1,2004-02-29 05:12:49.994702,2.67532,2.6707,75
1,2004-02-29 05:13:21.664698,2.66332,2.6705,75
1,2004-02-29 05:13:51.480108,2.67532,2.6705,75
1,2004-02-29 05:15:19.805984,2.66332,2.6704,75
1,2004-02-29 05:17:50.243877,2.67532,2.6703,74
1,2004-02-29 05:18:19.230474,2.66332,2.6701,74
1,2004-02-29 05:19:24.675637,2.66332,2.6699,73
1,2004-02-29 05:19:54.002594,2.67532,2.67,74
1,2004-02-29 05:20:54.707012,2.65143,2.6696,74
1,2004-02-29 05:21:53.937163,2.67532,2.6697,75
1,2004-02-29 05:22:23.477915,2.66332,2.6695,74
1,2004-02-29 05:22:50.440089,2.66332,2.6694,75
1,2004-02-29 05:23:57.220105,2.67532,2.6696,75
1,2004-02-29 05:24:20.279945,2.67532,2.6696,75
1,2004-02-29 05:24:51.326797,2.67532,2.6696,76
1,2004-02-29 05:25:48.738903,2.67532,2.6697,77
1,2004-02-29 05:26:50.620944,2.67532,2.6698,76
1,2004-02-29 05:27:19.717596,2.66332,2.6696,75
1,2004-02-29 05:27:49.816613,2.66332,2.6695,76
1,2004-02-29 05:28:49.038740,2.66332,2.6692,75
1,2004-02-29 05:30:25.744971,2.66332,2.6692,74
1,2004-02-29 05:31:18.750440,2.66332,2.6691,75
1,2004-02-29 05:31:53.277112,2.66332,2.6691,75
1,2004-02-29 05:33:22.201677,2.66332,2.6691,73
1,2004-02-29 05:34:21.447753,2.66332,2.669,74
1,2004-02-29 05:34:55.178951,2.67532,2.6689,73
1,2004-02-29 05:36:50.397922,2.66332,2.6688,72
1,2004-02-29 05:38:20.530200,2.67532,2.6689,73
1,2004-02-29 05:39:22.810859,2.65143,2.6687,72
1,2004-02-29 05:39:53.599940,2.66332,2.6685,72
1,2004-02-29 05:40:24.524643,2.67532,2.6686,73
1,2004-02-29 05:40:53.138446,2.66332,2.6684,73
1,2004-02-29 05:42:22.414239,2.66332,2.6682,71
1,2004-02-29 05:42:51.008688,2.67532,2.6682,71
1,2004-02-29 05:43:21.156318,2.67532,2.6683,72
1,2004-02-29 05:43:51.868229,2.67532,2.6683,72
1,2004-02-29 05:45:22.324599,2.66332,2.6683,72
1,2004-02-29 05:45:54.171560,2.66332,2.6682,72
1,2004-02-29 05:46:19.374712,2.66332,2.6681,73
1,2004-02-29 05:46:50.027507,2.66332,2.6679,73
1,2004-02-29 05:47:24.084494,2.67532,2.6681,73
1,2004-02-29 05:47:53.535503,2.66332,2.6681,73
1,2004-02-29 05:48:22.050672,2.66332,2.668,74
1,2004-02-29 05:48:53.587561,2.66332,2.6679,74
1,2004-02-29 05:49:19.394579,2.67532,2.668,75
1,2004-02-29 05:50:20.071871,2.66332,2.6678,75
1,2004-02-29 05:51:19.377768,2.66332,2.6678,75
1,2004-02-29 05:51:52.426388,2.66332,2.6676,75
1,2004-02-29 05:54:19.628760,2.66332,2.6676,73
1,2004-02-29 05:55:21.115180,2.66332,2.6677,72
1,2004-02-29 05:56:52.956365,2.66332,2.6675,72
1,2004-02-29 05:57:18.718920,2.67532,2.6676,73
1,2004-02-29 05:57:50.447832,2.66332,2.6676,73
1,2004-02-29 05:58:21.125326,2.66332,2.6675,74
1,2004-02-29 05:59:51.802725,2.66332,2.6674,73
1,2004-02-29 06:00:23.523799,2.66332,2.6674,74
1,2004-02-29 06:00:52.446930,2.65143,2.6672,75
1,2004-02-29 06:01:19.456901,2.66332,2.667,75
1,2004-02-29 06:02:21.917019,2.65143,2.6667,74
1,2004-02-29 06:02:53.538237,2.66332,2.6668,73
1,2004-02-29 06:03:22.961985,2.66332,2.6667,74
1,2004-02-29 06:03:51.272658,2.66332,2.6667,74
1,2004-02-29 06:04:24.963771,2.66332,2.6666,74
1,2004-02-29 06:04:52.483283,2.66332,2.6665,75
1,2004-02-29 06:06:53.658755,2.67532,2.6666,73
1,2004-02-29 06:07:20.785442,2.67532,2.6666,73
1,2004-02-29 06:08:18.742930,2.66332,2.6666,74
1,2004-02-29 06:10:51.775130,2.65143,2.6664,71
1,2004-02-29 06:11:20.808016,2.66332,2.6662,71
1,2004-02-29 06:11:51.429178,2.66332,2.6662,72
1,2004-02-29 06:12:24.064458,2.66332,2.666,71
1,2004-02-29 06:13:49.883718,2.66332,2.6659,70
1,2004-02-29 06:14:23.449839,2.66332,2.6657,70
1,2004-02-29 06:15:23.086399,2.66332,2.6657,70
1,2004-02-29 06:15:48.807116,2.66332,2.6657,71
1,2004-02-29 06:16:51.687651,2.66332,2.6657,72
1,2004-02-29 06:17:22.684813,2.66332,2.6656,73
1,2004-02-29 06:17:51.891024,2.66332,2.6655,73
1,2004-02-29 06:18:53.809078,2.65143,2.6653,73
1,2004-02-29 06:19:21.234348,2.66332,2.6653,74
1,2004-02-29 06:21:49.429519,2.66332,2.6653,72
1,2004-02-29 06:22:25.241527,2.66332,2.6652,71
1,2004-02-29 06:23:21.291082,2.66332,2.6652,71
1,2004-02-29 06:23:53.103866,2.66332,2.6652,72
1,2004-02-29 06:24:23.755957,2.66332,2.6648,71
1,2004-02-29 06:25:52.209622,2.66332,2.6645,70
1,2004-02-29 06:26:25.706365,2.67532,2.6647,71
1,2004-02-29 06:26:52.393203,2.66332,2.6645,71
1,2004-02-29 06:28:25.447469,2.67532,2.6647,70
1,2004-02-29 06:30:21.838867,2.66332,2.6647,70
1,2004-02-29 06:31:20.570062,2.66332,2.6647,69
1,2004-02-29 06:31:52.595700,2.66332,2.6647,70
1,2004-02-29 06:32:23.281823,2.66332,2.6647,70
1,2004-02-29 06:32:50.711282,2.66332,2.6647,71
1,2004-02-29 06:33:21.772696,2.66332,2.6647,72
1,2004-02-29 06:33:51.345977,2.66332,2.6647,72
1,2004-02-29 06:34:19.330717,2.66332,2.6646,73
1,2004-02-29 06:35:23.514826,2.66332,2.6645,72
1,2004-02-29 06:36:18.959593,2.65143,2.6643,73
1,2004-02-29 06:38:21.179161,2.66332,2.6642,72
1,2004-02-29 06:38:52.263714,2.66332,2.6642,73
1,2004-02-29 06:39:22.061058,2.66332,2.6641,74
1,2004-02-29 06:39:50.005246,2.66332,2.6643,74
1,2004-02-29 06:41:22.583889,2.65143,2.664,72
1,2004-02-29 06:43:54.140356,2.65143,2.6633,69
1,2004-02-29 06:46:19.387627,2.66332,2.6633,67
1,2004-02-29 06:47:50.550315,2.66332,2.6631,66
1,2004-02-29 06:48:22.581829,2.66332,2.6631,65
1,2004-02-29 06:49:49.095681,2.66332,2.663,64
1,2004-02-29 06:51:49.073039,2.66332,2.663,63
1,2004-02-29 06:52:19.379492,2.66332,2.663,63
1,2004-02-29 06:52:48.902145,2.66332,2.663,64
1,2004-02-29 06:53:22.494257,2.66332,2.663,65
1,2004-02-29 06:55:56.087181,2.66332,2.663,64
1,2004-02-29 06:56:54.569069,2.66332,2.663,64
1,2004-02-29 06:57:19.785790,2.65143,2.6626,64
1,2004-02-29 06:59:52.979601,2.67532,2.6628,62
1,2004-02-29 07:00:22.224127,2.66332,2.6628,63
1,2004-02-29 07:01:23.458376,2.66332,2.6629,61
1,2004-02-29 07:01:51.587161,2.66332,2.6629,62
1,2004-02-29 07:02:23.298328,2.66332,2.6631,62
1,2004-02-29 07:02:48.872206,2.66332,2.6631,63
1,2004-02-29 07:03:21.370297,2.65143,2.663,63
1,2004-02-29 07:04:21.536608,2.66332,2.6629,62
1,2004-02-29 07:04:49.339355,2.65143,2.6628,62
1,2004-02-29 07:05:20.270597,2.66332,2.6628,62
1,2004-02-29 07:05:51.907391,2.66332,2.6628,63
1,2004-02-29 07:06:56.029521,2.66332,2.6626,63
1,2004-02-29 07:08:21.523644,2.67532,2.6626,62
1,2004-02-29 07:09:24.934961,2.66332,2.6626,63
1,2004-02-29 07:10:19.445668,2.66332,2.6626,64
1,2004-02-29 07:10:55.040249,2.66332,2.6628,64
1,2004-02-29 07:11:52.062192,2.66332,2.6628,63
1,2004-02-29 07:12:21.883027,2.66332,2.6628,64
1,2004-02-29 07:12:53.559830,2.66332,2.6628,64
1,2004-02-29 07:13:20.211718,2.66332,2.6628,65
1,2004-02-29 07:14:22.782890,2.66332,2.6628,65
1,2004-02-29 07:14:48.916485,2.66332,2.6628,65
1,2004-02-29 07:15:50.690932,2.66332,2.6628,64
1,2004-02-29 07:17:20.690767,2.66332,2.6628,64
1,2004-02-29 07:17:53.572048,2.66332,2.6628,63
1,2004-02-29 07:18:21.270999,2.66332,2.6628,64
1,2004-02-29 07:19:22.215915,2.66332,2.6629,63
1,2004-02-29 07:19:49.320357,2.66332,2.663,64
1,2004-02-29 07:20:21.703398,2.66332,2.663,65
1,2004-02-29 07:21:19.422041,2.66332,2.663,66
1,2004-02-29 07:21:49.683595,2.66332,2.663,66
1,2004-02-29 07:22:20.843670,2.65143,2.6628,67
1,2004-02-29 07:23:55.266147,2.66332,2.6628,65
1,2004-02-29 07:24:23.523404,2.66332,2.6628,66
1,2004-02-29 07:24:51.128832,2.65143,2.6626,66
1,2004-02-29 07:26:22.871795,2.65143,2.6624,66
1,2004-02-29 07:26:52.604924,2.65143,2.662,65
1,2004-02-29 07:27:22.607785,2.66332,2.6621,66
1,2004-02-29 07:27:50.910519,2.65143,2.6619,67
1,2004-02-29 07:30:22.854706,2.66332,2.6617,66
1,2004-02-29 07:31:22.992061,2.66332,2.6617,66
1,2004-02-29 07:31:49.369201,2.66332,2.6617,67
1,2004-02-29 07:32:22.601789,2.66332,2.6617,67
1,2004-02-29 07:33:20.251745,2.66332,2.6617,66
1,2004-02-29 07:33:53.804919,2.66332,2.6617,65
1,2004-02-29 07:34:49.528887,2.66332,2.6617,65
1,2004-02-29 07:35:20.182759,2.66332,2.6617,66
1,2004-02-29 07:36:21.077757,2.66332,2.6619,65
1,2004-02-29 07:36:56.134614,2.65143,2.6617,66
1,2004-02-29 07:37:52.172916,2.65143,2.6615,67
1,2004-02-29 07:38:24.908591,2.66332,2.6615,67
1,2004-02-29 07:38:53.867555,2.66332,2.6615,67
1,2004-02-29 07:40:50.227091,2.65143,2.6613,66
1,2004-02-29 07:41:49.484623,2.66332,2.6615,66
1,2004-02-29 07:42:19.102260,2.66332,2.6615,67
1,2004-02-29 07:42:54.107494,2.66332,2.6616,68
1,2004-02-29 07:45:53.283667,2.65143,2.6616,68
1,2004-02-29 07:46:19.628365,2.66332,2.6616,68
1,2004-02-29 07:47:53.476017,2.67532,2.6618,68
1,2004-02-29 07:48:49.566153,2.66332,2.6618,68
1,2004-02-29 07:51:19.565659,2.66332,2.6618,68
1,2004-02-29 07:52:24.100819,2.66332,2.6617,67
1,2004-02-29 07:52:49.058402,2.66332,2.6617,67
1,2004-02-29 07:53:18.886839,2.66332,2.6618,68
1,2004-02-29 07:54:54.505957,2.66332,2.6618,68
1,2004-02-29 07:55:21.531765,2.66332,2.6618,69
1,2004-02-29 07:55:49.401393,2.66332,2.6618,70
1,2004-02-29 07:56:49.153268,2.66332,2.6618,70
1,2004-02-29 07:57:19.200900,2.65143,2.6616,70
1,2004-02-29 07:57:48.911872,2.67532,2.662,70
1,2004-02-29 07:58:50.397990,2.66332,2.662,71
1,2004-02-29 08:00:19.517144,2.66332,2.6618,71
1,2004-02-29 08:01:49.306116,2.65143,2.6616,70
1,2004-02-29 08:02:26.055003,2.66332,2.6616,69
1,2004-02-29 08:03:49.504743,2.66332,2.6618,68
1,2004-02-29 08:04:19.165634,2.65143,2.6616,69
1,2004-02-29 08:04:48.949576,2.67532,2.6618,69
1,2004-02-29 08:06:56.318180,2.65143,2.6617,66
1,2004-02-29 08:07:19.682303,2.66332,2.6617,67
1,2004-02-29 08:07:55.532639,2.66332,2.6618,68
1,2004-02-29 08:08:20.818796,2.66332,2.6618,69
1,2004-02-29 08:09:50.203315,2.66332,2.6616,68
1,2004-02-29 08:10:51.506472,2.66332,2.6616,68
1,2004-02-29 08:11:19.070723,2.67532,2.6618,68
1,2004-02-29 08:12:18.928061,2.65143,2.6616,68
1,2004-02-29 08:13:21.665603,2.66332,2.6615,66
1,2004-02-29 08:14:20.943624,2.65143,2.6614,67
1,2004-02-29 08:14:51.536863,2.66332,2.6613,66
1,2004-02-29 08:15:48.956507,2.66332,2.6614,67
1,2004-02-29 08:16:49.583808,2.67532,2.6616,67
1,2004-02-29 08:17:20.978409,2.66332,2.6616,67
1,2004-02-29 08:17:52.803182,2.66332,2.6616,68
1,2004-02-29 08:18:25.024166,2.66332,2.6616,67
1,2004-02-29 08:18:50.259296,2.66332,2.6616,68
1,2004-02-29 08:19:22.426123,2.66332,2.6616,68
1,2004-02-29 08:19:51.493895,2.66332,2.6616,68
1,2004-02-29 08:21:52.331166,2.67532,2.6617,66
1,2004-02-29 08:22:22.248494,2.66332,2.6619,66
1,2004-02-29 08:23:21.649267,2.66332,2.6619,67
1,2004-02-29 08:23:52.945372,2.66332,2.6619,68
1,2004-02-29 08:24:49.095746,2.66332,2.6619,67
1,2004-02-29 08:25:23.506971,2.66332,2.6621,67
1,2004-02-29 08:25:57.600798,2.67532,2.6623,68
1,2004-02-29 08:26:22.730487,2.67532,2.6625,69
1,2004-02-29 08:27:54.833638,2.67532,2.6632,66
1,2004-02-29 08:28:21.483214,2.66332,2.6632,67
1,2004-02-29 08:28:53.500001,2.67532,2.6633,68
1,2004-02-29 08:29:50.965813,2.67532,2.6635,69
1,2004-02-29 08:30:21.083075,2.66332,2.6635,70
1,2004-02-29 08:30:52.299707,2.67532,2.6637,70
1,2004-02-29 08:32:22.202828,2.66332,2.6637,69
1,2004-02-29 08:33:57.655356,2.66332,2.6637,67
1,2004-02-29 08:34:21.761264,2.67532,2.6639,68
1,2004-02-29 08:34:49.559136,2.67532,2.664,68
1,2004-02-29 08:35:25.589092,2.67532,2.6642,68
1,2004-02-29 08:35:52.272443,2.67532,2.6644,69
1,2004-02-29 08:36:20.546401,2.67532,2.6645,70
1,2004-02-29 08:37:21.757356,2.67532,2.6649,69
1,2004-02-29 08:38:49.180671,2.67532,2.6653,68
1,2004-02-29 08:39:53.852456,2.68742,2.6656,68
1,2004-02-29 08:40:53.246663,2.67532,2.666,68
1,2004-02-29 08:41:22.473953,2.67532,2.6661,69
1,2004-02-29 08:41:51.102220,2.67532,2.6663,69
1,2004-02-29 08:42:19.733241,2.67532,2.6665,69
1,2004-02-29 08:42:50.988539,2.67532,2.6666,70
1,2004-02-29 08:43:19.944604,2.67532,2.6668,70
1,2004-02-29 08:44:49.981806,2.67532,2.6669,71
1,2004-02-29 08:45:19.433947,2.68742,2.6672,72
1,2004-02-29 08:45:55.270569,2.67532,2.6675,72
1,2004-02-29 08:46:19.739816,2.68742,2.6678,72
1,2004-02-29 08:46:52.242514,2.68742,2.6681,73
1,2004-02-29 08:47:22.677850,2.67532,2.6682,74
1,2004-02-29 08:48:51.598547,2.68742,2.6684,73
1,2004-02-29 08:49:19.430250,2.67532,2.6685,74
1,2004-02-29 08:49:50.364844,2.68742,2.6688,75
1,2004-02-29 08:50:57.284679,2.68742,2.669,76
1,2004-02-29 08:51:50.609601,2.68742,2.6693,76
1,2004-02-29 08:52:52.589950,2.68742,2.6697,75
1,2004-02-29 08:54:22.552254,2.68742,2.6701,75
1,2004-02-29 08:55:19.631216,2.67532,2.6702,75
1,2004-02-29 08:56:19.240441,2.67532,2.6705,74
1,2004-02-29 08:57:23.744093,2.68742,2.6711,73
1,2004-02-29 08:57:51.872243,2.68742,2.6712,73
1,2004-02-29 08:58:25.236456,2.68742,2.6715,74
1,2004-02-29 08:59:19.928406,2.68742,2.6718,74
1,2004-02-29 08:59:51.140369,2.68742,2.672,75
1,2004-02-29 09:00:19.744084,2.68742,2.6723,75
1,2004-02-29 09:01:22.488430,2.68742,2.6725,76
1,2004-02-29 09:02:19.744447,2.68742,2.673,76
1,2004-02-29 09:03:52.467430,2.68742,2.6734,75
1,2004-02-29 09:06:24.127152,2.68742,2.6739,74
1,2004-02-29 09:07:23.549178,2.69964,2.6747,73
1,2004-02-29 09:07:51.815559,2.68742,2.6749,74
1,2004-02-29 09:08:24.598590,2.68742,2.6754,73
1,2004-02-29 09:09:19.222602,2.68742,2.6755,74
1,2004-02-29 09:11:21.668788,2.68742,2.676,72
1,2004-02-29 09:13:21.111231,2.69964,2.6767,72
1,2004-02-29 09:13:53.871897,2.68742,2.677,72
1,2004-02-29 09:14:55.710073,2.68742,2.6777,71
1,2004-02-29 09:15:56.252118,2.68742,2.6781,71
1,2004-02-29 09:16:19.797881,2.68742,2.6782,72
1,2004-02-29 09:18:21.730419,2.69964,2.679,70
1,2004-02-29 09:20:53.922292,2.69964,2.6802,67
1,2004-02-29 09:22:19.721395,2.68742,2.6804,67
1,2004-02-29 09:23:53.851278,2.68742,2.6813,65
1,2004-02-29 09:24:19.910830,2.68742,2.6814,66
1,2004-02-29 09:24:49.213618,2.68742,2.6818,66
1,2004-02-29 09:25:24.549986,2.68742,2.6821,66
1,2004-02-29 09:26:26.359968,2.69964,2.6826,65
1,2004-02-29 09:26:49.164928,2.68742,2.6827,66
1,2004-02-29 09:28:23.145546,2.68742,2.6832,65
1,2004-02-29 09:29:50.524957,2.69964,2.6835,65
1,2004-02-29 09:30:20.676011,2.69964,2.6839,65
1,2004-02-29 09:30:50.375494,2.68742,2.6843,65
1,2004-02-29 09:31:23.034419,2.69964,2.6846,65
1,2004-02-29 09:31:49.155371,2.68742,2.6847,66
1,2004-02-29 09:32:19.199825,2.68742,2.6847,67
1,2004-02-29 09:32:53.692000,2.68742,2.6851,67
1,2004-02-29 09:33:55.119030,2.68742,2.6851,68
1,2004-02-29 09:34:25.810034,2.68742,2.6856,67
1,2004-02-29 09:35:26.637646,2.68742,2.686,66
1,2004-02-29 09:36:59.565275,2.69964,2.6865,65
1,2004-02-29 09:37:51.051224,2.68742,2.6867,65
1,2004-02-29 09:38:21.006432,2.69964,2.6869,66
1,2004-02-29 09:39:57.394382,2.69964,2.6873,65
1,2004-02-29 09:40:54.103022,2.68742,2.6874,65
1,2004-02-29 09:41:20.528452,2.69964,2.6876,66
1,2004-02-29 09:41:50.432809,2.68742,2.6878,66
1,2004-02-29 09:42:22.578285,2.68742,2.6882,65
1,2004-02-29 09:42:50.257651,2.67532,2.688,66
1,2004-02-29 09:43:50.949364,2.68742,2.6884,65
1,2004-02-29 09:44:50.441384,2.68742,2.6886,65
1,2004-02-29 09:45:21.774264,2.68742,2.6886,65
1,2004-02-29 09:47:23.982222,2.68742,2.689,62
1,2004-02-29 09:47:53.512016,2.68742,2.689,63
1,2004-02-29 09:48:53.992961,2.68742,2.689,63
1,2004-02-29 09:49:53.300252,2.68742,2.6892,62
1,2004-02-29 09:50:19.749088,2.68742,2.6892,63
1,2004-02-29 09:50:55.483856,2.68742,2.6891,64
1,2004-02-29 09:51:25.009532,2.68742,2.6891,64
1,2004-02-29 09:51:55.106152,2.68742,2.6891,64
1,2004-02-29 09:52:23.418867,2.68742,2.6891,65
1,2004-02-29 09:52:49.857778,2.68742,2.6891,66
1,2004-02-29 09:54:52.195404,2.68742,2.6891,65
1,2004-02-29 09:55:52.616790,2.68742,2.6893,65
1,2004-02-29 09:56:19.621168,2.67532,2.6893,65
1,2004-02-29 09:57:19.646774,2.68742,2.6893,66
1,2004-02-29 09:58:22.501973,2.68742,2.6893,65
1,2004-02-29 09:58:52.668714,2.68742,2.6893,65
1,2004-02-29 09:59:26.721341,2.68742,2.6893,65
1,2004-02-29 09:59:55.358271,2.67532,2.6891,65
1,2004-02-29 10:00:51.073114,2.67532,2.6889,65
1,2004-02-29 10:01:53.915192,2.68742,2.6889,65
1,2004-02-29 10:02:52.568408,2.68742,2.6889,65
1,2004-02-29 10:03:50.420461,2.68742,2.6889,66
1,2004-02-29 10:04:25.480099,2.68742,2.6889,66
1,2004-02-29 10:04:53.996958,2.67532,2.6887,67
1,2004-02-29 10:05:24.013612,2.68742,2.6887,68
1,2004-02-29 10:06:49.922019,2.68742,2.6887,68
1,2004-02-29 10:07:25.207691,2.68742,2.6885,68
1,2004-02-29 10:07:49.145311,2.68742,2.6885,69
1,2004-02-29 10:08:23.532301,2.68742,2.6885,69
1,2004-02-29 10:09:19.668200,2.68742,2.6885,68
1,2004-02-29 10:11:19.144621,2.68742,2.6885,69
1,2004-02-29 10:11:55.211407,2.68742,2.6885,69
1,2004-02-29 10:12:23.392572,2.68742,2.6885,70
1,2004-02-29 10:13:25.714250,2.68742,2.6883,70
1,2004-02-29 10:13:52.322883,2.68742,2.6883,71
1,2004-02-29 10:14:51.897779,2.68742,2.6883,71
1,2004-02-29 10:15:49.722439,2.69964,2.6885,71
1,2004-02-29 10:17:51.384934,2.68742,2.6885,70
1,2004-02-29 10:18:53.391205,2.68742,2.6883,70
1,2004-02-29 10:19:25.442374,2.68742,2.6883,71
1,2004-02-29 10:20:21.204205,2.69964,2.6884,72
1,2004-02-29 10:20:51.208647,2.68742,2.6884,73
1,2004-02-29 10:22:19.208181,2.69964,2.6884,73
1,2004-02-29 10:23:27.630574,2.69964,2.6886,73
1,2004-02-29 10:24:25.742673,2.68742,2.6886,72
1,2004-02-29 10:29:19.448554,2.68742,2.6885,68
1,2004-02-29 10:30:21.970080,2.69964,2.6883,67
1,2004-02-29 10:31:21.308715,2.68742,2.6883,67
1,2004-02-29 10:33:19.260846,2.68742,2.6882,64
1,2004-02-29 10:34:53.376620,2.68742,2.6882,63
1,2004-02-29 10:35:49.196774,2.69964,2.6884,63
1,2004-02-29 10:36:25.779080,2.69964,2.6886,64
1,2004-02-29 10:37:19.873169,2.68742,2.6884,64
1,2004-02-29 10:38:19.861065,2.68742,2.6884,64
1,2004-02-29 10:38:49.252043,2.68742,2.6882,64
1,2004-02-29 10:39:19.943232,2.68742,2.6882,65
1,2004-02-29 10:39:54.762191,2.69964,2.6884,66
1,2004-02-29 10:40:19.822950,2.69964,2.6884,66
1,2004-02-29 10:40:54.676356,2.69964,2.6885,66
1,2004-02-29 10:41:25.769441,2.68742,2.6884,66
1,2004-02-29 10:41:50.348583,2.68742,2.6883,67
1,2004-02-29 10:42:51.504461,2.69964,2.6887,65
1,2004-02-29 10:44:51.274461,2.69964,2.689,64
1,2004-02-29 10:45:49.820830,2.68742,2.689,64
1,2004-02-29 10:46:22.857584,2.69964,2.6891,65
1,2004-02-29 10:46:54.078709,2.69964,2.6893,66
1,2004-02-29 10:47:51.993450,2.68742,2.6893,66
1,2004-02-29 10:48:49.752256,2.69964,2.6895,66
1,2004-02-29 10:49:23.023740,2.68742,2.6895,66
1,2004-02-29 10:49:51.338942,2.68742,2.6894,67
1,2004-02-29 10:50:19.907594,2.69964,2.6896,66
1,2004-02-29 10:50:54.208877,2.68742,2.6896,67
1,2004-02-29 10:51:50.988807,2.69964,2.6898,66
1,2004-02-29 10:53:51.522864,2.69964,2.6901,64
1,2004-02-29 10:54:20.418278,2.68742,2.6901,65
1,2004-02-29 10:54:49.275798,2.69964,2.6902,66
1,2004-02-29 10:55:50.608899,2.69964,2.6904,66
1,2004-02-29 10:56:23.729253,2.68742,2.6906,65
1,2004-02-29 10:56:54.834162,2.69964,2.6908,66
1,2004-02-29 10:57:49.295295,2.69964,2.6909,66
1,2004-02-29 10:58:26.380437,2.69964,2.6911,66
1,2004-02-29 10:58:50.676390,2.68742,2.6911,67
1,2004-02-29 10:59:20.083673,2.69964,2.6913,67
1,2004-02-29 10:59:51.959575,2.68742,2.6913,67
1,2004-02-29 11:02:49.773094,2.69964,2.6919,65
1,2004-02-29 11:06:50.998961,2.69964,2.6927,60
1,2004-02-29 11:07:19.502431,2.69964,2.6928,61
1,2004-02-29 11:07:49.529033,2.69964,2.6931,60
1,2004-02-29 11:10:49.907718,2.68742,2.6932,59
1,2004-02-29 11:14:24.927000,2.69964,2.6939,55
1,2004-02-29 11:14:54.800594,2.69964,2.6941,55
1,2004-02-29 11:15:49.292962,2.69964,2.6942,56
1,2004-02-29 11:16:55.864532,2.69964,2.6942,56
1,2004-02-29 11:18:50.004131,2.69964,2.6944,56
1,2004-02-29 11:19:21.414224,2.69964,2.6946,56
1,2004-02-29 11:20:49.835946,2.69964,2.6948,55
1,2004-02-29 11:21:19.389173,2.69964,2.695,55
1,2004-02-29 11:22:50.076056,2.69964,2.695,55
1,2004-02-29 11:23:56.938959,2.69964,2.695,55
1,2004-02-29 11:24:22.619010,2.69964,2.6951,56
1,2004-02-29 11:24:54.219363,2.69964,2.6953,56
1,2004-02-29 11:25:23.140398,2.69964,2.6954,57
1,2004-02-29 11:26:25.259681,2.69964,2.6954,58
1,2004-02-29 11:26:54.940706,2.68742,2.6953,59
1,2004-02-29 11:28:26.598136,2.69964,2.6954,60
1,2004-02-29 11:29:28.464160,2.69964,2.6956,60
1,2004-02-29 11:29:57.156948,2.68742,2.6954,61
1,2004-02-29 11:32:19.378951,2.69964,2.6956,60
1,2004-02-29 11:32:51.436332,2.69964,2.6956,61
1,2004-02-29 11:33:21.628596,2.69964,2.6958,61
1,2004-02-29 11:33:51.224922,2.69964,2.6959,62
1,2004-02-29 11:34:21.350428,2.69964,2.696,63
1,2004-02-29 11:34:50.181956,2.69964,2.696,64
1,2004-02-29 11:35:22.591035,2.68742,2.696,64
1,2004-02-29 11:35:56.039174,2.69964,2.696,64
1,2004-02-29 11:36:21.504437,2.69964,2.6961,65
1,2004-02-29 11:36:50.091060,2.68742,2.6959,65
1,2004-02-29 11:38:26.678601,2.69964,2.6962,64
1,2004-02-29 11:38:49.897078,2.69964,2.6964,64
1,2004-02-29 11:39:22.858207,2.69964,2.6966,64
1,2004-02-29 11:39:49.367902,2.69964,2.6966,65
1,2004-02-29 11:40:22.098274,2.69964,2.6966,64
1,2004-02-29 11:40:49.861461,2.69964,2.6966,65
1,2004-02-29 11:41:23.610518,2.69964,2.6966,65
1,2004-02-29 11:42:23.688776,2.69964,2.697,64
1,2004-02-29 11:42:52.273417,2.69964,2.697,64
1,2004-02-29 11:43:23.450504,2.69964,2.697,65
1,2004-02-29 11:43:49.235755,2.69964,2.697,66
1,2004-02-29 11:44:53.789447,2.69964,2.697,66
1,2004-02-29 11:46:55.140571,2.69964,2.6972,64
1,2004-02-29 11:47:21.371192,2.68742,2.697,65
1,2004-02-29 11:47:49.930153,2.69964,2.697,66
1,2004-02-29 11:48:25.204848,2.68742,2.697,66
1,2004-02-29 11:49:20.595358,2.69964,2.697,66
1,2004-02-29 11:50:25.891027,2.68742,2.6972,64
1,2004-02-29 11:50:54.979909,2.69964,2.6973,64
1,2004-02-29 11:51:23.120919,2.69964,2.6974,65
1,2004-02-29 11:52:20.137875,2.68742,2.6972,65
1,2004-02-29 11:53:21.524990,2.69964,2.6972,66
1,2004-02-29 11:53:49.931161,2.69964,2.6973,67
1,2004-02-29 11:54:20.847197,2.68742,2.6972,66
1,2004-02-29 11:56:25.345510,2.69964,2.6973,64
1,2004-02-29 11:56:49.273131,2.69964,2.6974,65
1,2004-02-29 11:57:26.063384,2.68742,2.6972,65
1,2004-02-29 11:58:53.769936,2.69964,2.6973,63
1,2004-02-29 11:59:55.205165,2.69964,2.6975,62
1,2004-02-29 12:00:23.513480,2.68742,2.6973,63
1,2004-02-29 12:01:19.312180,2.68742,2.6972,64
1,2004-02-29 12:01:55.092516,2.69964,2.6972,65
1,2004-02-29 12:03:23.745501,2.69964,2.6972,65
1,2004-02-29 12:03:49.306340,2.69964,2.6972,66
1,2004-02-29 12:04:20.047524,2.69964,2.6973,67
1,2004-02-29 12:04:54.644635,2.69964,2.6973,68
1,2004-02-29 12:05:23.653986,2.69964,2.6973,69
1,2004-02-29 12:05:52.299307,2.69964,2.6974,70
1,2004-02-29 12:06:20.538895,2.69964,2.6974,71
1,2004-02-29 12:06:50.450934,2.69964,2.6974,72
1,2004-02-29 12:07:25.986483,2.69964,2.6974,71
1,2004-02-29 12:08:19.298381,2.69964,2.6974,71
1,2004-02-29 12:08:52.213806,2.69964,2.6974,72
1,2004-02-29 12:09:22.287756,2.69964,2.6975,73
1,2004-02-29 12:09:52.338781,2.69964,2.6975,74
1,2004-02-29 12:10:53.035141,2.69964,2.6977,74
1,2004-02-29 12:11:50.177768,2.69964,2.6977,75
1,2004-02-29 12:12:23.246908,2.69964,2.6977,76
1,2004-02-29 12:13:20.092772,2.69964,2.6977,77
1,2004-02-29 12:13:56.135091,2.69964,2.6978,78
1,2004-02-29 12:14:27.491980,2.69964,2.6978,78
1,2004-02-29 12:15:54.965649,2.69964,2.6977,77
1,2004-02-29 12:16:20.022026,2.69964,2.6978,78
1,2004-02-29 12:16:52.893939,2.69964,2.6978,79
1,2004-02-29 12:18:50.797234,2.69964,2.6978,78
1,2004-02-29 12:19:20.828212,2.68742,2.6976,79
1,2004-02-29 12:19:55.732969,2.69964,2.6976,79
1,2004-02-29 12:20:24.740392,2.69964,2.6977,80
1,2004-02-29 12:21:23.022385,2.69964,2.6976,79
1,2004-02-29 12:22:00.035550,2.69964,2.6977,80
1,2004-02-29 12:22:19.210115,2.69964,2.6977,81
1,2004-02-29 12:22:50.195362,2.68742,2.6975,81
1,2004-02-29 12:23:53.780177,2.69964,2.6976,82
1,2004-02-29 12:24:19.351907,2.69964,2.6976,82
1,2004-02-29 12:24:50.063818,2.69964,2.6976,82
1,2004-02-29 12:26:19.348829,2.69964,2.6975,81
1,2004-02-29 12:27:56.165867,2.68742,2.6975,80
1,2004-02-29 12:29:49.376498,2.69964,2.6975,79
1,2004-02-29 12:30:24.636794,2.69964,2.6976,79
1,2004-02-29 12:31:49.367717,2.69964,2.6977,80
1,2004-02-29 12:32:58.589008,2.68742,2.6975,79
1,2004-02-29 12:34:25.503512,2.69964,2.6974,77
1,2004-02-29 12:34:53.262898,2.68742,2.6973,77
1,2004-02-29 12:35:23.963000,2.68742,2.6973,77
1,2004-02-29 12:35:50.957876,2.69964,2.6973,78
1,2004-02-29 12:37:00.389053,2.69964,2.6974,76
1,2004-02-29 12:37:20.085710,2.69964,2.6974,77
1,2004-02-29 12:37:51.410613,2.69964,2.6974,78
1,2004-02-29 12:38:25.537331,2.69964,2.6975,79
1,2004-02-29 12:38:50.108651,2.69964,2.6974,78
1,2004-02-29 12:39:24.629459,2.68742,2.6973,78
1,2004-02-29 12:39:49.297364,2.69964,2.6973,79
1,2004-02-29 12:40:19.840697,2.69964,2.6973,79
1,2004-02-29 12:40:50.170825,2.69964,2.6973,78
1,2004-02-29 12:41:57.154612,2.68742,2.6971,78
1,2004-02-29 12:42:20.144531,2.68742,2.697,79
1,2004-02-29 12:42:51.736475,2.69964,2.697,79
1,2004-02-29 12:44:22.502664,2.69964,2.6969,77
1,2004-02-29 12:44:50.980499,2.68742,2.6968,78
1,2004-02-29 12:45:23.019806,2.68742,2.6967,78
1,2004-02-29 12:45:54.535827,2.69964,2.6967,79
1,2004-02-29 12:46:25.402788,2.69964,2.6967,80
1,2004-02-29 12:46:53.924708,2.69964,2.6968,81
1,2004-02-29 12:47:25.411076,2.69964,2.6969,80
1,2004-02-29 12:47:57.179496,2.69964,2.6969,80
1,2004-02-29 12:48:51.488731,2.69964,2.697,80
1,2004-02-29 12:49:23.114020,2.69964,2.697,80
1,2004-02-29 12:50:20.008669,2.69964,2.6971,81
1,2004-02-29 12:50:50.152792,2.68742,2.6971,81
1,2004-02-29 12:52:21.805909,2.69964,2.6972,79
1,2004-02-29 12:54:20.153249,2.69964,2.6971,78
1,2004-02-29 12:56:53.887207,2.69964,2.6972,76
1,2004-02-29 12:58:49.446851,2.69964,2.6974,76
1,2004-02-29 12:59:23.307414,2.69964,2.6974,76
1,2004-02-29 12:59:55.234549,2.69964,2.6974,76
1,2004-02-29 13:00:52.396241,2.68742,2.6974,76
1,2004-02-29 13:01:20.174455,2.68742,2.6974,76
1,2004-02-29 13:01:55.464417,2.69964,2.6974,76
1,2004-02-29 13:02:49.628803,2.69964,2.6974,77
1,2004-02-29 13:03:56.259643,2.68742,2.6972,76
1,2004-02-29 13:04:53.127395,2.69964,2.6972,76
1,2004-02-29 13:05:25.647224,2.69964,2.6972,75
1,2004-02-29 13:05:50.120270,2.69964,2.6972,76
1,2004-02-29 13:06:24.159120,2.68742,2.697,75
1,2004-02-29 13:06:49.334266,2.69964,2.6971,76
1,2004-02-29 13:07:21.014214,2.69964,2.6971,76
1,2004-02-29 13:07:52.507728,2.69964,2.6971,76
1,2004-02-29 13:08:51.515838,2.68742,2.6969,76
1,2004-02-29 13:09:22.630864,2.69964,2.6969,75
1,2004-02-29 13:09:54.646565,2.69964,2.6969,75
1,2004-02-29 13:10:19.661899,2.69964,2.6969,76
1,2004-02-29 13:11:21.796919,2.69964,2.6969,76
1,2004-02-29 13:11:49.473013,2.69964,2.6969,77
1,2004-02-29 13:12:26.363055,2.68742,2.6967,76
1,2004-02-29 13:12:50.857962,2.69964,2.6968,77
1,2004-02-29 13:13:49.519478,2.69964,2.6968,77
1,2004-02-29 13:14:19.475444,2.69964,2.6968,77
1,2004-02-29 13:14:53.146336,2.69964,2.6968,77
1,2004-02-29 13:15:20.906919,2.68742,2.6967,78
1,2004-02-29 13:15:55.526390,2.69964,2.6967,78
1,2004-02-29 13:16:22.438594,2.69964,2.6967,78
1,2004-02-29 13:17:31.471711,2.69964,2.6967,78
1,2004-02-29 13:18:50.370186,2.69964,2.6967,79
1,2004-02-29 13:19:20.069221,2.69964,2.6967,79
1,2004-02-29 13:20:28.503579,2.69964,2.6968,77
1,2004-02-29 13:20:50.954434,2.69964,2.6968,78
1,2004-02-29 13:22:00.199465,2.69964,2.6968,77
1,2004-02-29 13:22:29.007702,2.69964,2.6968,77
1,2004-02-29 13:22:49.551444,2.69964,2.6968,78
1,2004-02-29 13:23:55.006294,2.69964,2.6969,77
1,2004-02-29 13:25:26.681067,2.68742,2.6967,76
1,2004-02-29 13:26:20.237987,2.69964,2.6967,76
1,2004-02-29 13:26:54.086732,2.68742,2.6966,77
1,2004-02-29 13:27:21.347661,2.68742,2.6965,78
1,2004-02-29 13:27:56.512375,2.69964,2.6967,78
1,2004-02-29 13:28:25.109849,2.69964,2.6967,79
1,2004-02-29 13:28:52.530747,2.69964,2.6967,80
1,2004-02-29 13:29:53.756404,2.69964,2.6967,80
1,2004-02-29 13:32:20.202302,2.69964,2.6967,79
1,2004-02-29 13:33:53.195008,2.69964,2.6969,79
1,2004-02-29 13:34:49.412921,2.69964,2.6969,79
1,2004-02-29 13:35:25.594217,2.69964,2.6971,78
1,2004-02-29 13:35:53.254991,2.69964,2.6971,78
1,2004-02-29 13:36:57.871820,2.68742,2.697,79
1,2004-02-29 13:37:19.413655,2.69964,2.697,79
1,2004-02-29 13:37:50.872624,2.69964,2.697,79
1,2004-02-29 13:38:20.125792,2.69964,2.697,79
1,2004-02-29 13:38:52.491337,2.68742,2.6968,78
1,2004-02-29 13:39:21.812297,2.69964,2.6969,79
1,2004-02-29 13:40:53.306390,2.69964,2.6969,76
1,2004-02-29 13:41:49.424011,2.69964,2.6969,77
1,2004-02-29 13:42:23.108882,2.69964,2.6972,76
1,2004-02-29 13:43:21.950501,2.69964,2.6972,76
1,2004-02-29 13:44:53.328094,2.69964,2.6974,75
1,2004-02-29 13:45:19.435441,2.69964,2.6974,76
1,2004-02-29 13:45:54.750058,2.69964,2.6975,75
1,2004-02-29 13:46:23.252418,2.69964,2.6975,76
1,2004-02-29 13:47:24.364953,2.69964,2.6975,75
1,2004-02-29 13:48:55.679260,2.69964,2.6975,73
1,2004-02-29 13:49:51.038610,2.69964,2.6975,73
1,2004-02-29 13:50:20.201326,2.69964,2.6975,73
1,2004-02-29 13:51:53.597988,2.69964,2.6976,73
1,2004-02-29 13:52:22.140890,2.69964,2.6976,73
1,2004-02-29 13:52:52.550183,2.69964,2.6977,74
1,2004-02-29 13:53:25.576723,2.69964,2.6977,75
1,2004-02-29 13:54:19.460656,2.68742,2.6975,76
1,2004-02-29 13:54:50.944205,2.69964,2.6975,76
1,2004-02-29 13:55:25.385240,2.69964,2.6976,77
1,2004-02-29 13:56:24.204814,2.69964,2.6976,78
1,2004-02-29 13:56:50.180640,2.69964,2.6976,79
1,2004-02-29 13:57:24.729293,2.69964,2.6976,79
1,2004-02-29 13:57:54.034696,2.69964,2.6977,80
1,2004-02-29 13:59:50.117192,2.69964,2.6976,79
1,2004-02-29 14:00:20.517007,2.69964,2.6976,79
1,2004-02-29 14:00:59.680140,2.69964,2.6978,79
1,2004-02-29 14:01:20.094764,2.69964,2.6978,80
1,2004-02-29 14:01:51.080357,2.69964,2.698,80
1,2004-02-29 14:02:50.665447,2.69964,2.6979,79
1,2004-02-29 14:03:49.564664,2.69964,2.698,80
1,2004-02-29 14:04:21.193617,2.69964,2.6981,80
1,2004-02-29 14:04:49.513714,2.69964,2.6981,81
1,2004-02-29 14:05:53.306979,2.69964,2.6981,79
1,2004-02-29 14:06:21.017737,2.69964,2.6981,80
1,2004-02-29 14:06:54.438723,2.69964,2.6982,79
1,2004-02-29 14:07:27.389945,2.69964,2.6982,79
1,2004-02-29 14:08:27.414720,2.69964,2.6982,79
1,2004-02-29 14:08:50.183047,2.69964,2.6983,80
1,2004-02-29 14:09:26.674035,2.69964,2.6984,79
1,2004-02-29 14:11:22.930735,2.69964,2.6984,77
1,2004-02-29 14:11:53.492136,2.69964,2.6984,77
1,2004-02-29 14:12:21.940005,2.68742,2.6982,78
1,2004-02-29 14:13:57.909352,2.69964,2.6984,76
1,2004-02-29 14:14:52.587804,2.69964,2.6984,76
1,2004-02-29 14:16:25.860337,2.69964,2.6985,73
1,2004-02-29 14:16:49.639464,2.69964,2.6985,74
1,2004-02-29 14:17:52.554633,2.68742,2.6983,74
1,2004-02-29 14:19:52.669295,2.69964,2.6983,73
1,2004-02-29 14:21:23.662825,2.68742,2.6981,72
1,2004-02-29 14:22:26.246588,2.68742,2.6979,72
1,2004-02-29 14:22:57.186372,2.69964,2.6979,71
1,2004-02-29 14:23:53.347015,2.69964,2.6979,72
1,2004-02-29 14:24:49.545556,2.69964,2.6979,72
1,2004-02-29 14:25:24.246653,2.69964,2.698,73
1,2004-02-29 14:28:27.415754,2.68742,2.6982,68
1,2004-02-29 14:28:53.423555,2.68742,2.698,68
1,2004-02-29 14:30:51.127998,2.69964,2.698,68
1,2004-02-29 14:31:50.353245,2.69964,2.698,69
1,2004-02-29 14:32:27.221184,2.68742,2.6979,69
1,2004-02-29 14:34:49.612753,2.71196,2.698,68
1,2004-02-29 14:35:49.849822,2.69964,2.698,68
1,2004-02-29 14:36:57.305319,2.69964,2.698,68
1,2004-02-29 14:37:19.711158,2.69964,2.6982,67
1,2004-02-29 14:38:49.877564,2.69964,2.6982,66
1,2004-02-29 14:39:22.961345,2.69964,2.6983,65
1,2004-02-29 14:40:59.800693,2.69964,2.6983,65
1,2004-02-29 14:41:20.104247,2.69964,2.6983,66
1,2004-02-29 14:42:26.083509,2.69964,2.6983,65
1,2004-02-29 14:42:52.052503,2.69964,2.6983,66
1,2004-02-29 14:43:50.359835,2.69964,2.6983,66
1,2004-02-29 14:44:51.071657,2.69964,2.6984,67
1,2004-02-29 14:46:21.187198,2.68742,2.6981,65
1,2004-02-29 14:47:19.690455,2.69964,2.6981,65
1,2004-02-29 14:47:55.447129,2.69964,2.6981,65
1,2004-02-29 14:48:50.441295,2.69964,2.6982,66
1,2004-02-29 14:49:49.647246,2.69964,2.6982,66
1,2004-02-29 14:51:19.801725,2.69964,2.6981,65
1,2004-02-29 14:52:25.609302,2.68742,2.6979,64
1,2004-02-29 14:53:19.769588,2.69964,2.6979,64
1,2004-02-29 14:54:51.873329,2.69964,2.6981,62
1,2004-02-29 14:55:24.253246,2.68742,2.6979,63
1,2004-02-29 14:55:49.778549,2.68742,2.6977,63
1,2004-02-29 14:56:20.314316,2.69964,2.6977,64
1,2004-02-29 14:56:53.857313,2.69964,2.6977,63
1,2004-02-29 14:57:19.496899,2.69964,2.6977,64
1,2004-02-29 14:57:49.740011,2.68742,2.6975,64
1,2004-02-29 14:58:24.234370,2.69964,2.6975,64
1,2004-02-29 14:58:51.465303,2.68742,2.6974,65
1,2004-02-29 14:59:19.675117,2.69964,2.6974,66
1,2004-02-29 14:59:53.567382,2.69964,2.6974,66
1,2004-02-29 15:00:19.725592,2.69964,2.6975,67
1,2004-02-29 15:01:19.716883,2.69964,2.6974,66
1,2004-02-29 15:03:54.485606,2.68742,2.6971,63
1,2004-02-29 15:04:52.632091,2.68742,2.6969,62
1,2004-02-29 15:05:20.293296,2.68742,2.6967,63
1,2004-02-29 15:05:50.449164,2.69964,2.6968,64
1,2004-02-29 15:06:23.815084,2.69964,2.6967,63
1,2004-02-29 15:06:50.630364,2.68742,2.6966,64
1,2004-02-29 15:07:21.478465,2.68742,2.6964,64
1,2004-02-29 15:07:49.743698,2.69964,2.6964,64
1,2004-02-29 15:08:24.499354,2.69964,2.6964,65
1,2004-02-29 15:09:57.336453,2.68742,2.6962,63
1,2004-02-29 15:10:24.551014,2.69964,2.6962,64
1,2004-02-29 15:10:50.157589,2.68742,2.6961,65
1,2004-02-29 15:11:19.737786,2.68742,2.6959,66
1,2004-02-29 15:11:49.806429,2.68742,2.6958,66
1,2004-02-29 15:12:23.543052,2.68742,2.6957,65
1,2004-02-29 15:13:25.530387,2.68742,2.6956,66
1,2004-02-29 15:15:49.991096,2.68742,2.6953,65
1,2004-02-29 15:17:52.850654,2.68742,2.6952,63
1,2004-02-29 15:18:19.552277,2.68742,2.6951,64
1,2004-02-29 15:18:53.397999,2.69964,2.6951,65
1,2004-02-29 15:19:19.934100,2.68742,2.695,66
1,2004-02-29 15:20:19.558524,2.68742,2.6948,66
1,2004-02-29 15:20:49.574279,2.68742,2.6947,67
1,2004-02-29 15:21:19.594292,2.68742,2.6946,68
1,2004-02-29 15:22:20.202655,2.68742,2.6946,68
1,2004-02-29 15:23:50.861163,2.69964,2.6947,67
1,2004-02-29 15:24:24.527880,2.68742,2.6945,67
1,2004-02-29 15:24:49.588945,2.68742,2.6944,67
1,2004-02-29 15:26:26.973968,2.69964,2.6944,67
1,2004-02-29 15:26:56.190733,2.68742,2.6943,68
1,2004-02-29 15:27:49.573511,2.68742,2.6942,69
1,2004-02-29 15:29:23.654490,2.68742,2.6943,68
1,2004-02-29 15:29:50.797302,2.68742,2.6942,69
1,2004-02-29 15:30:58.841156,2.69964,2.6942,69
1,2004-02-29 15:31:50.375859,2.68742,2.694,69
1,2004-02-29 15:34:19.608018,2.69964,2.6942,69
1,2004-02-29 15:36:22.792237,2.68742,2.6937,68
1,2004-02-29 15:37:24.038507,2.68742,2.6934,67
1,2004-02-29 15:37:52.195298,2.68742,2.6934,68
1,2004-02-29 15:38:22.810745,2.68742,2.6933,69
1,2004-02-29 15:38:52.359227,2.68742,2.6931,69
1,2004-02-29 15:39:23.628435,2.68742,2.6929,69
1,2004-02-29 15:40:56.683401,2.69964,2.693,70
1,2004-02-29 15:41:21.325529,2.68742,2.6927,69
1,2004-02-29 15:42:19.805918,2.68742,2.6927,70
1,2004-02-29 15:42:49.625410,2.68742,2.6925,70
1,2004-02-29 15:43:53.531900,2.68742,2.6922,69
1,2004-02-29 15:44:22.028672,2.68742,2.6921,70
1,2004-02-29 15:45:24.325038,2.68742,2.692,70
1,2004-02-29 15:45:50.735958,2.68742,2.6919,71
1,2004-02-29 15:46:21.356186,2.68742,2.6919,71
1,2004-02-29 15:46:51.928038,2.68742,2.6918,72
1,2004-02-29 15:47:22.534784,2.68742,2.6917,72
1,2004-02-29 15:48:01.215391,2.68742,2.6915,72
1,2004-02-29 15:48:23.757141,2.68742,2.6914,73
1,2004-02-29 15:48:52.020874,2.68742,2.6913,73
1,2004-02-29 15:49:53.239931,2.68742,2.6911,73
1,2004-02-29 15:50:54.682048,2.68742,2.6911,74
1,2004-02-29 15:51:20.429170,2.68742,2.6909,74
1,2004-02-29 15:51:49.673862,2.68742,2.6908,75
1,2004-02-29 15:53:22.097171,2.68742,2.6907,74
1,2004-02-29 15:53:49.726608,2.68742,2.6907,75
1,2004-02-29 15:54:23.072496,2.67532,2.6905,76
1,2004-02-29 15:54:55.424916,2.68742,2.6903,76
1,2004-02-29 15:55:22.971201,2.68742,2.6903,77
1,2004-02-29 15:57:21.221760,2.68742,2.6899,73
1,2004-02-29 15:57:50.396266,2.68742,2.6899,73
1,2004-02-29 15:58:23.977418,2.68742,2.6899,74
1,2004-02-29 15:59:29.983125,2.68742,2.6896,72
1,2004-02-29 15:59:49.855990,2.68742,2.6896,73
1,2004-02-29 16:00:26.723614,2.68742,2.6893,72
1,2004-02-29 16:00:52.015218,2.68742,2.6893,73
1,2004-02-29 16:01:50.413935,2.68742,2.6891,73
1,2004-02-29 16:02:26.410235,2.68742,2.6891,74
1,2004-02-29 16:02:53.111136,2.68742,2.6891,75
1,2004-02-29 16:03:52.868660,2.68742,2.689,76
1,2004-02-29 16:04:19.687887,2.68742,2.689,76
1,2004-02-29 16:04:57.258214,2.67532,2.6889,76
1,2004-02-29 16:05:19.710960,2.68742,2.6889,77
1,2004-02-29 16:05:49.694508,2.68742,2.6889,77
1,2004-02-29 16:06:56.635032,2.68742,2.6886,75
1,2004-02-29 16:07:19.946327,2.68742,2.6885,76
1,2004-02-29 16:07:49.687973,2.67532,2.6884,76
1,2004-02-29 16:08:52.373292,2.68742,2.6881,75
1,2004-02-29 16:09:26.530035,2.68742,2.6881,76
1,2004-02-29 16:10:22.102056,2.68742,2.6881,76
1,2004-02-29 16:10:56.153097,2.68742,2.6879,75
1,2004-02-29 16:11:19.793889,2.69964,2.6881,75
1,2004-02-29 16:11:53.951068,2.68742,2.6881,75
1,2004-02-29 16:13:27.223203,2.68742,2.6881,74
1,2004-02-29 16:13:57.986620,2.68742,2.6881,75
1,2004-02-29 16:14:24.712664,2.68742,2.6881,76
1,2004-02-29 16:14:52.983147,2.68742,2.6881,77
1,2004-02-29 16:15:19.609958,2.68742,2.6881,78
1,2004-02-29 16:15:57.353391,2.68742,2.6881,78
1,2004-02-29 16:16:50.525259,2.68742,2.688,79
1,2004-02-29 16:18:21.362789,2.68742,2.6881,78
1,2004-02-29 16:18:55.539483,2.67532,2.6877,78
1,2004-02-29 16:19:22.934902,2.68742,2.6877,78
1,2004-02-29 16:19:54.685806,2.68742,2.6877,79
1,2004-02-29 16:20:23.202475,2.68742,2.6877,79
1,2004-02-29 16:20:52.987753,2.68742,2.6877,79
1,2004-02-29 16:22:25.037129,2.68742,2.6877,78
1,2004-02-29 16:24:55.381943,2.68742,2.6876,76
1,2004-02-29 16:26:23.039536,2.68742,2.6876,77
1,2004-02-29 16:27:25.542246,2.68742,2.6874,76
1,2004-02-29 16:28:51.030000,2.68742,2.6874,76
1,2004-02-29 16:29:20.449451,2.68742,2.6874,77
1,2004-02-29 16:29:52.866309,2.68742,2.6874,76
1,2004-02-29 16:30:20.519949,2.67532,2.6873,77
1,2004-02-29 16:30:59.204211,2.68742,2.6871,77
1,2004-02-29 16:31:23.220949,2.68742,2.6871,78
1,2004-02-29 16:31:57.964877,2.68742,2.6871,78
1,2004-02-29 16:32:51.498180,2.68742,2.6871,79
1,2004-02-29 16:33:59.043756,2.67532,2.687,80
1,2004-02-29 16:36:57.372713,2.68742,2.6868,79
1,2004-02-29 16:37:25.988135,2.67532,2.6867,79
1,2004-02-29 16:38:56.252557,2.67532,2.6865,77
1,2004-02-29 16:39:26.405923,2.67532,2.6863,77
1,2004-02-29 16:39:57.212604,2.67532,2.6862,78
1,2004-02-29 16:40:21.523461,2.67532,2.686,79
1,2004-02-29 16:42:53.105014,2.68742,2.6858,76
1,2004-02-29 16:44:52.196891,2.68742,2.6858,75
1,2004-02-29 16:45:50.524676,2.68742,2.6858,75
1,2004-02-29 16:46:50.696735,2.68742,2.6858,74
1,2004-02-29 16:48:24.681873,2.68742,2.6857,71
1,2004-02-29 16:48:54.760968,2.68742,2.6857,71
1,2004-02-29 16:49:55.786146,2.68742,2.6857,71
1,2004-02-29 16:50:21.423940,2.68742,2.6857,72
1,2004-02-29 16:52:23.931171,2.67532,2.6855,70
1,2004-02-29 16:53:58.164016,2.67532,2.6853,69
1,2004-02-29 16:54:26.532306,2.68742,2.6855,69
1,2004-02-29 16:54:53.489171,2.68742,2.6855,70
1,2004-02-29 16:55:28.264408,2.68742,2.6855,69
1,2004-02-29 16:56:53.417340,2.68742,2.6855,70
1,2004-02-29 16:57:24.921860,2.68742,2.6855,70
1,2004-02-29 16:57:55.065448,2.68742,2.6855,70
1,2004-02-29 16:58:20.504763,2.68742,2.6855,71
1,2004-02-29 16:59:21.587724,2.67532,2.6854,71
1,2004-02-29 16:59:57.179598,2.68742,2.6853,70
1,2004-02-29 17:00:24.254534,2.68742,2.6854,71
1,2004-02-29 17:00:54.729506,2.68742,2.6853,70
1,2004-02-29 17:01:24.312420,2.67532,2.6852,71
1,2004-02-29 17:02:29.990871,2.68742,2.6852,70
1,2004-02-29 17:02:53.110788,2.67532,2.685,71
1,2004-02-29 17:03:24.732567,2.67532,2.6849,71
1,2004-02-29 17:03:56.334784,2.67532,2.6847,71
1,2004-02-29 17:04:20.628569,2.67532,2.6845,71
1,2004-02-29 17:04:51.636295,2.68742,2.6846,72
1,2004-02-29 17:05:58.297895,2.68742,2.6847,70
1,2004-02-29 17:06:19.714160,2.67532,2.6845,71
1,2004-02-29 17:07:24.318901,2.67532,2.6843,70
1,2004-02-29 17:08:51.792206,2.67532,2.6843,70
1,2004-02-29 17:09:25.741184,2.68742,2.6843,70
1,2004-02-29 17:09:56.556035,2.67532,2.6841,70
1,2004-02-29 17:10:20.486930,2.68742,2.6842,71
1,2004-02-29 17:10:55.810557,2.68742,2.6842,71
1,2004-02-29 17:11:50.582333,2.67532,2.6838,70
1,2004-02-29 17:12:25.613653,2.68742,2.6838,70
1,2004-02-29 17:12:56.527767,2.68742,2.6838,71
1,2004-02-29 17:13:25.087045,2.67532,2.6837,72
1,2004-02-29 17:13:52.352424,2.68742,2.6837,72
1,2004-02-29 17:15:49.739567,2.68742,2.6836,69
1,2004-02-29 17:16:25.096258,2.67532,2.6834,69
1,2004-02-29 17:16:58.377386,2.68742,2.6834,69
1,2004-02-29 17:17:54.305363,2.68742,2.6834,70
1,2004-02-29 17:18:22.481390,2.67532,2.6833,70
1,2004-02-29 17:18:56.031994,2.68742,2.6834,70
1,2004-02-29 17:19:28.328366,2.68742,2.6834,70
1,2004-02-29 17:19:50.443151,2.67532,2.6833,71
1,2004-02-29 17:20:20.856563,2.67532,2.6832,71
1,2004-02-29 17:20:50.323996,2.68742,2.6832,71
1,2004-02-29 17:21:19.748664,2.67532,2.683,71
1,2004-02-29 17:21:50.870913,2.67532,2.6829,72
1,2004-02-29 17:22:29.995660,2.67532,2.6827,72
1,2004-02-29 17:23:56.438291,2.68742,2.6828,73
1,2004-02-29 17:24:24.146502,2.67532,2.6827,74
1,2004-02-29 17:24:50.559985,2.68742,2.6827,75
1,2004-02-29 17:25:28.581764,2.68742,2.6827,75
1,2004-02-29 17:26:20.554222,2.67532,2.6826,76
1,2004-02-29 17:26:49.794814,2.67532,2.6825,76
1,2004-02-29 17:27:21.419850,2.67532,2.6824,77
1,2004-02-29 17:28:49.768238,2.68742,2.6824,77
1,2004-02-29 17:32:52.389264,2.68742,2.6821,70
1,2004-02-29 17:33:50.639403,2.68742,2.6821,71
1,2004-02-29 17:34:50.981010,2.68742,2.6823,71
1,2004-02-29 17:35:54.840390,2.67532,2.6822,72
1,2004-02-29 17:36:22.420334,2.68742,2.6823,73
1,2004-02-29 17:36:50.779262,2.67532,2.6822,74
1,2004-02-29 17:37:27.626406,2.67532,2.6821,73
1,2004-02-29 17:38:19.814447,2.67532,2.682,74
1,2004-02-29 17:38:57.549930,2.67532,2.682,74
1,2004-02-29 17:39:52.459163,2.67532,2.682,74
1,2004-02-29 17:41:29.508789,2.67532,2.6821,73
1,2004-02-29 17:42:25.849759,2.67532,2.682,74
1,2004-02-29 17:43:24.397121,2.67532,2.6819,74
1,2004-02-29 17:43:50.786359,2.68742,2.6819,75
1,2004-02-29 17:44:51.575386,2.67532,2.6818,76
1,2004-02-29 17:45:50.640589,2.68742,2.6818,75
1,2004-02-29 17:46:23.688840,2.67532,2.6817,76
1,2004-02-29 17:47:30.675735,2.66332,2.6814,76
1,2004-02-29 17:47:59.205642,2.68742,2.6814,77
1,2004-02-29 17:48:21.322876,2.68742,2.6815,78
1,2004-02-29 17:48:51.176257,2.68742,2.6815,78
1,2004-02-29 17:50:28.532514,2.67532,2.6812,76
1,2004-02-29 17:50:53.211470,2.68742,2.6813,77
1,2004-02-29 17:51:50.772837,2.68742,2.6814,78
1,2004-02-29 17:52:59.512369,2.67532,2.6814,78
1,2004-02-29 17:54:27.748119,2.67532,2.6813,77
1,2004-02-29 17:55:28.697472,2.68742,2.6812,76
1,2004-02-29 17:55:52.448252,2.67532,2.6811,77
1,2004-02-29 17:56:26.814868,2.68742,2.6812,78
1,2004-02-29 17:56:52.790337,2.67532,2.6811,79
1,2004-02-29 17:57:23.305785,2.68742,2.6811,79
1,2004-02-29 18:00:20.361637,2.68742,2.681,75
1,2004-02-29 18:01:54.174053,2.67532,2.6808,73
1,2004-02-29 18:02:20.105086,2.67532,2.6807,74
1,2004-02-29 18:02:49.912495,2.67532,2.6806,74
1,2004-02-29 18:03:57.981423,2.67532,2.6807,72
1,2004-02-29 18:04:50.590726,2.67532,2.6807,72
1,2004-02-29 18:05:50.600795,2.67532,2.6805,72
1,2004-02-29 18:06:21.080934,2.67532,2.6804,71
1,2004-02-29 18:07:02.971184,2.68742,2.6805,72
1,2004-02-29 18:08:23.228511,2.67532,2.6805,72
1,2004-02-29 18:08:52.404934,2.67532,2.6805,72
1,2004-02-29 18:09:23.360324,2.67532,2.6805,73
1,2004-02-29 18:09:53.381636,2.68742,2.6805,73
1,2004-02-29 18:11:50.398905,2.68742,2.6804,71
1,2004-02-29 18:13:24.360218,2.67532,2.6802,69
1,2004-02-29 18:15:19.898120,2.67532,2.6801,68
1,2004-02-29 18:15:49.917149,2.67532,2.6799,68
1,2004-02-29 18:16:20.897789,2.67532,2.6799,69
1,2004-02-29 18:16:53.323347,2.67532,2.6799,69
1,2004-02-29 18:17:21.417152,2.67532,2.6797,69
1,2004-02-29 18:18:24.628824,2.67532,2.6796,68
1,2004-02-29 18:18:50.930383,2.67532,2.6795,69
1,2004-02-29 18:20:25.440607,2.67532,2.6794,66
1,2004-02-29 18:20:58.534652,2.68742,2.6794,66
1,2004-02-29 18:21:50.980583,2.67532,2.6794,65
1,2004-02-29 18:22:26.552755,2.67532,2.6794,66
1,2004-02-29 18:22:58.495831,2.67532,2.6794,66
1,2004-02-29 18:23:54.435762,2.68742,2.6795,67
1,2004-02-29 18:24:54.312194,2.67532,2.6792,65
1,2004-02-29 18:25:26.821573,2.67532,2.6792,66
1,2004-02-29 18:26:25.393683,2.67532,2.679,65
1,2004-02-29 18:26:55.183852,2.67532,2.679,65
1,2004-02-29 18:28:19.984828,2.67532,2.679,65
1,2004-02-29 18:28:54.471986,2.67532,2.6789,65
1,2004-02-29 18:29:24.957190,2.67532,2.6788,66
1,2004-02-29 18:30:20.969271,2.67532,2.6788,67
1,2004-02-29 18:30:52.494393,2.67532,2.6787,68
1,2004-02-29 18:31:22.665468,2.67532,2.6787,69
1,2004-02-29 18:32:59.794427,2.67532,2.6785,69
1,2004-02-29 18:33:22.739501,2.67532,2.6784,70
1,2004-02-29 18:33:55.136343,2.67532,2.6783,70
1,2004-02-29 18:34:25.777349,2.67532,2.6782,71
1,2004-02-29 18:35:23.459345,2.67532,2.678,71
1,2004-02-29 18:35:52.450565,2.67532,2.678,72
1,2004-02-29 18:37:19.972855,2.67532,2.6779,70
1,2004-02-29 18:38:00.368238,2.67532,2.6779,70
1,2004-02-29 18:38:25.228296,2.67532,2.6779,70
1,2004-02-29 18:39:19.975848,2.68742,2.6781,70
1,2004-02-29 18:40:21.589497,2.67532,2.6781,70
1,2004-02-29 18:42:20.713578,2.67532,2.6781,70
1,2004-02-29 18:43:52.476819,2.67532,2.678,68
1,2004-02-29 18:45:20.758462,2.66332,2.6778,68
1,2004-02-29 18:45:53.403921,2.68742,2.6778,68
1,2004-02-29 18:47:21.023833,2.68742,2.678,68
1,2004-02-29 18:48:20.242394,2.67532,2.678,67
1,2004-02-29 18:51:50.945178,2.67532,2.6774,63
1,2004-02-29 18:52:23.189408,2.67532,2.6774,64
1,2004-02-29 18:52:50.015029,2.67532,2.6774,65
1,2004-02-29 18:53:20.307278,2.67532,2.6774,65
1,2004-02-29 18:53:51.559206,2.67532,2.6773,66
1,2004-02-29 18:55:54.593407,2.67532,2.6772,64
1,2004-02-29 18:58:20.521974,2.67532,2.6769,62
1,2004-02-29 18:59:27.487129,2.67532,2.6769,63
1,2004-02-29 19:00:20.575188,2.67532,2.6767,63
1,2004-02-29 19:01:20.126054,2.67532,2.6766,64
1,2004-02-29 19:01:50.293610,2.67532,2.6766,65
1,2004-02-29 19:02:50.682872,2.67532,2.6767,63
1,2004-02-29 19:03:19.900293,2.67532,2.6766,64
1,2004-02-29 19:03:50.810470,2.67532,2.6766,65
1,2004-02-29 19:04:22.661678,2.67532,2.6766,65
1,2004-02-29 19:05:00.170034,2.67532,2.6766,65
1,2004-02-29 19:05:23.444897,2.67532,2.6766,66
1,2004-02-29 19:05:55.121914,2.67532,2.6766,66
1,2004-02-29 19:06:49.923728,2.67532,2.6766,66
1,2004-02-29 19:07:20.995096,2.67532,2.6764,66
1,2004-02-29 19:07:51.780368,2.67532,2.6764,67
1,2004-02-29 19:08:30.691520,2.66332,2.6762,67
1,2004-02-29 19:09:53.355913,2.67532,2.6762,66
1,2004-02-29 19:10:21.841024,2.67532,2.6761,66
1,2004-02-29 19:10:54.406554,2.66332,2.6759,67
1,2004-02-29 19:11:28.372152,2.66332,2.6757,68
1,2004-02-29 19:11:54.437394,2.67532,2.6755,68
1,2004-02-29 19:12:19.914239,2.67532,2.6755,69
1,2004-02-29 19:13:26.357359,2.67532,2.6755,69
1,2004-02-29 19:13:58.638438,2.67532,2.6755,70
1,2004-02-29 19:14:31.098157,2.67532,2.6755,71
1,2004-02-29 19:14:50.458929,2.67532,2.6755,72
1,2004-02-29 19:15:28.085974,2.67532,2.6755,72
1,2004-02-29 19:15:55.481185,2.67532,2.6755,72
1,2004-02-29 19:16:21.723332,2.67532,2.6755,72
1,2004-02-29 19:17:27.230858,2.67532,2.6755,71
1,2004-02-29 19:17:56.069627,2.67532,2.6755,72
1,2004-02-29 19:19:01.228508,2.67532,2.6755,71
1,2004-02-29 19:20:50.000764,2.67532,2.6755,71
1,2004-02-29 19:21:50.026013,2.67532,2.6753,71
1,2004-02-29 19:22:27.491575,2.67532,2.6753,70
1,2004-02-29 19:24:51.650736,2.67532,2.6752,69
1,2004-02-29 19:25:28.108532,2.67532,2.6751,68
1,2004-02-29 19:25:50.722774,2.67532,2.6752,69
1,2004-02-29 19:26:20.847234,2.67532,2.6752,70
1,2004-02-29 19:27:25.377972,2.66332,2.675,69
1,2004-02-29 19:27:56.259783,2.67532,2.675,70
1,2004-02-29 19:28:24.378021,2.67532,2.675,70
1,2004-02-29 19:28:56.363460,2.67532,2.675,70
1,2004-02-29 19:31:21.640147,2.67532,2.675,68
1,2004-02-29 19:33:50.849248,2.67532,2.675,66
1,2004-02-29 19:34:51.205753,2.67532,2.675,65
1,2004-02-29 19:35:27.447923,2.67532,2.675,65
1,2004-02-29 19:35:50.816387,2.67532,2.675,66
1,2004-02-29 19:37:26.661678,2.67532,2.675,65
1,2004-02-29 19:38:49.989126,2.67532,2.6749,64
1,2004-02-29 19:39:23.916136,2.66332,2.6746,64
1,2004-02-29 19:41:54.461430,2.67532,2.6746,64
1,2004-02-29 19:42:54.539792,2.67532,2.6746,64
1,2004-02-29 19:43:56.419885,2.67532,2.6746,64
1,2004-02-29 19:44:26.311091,2.67532,2.6746,65
1,2004-02-29 19:44:50.891738,2.67532,2.6746,66
1,2004-02-29 19:45:51.793836,2.66332,2.6746,66
1,2004-02-29 19:46:50.926313,2.67532,2.6744,66
1,2004-02-29 19:47:54.378028,2.67532,2.6742,66
1,2004-02-29 19:49:21.710996,2.67532,2.6742,66
1,2004-02-29 19:49:58.256182,2.67532,2.6742,67
1,2004-02-29 19:50:22.688445,2.67532,2.6743,68
1,2004-02-29 19:50:55.598627,2.67532,2.6743,69
1,2004-02-29 19:51:59.001117,2.67532,2.6743,69
1,2004-02-29 19:52:26.700099,2.67532,2.6743,69
1,2004-02-29 19:53:27.062093,2.67532,2.6743,68
1,2004-02-29 19:53:59.363200,2.66332,2.6741,68
1,2004-02-29 19:54:27.157847,2.67532,2.6741,69
1,2004-02-29 19:54:58.548458,2.67532,2.6741,70
1,2004-02-29 19:55:24.869318,2.67532,2.6741,71
1,2004-02-29 19:55:55.580376,2.67532,2.6741,71
1,2004-02-29 19:56:22.695378,2.67532,2.6742,72
1,2004-02-29 19:56:58.366600,2.67532,2.6742,73
1,2004-02-29 19:57:20.126364,2.67532,2.6742,74
1,2004-02-29 19:58:51.096377,2.67532,2.6742,74
1,2004-02-29 19:59:53.622998,2.67532,2.6742,74
1,2004-02-29 20:00:51.763090,2.66332,2.674,74
1,2004-02-29 20:01:24.495699,2.67532,2.674,74
1,2004-02-29 20:01:51.023747,2.67532,2.674,74
1,2004-02-29 20:02:52.490887,2.67532,2.674,74
1,2004-02-29 20:03:25.484496,2.67532,2.674,74
1,2004-02-29 20:03:51.830779,2.67532,2.674,74
1,2004-02-29 20:04:23.488613,2.67532,2.674,74
1,2004-02-29 20:05:53.059199,2.67532,2.674,73
1,2004-02-29 20:06:23.621188,2.67532,2.674,73
1,2004-02-29 20:07:20.063942,2.67532,2.674,73
1,2004-02-29 20:07:55.679068,2.66332,2.6738,72
1,2004-02-29 20:08:55.491134,2.67532,2.674,72
1,2004-02-29 20:09:27.615657,2.67532,2.674,73
1,2004-02-29 20:10:50.999698,2.67532,2.674,72
1,2004-02-29 20:11:52.960827,2.67532,2.6743,71
1,2004-02-29 20:12:21.981964,2.67532,2.6743,70
1,2004-02-29 20:12:50.177174,2.67532,2.6743,71
1,2004-02-29 20:14:51.146728,2.67532,2.6743,68
1,2004-02-29 20:15:52.625322,2.67532,2.6743,68
1,2004-02-29 20:16:27.318800,2.67532,2.6742,67
1,2004-02-29 20:16:55.581390,2.67532,2.6743,68
1,2004-02-29 20:17:24.668315,2.67532,2.6743,69
1,2004-02-29 20:17:55.504035,2.66332,2.6741,69
1,2004-02-29 20:18:21.705351,2.66332,2.6739,69
1,2004-02-29 20:20:24.657427,2.67532,2.6739,69
1,2004-02-29 20:20:57.925813,2.67532,2.6739,69
1,2004-02-29 20:21:20.816582,2.67532,2.6739,70
1,2004-02-29 20:21:56.803860,2.67532,2.6739,70
1,2004-02-29 20:22:31.471826,2.66332,2.6738,70
1,2004-02-29 20:22:55.569815,2.67532,2.6738,71
1,2004-02-29 20:23:26.740902,2.67532,2.6738,72
1,2004-02-29 20:24:19.980957,2.66332,2.6737,73
1,2004-02-29 20:24:51.986659,2.67532,2.6737,73
1,2004-02-29 20:25:27.925026,2.66332,2.6735,74
1,2004-02-29 20:26:21.806865,2.66332,2.6733,72
1,2004-02-29 20:27:03.431825,2.67532,2.6733,73
1,2004-02-29 20:27:21.793971,2.67532,2.6734,74
1,2004-02-29 20:27:53.900175,2.67532,2.6735,74
1,2004-02-29 20:28:22.911036,2.67532,2.6735,74
1,2004-02-29 20:29:24.771811,2.66332,2.6733,73
1,2004-02-29 20:30:24.699696,2.67532,2.6734,74
1,2004-02-29 20:30:54.890463,2.66332,2.6732,75
1,2004-02-29 20:31:22.017127,2.67532,2.6732,75
1,2004-02-29 20:31:50.012273,2.66332,2.6731,76
1,2004-02-29 20:32:28.303662,2.67532,2.6731,77
1,2004-02-29 20:32:57.940220,2.66332,2.673,78
1,2004-02-29 20:33:22.073314,2.66332,2.6729,79
1,2004-02-29 20:33:51.177165,2.66332,2.6727,79
1,2004-02-29 20:34:20.134582,2.66332,2.6726,80
1,2004-02-29 20:34:56.759897,2.66332,2.6725,80
1,2004-02-29 20:35:53.728459,2.66332,2.6723,79
1,2004-02-29 20:36:59.438707,2.67532,2.6723,80
1,2004-02-29 20:37:26.789712,2.68742,2.6725,80
1,2004-02-29 20:37:55.697439,2.66332,2.6724,81
1,2004-02-29 20:38:21.793447,2.67532,2.6724,82
1,2004-02-29 20:40:20.222608,2.67532,2.6725,81
1,2004-02-29 20:41:24.649854,2.67532,2.6725,82
1,2004-02-29 20:42:52.820733,2.67532,2.6725,82
1,2004-02-29 20:44:21.963788,2.66332,2.6724,81
1,2004-02-29 20:44:50.037252,2.66332,2.6722,81
1,2004-02-29 20:45:25.699463,2.66332,2.6721,81
1,2004-02-29 20:45:56.580487,2.66332,2.6721,81
1,2004-02-29 20:46:21.909794,2.67532,2.6721,82
1,2004-02-29 20:47:20.045401,2.67532,2.6721,82
1,2004-02-29 20:49:50.066167,2.67532,2.6721,81
1,2004-02-29 20:50:56.817283,2.66332,2.6718,79
1,2004-02-29 20:51:20.569592,2.67532,2.6719,80
1,2004-02-29 20:51:50.062801,2.67532,2.6719,81
1,2004-02-29 20:52:20.315875,2.67532,2.6719,81
1,2004-02-29 20:52:50.063415,2.66332,2.6718,81
1,2004-02-29 20:53:50.882975,2.67532,2.6718,81
1,2004-02-29 20:54:20.451146,2.67532,2.6719,81
1,2004-02-29 20:54:50.232078,2.67532,2.6719,81
1,2004-02-29 20:55:20.076056,2.67532,2.6719,81
1,2004-02-29 20:55:51.867380,2.67532,2.6719,81
1,2004-02-29 20:56:23.736362,2.66332,2.6717,80
1,2004-02-29 20:56:50.074253,2.67532,2.6718,81
1,2004-02-29 20:58:26.454479,2.67532,2.6717,80
1,2004-02-29 20:58:56.684398,2.67532,2.6717,80
1,2004-02-29 20:59:20.877540,2.66332,2.6716,81
1,2004-02-29 20:59:50.085573,2.66332,2.6715,82
1,2004-02-29 21:00:20.217958,2.67532,2.6715,82
1,2004-02-29 21:02:24.800785,2.67532,2.6716,80
1,2004-02-29 21:02:58.591943,2.67532,2.6716,80
1,2004-02-29 21:03:23.902834,2.67532,2.6716,81
1,2004-02-29 21:05:20.098483,2.66332,2.6714,79
1,2004-02-29 21:05:53.829886,2.67532,2.6714,79
1,2004-02-29 21:06:20.866109,2.67532,2.6714,80
1,2004-02-29 21:06:52.343632,2.66332,2.6713,80
1,2004-02-29 21:08:21.024988,2.67532,2.6714,79
1,2004-02-29 21:08:57.334232,2.66332,2.6712,79
1,2004-02-29 21:09:24.561004,2.67532,2.6713,80
1,2004-02-29 21:09:50.882698,2.67532,2.6713,80
1,2004-02-29 21:10:20.623343,2.67532,2.6713,81
1,2004-02-29 21:10:50.991684,2.67532,2.6714,82
1,2004-02-29 21:12:23.814105,2.67532,2.6713,80
1,2004-02-29 21:12:58.822457,2.67532,2.6713,80
1,2004-02-29 21:14:29.749011,2.67532,2.6713,81
1,2004-02-29 21:15:03.866741,2.66332,2.6712,81
1,2004-02-29 21:15:26.047491,2.67532,2.6712,82
1,2004-02-29 21:15:53.933261,2.67532,2.6712,82
1,2004-02-29 21:16:20.132135,2.67532,2.6713,83
1,2004-02-29 21:16:50.385358,2.66332,2.6711,83
1,2004-02-29 21:17:27.575818,2.67532,2.6711,82
1,2004-02-29 21:17:50.270248,2.67532,2.6711,83
1,2004-02-29 21:20:26.757889,2.67532,2.6713,81
1,2004-02-29 21:20:56.680709,2.67532,2.6714,82
1,2004-02-29 21:21:20.134520,2.67532,2.6714,82
1,2004-02-29 21:21:57.191850,2.67532,2.6713,81
1,2004-02-29 21:22:27.603012,2.67532,2.6714,82
1,2004-02-29 21:23:00.137460,2.66332,2.6713,81
1,2004-02-29 21:23:28.745949,2.67532,2.6713,81
1,2004-02-29 21:23:51.121768,2.66332,2.6712,82
1,2004-02-29 21:24:25.807937,2.67532,2.6714,82
1,2004-02-29 21:24:58.217070,2.66332,2.6712,82
1,2004-02-29 21:25:53.857898,2.67532,2.6714,82
1,2004-02-29 21:26:27.810187,2.67532,2.6715,82
1,2004-02-29 21:30:20.157689,2.67532,2.6715,78
1,2004-02-29 21:30:50.228328,2.66332,2.6713,78
1,2004-02-29 21:31:55.801360,2.66332,2.6714,76
1,2004-02-29 21:32:24.177706,2.67532,2.6714,77
1,2004-02-29 21:33:22.856916,2.67532,2.6716,75
1,2004-02-29 21:34:21.078937,2.66332,2.6718,74
1,2004-02-29 21:36:57.471620,2.66332,2.6719,73
1,2004-02-29 21:37:57.777093,2.67532,2.6718,71
1,2004-02-29 21:38:52.035543,2.67532,2.6718,71
1,2004-02-29 21:39:23.810001,2.67532,2.6718,72
1,2004-02-29 21:40:25.642385,2.65143,2.6715,72
1,2004-02-29 21:41:21.003378,2.67532,2.6715,73
1,2004-02-29 21:41:51.281719,2.67532,2.6715,73
1,2004-02-29 21:42:24.848073,2.66332,2.6714,74
1,2004-02-29 21:42:55.807259,2.66332,2.6713,74
1,2004-02-29 21:43:55.465908,2.67532,2.6713,75
1,2004-02-29 21:44:22.438812,2.67532,2.6715,75
1,2004-02-29 21:44:59.082471,2.67532,2.6716,75
1,2004-02-29 21:45:50.927208,2.67532,2.6718,75
1,2004-02-29 21:46:58.176143,2.66332,2.6718,74
1,2004-02-29 21:47:21.314173,2.67532,2.6718,74
1,2004-02-29 21:47:53.179521,2.67532,2.6718,75
1,2004-02-29 21:50:20.984516,2.67532,2.6718,75
1,2004-02-29 21:50:57.986517,2.66332,2.6718,75
1,2004-02-29 21:51:33.025741,2.67532,2.6718,75
1,2004-02-29 21:53:27.938112,2.67532,2.6719,73
1,2004-02-29 21:53:53.988305,2.67532,2.6719,73
1,2004-02-29 21:54:27.972725,2.67532,2.6719,73
1,2004-02-29 21:54:54.748444,2.67532,2.6719,73
1,2004-02-29 21:55:21.542006,2.67532,2.6719,73
1,2004-02-29 21:55:51.148086,2.66332,2.6718,74
1,2004-02-29 21:56:59.118063,2.66332,2.6717,72
1,2004-02-29 21:57:53.010591,2.66332,2.6715,73
1,2004-02-29 21:58:30.575814,2.65143,2.6712,73
1,2004-02-29 21:58:53.232410,2.67532,2.6713,74
1,2004-02-29 21:59:24.303629,2.66332,2.6712,73
1,2004-02-29 22:00:27.123432,2.67532,2.6713,72
1,2004-02-29 22:00:54.864898,2.66332,2.6712,73
1,2004-02-29 22:01:24.064561,2.67532,2.6713,74
1,2004-02-29 22:01:50.245491,2.66332,2.6712,75
1,2004-02-29 22:02:24.253811,2.66332,2.6711,76
1,2004-02-29 22:02:56.874930,2.66332,2.6709,76
1,2004-02-29 22:03:32.646141,2.66332,2.6707,75
1,2004-02-29 22:03:59.691475,2.67532,2.6707,76
1,2004-02-29 22:04:27.788025,2.66332,2.6706,77
1,2004-02-29 22:04:54.071697,2.66332,2.6706,78
1,2004-02-29 22:05:22.043065,2.67532,2.6707,78
1,2004-02-29 22:06:25.144593,2.66332,2.6705,77
1,2004-02-29 22:07:31.058211,2.67532,2.6706,77
1,2004-02-29 22:08:00.271560,2.66332,2.6706,78
1,2004-02-29 22:08:25.860181,2.66332,2.6704,78
1,2004-02-29 22:08:56.315836,2.66332,2.6703,79
1,2004-02-29 22:09:26.978253,2.67532,2.6704,78
1,2004-02-29 22:09:50.283723,2.67532,2.6705,79
1,2004-02-29 22:11:02.186475,2.66332,2.6702,77
1,2004-02-29 22:11:28.882426,2.66332,2.6701,78
1,2004-02-29 22:11:50.376247,2.66332,2.67,79
1,2004-02-29 22:12:24.956346,2.66332,2.6699,79
1,2004-02-29 22:13:00.815748,2.66332,2.6697,79
1,2004-02-29 22:13:26.966502,2.67532,2.6698,80
1,2004-02-29 22:13:58.111863,2.65143,2.6695,81
1,2004-02-29 22:15:22.140391,2.67532,2.6696,80
1,2004-02-29 22:15:53.131462,2.67532,2.6696,80
1,2004-02-29 22:16:55.999298,2.67532,2.6696,78
1,2004-02-29 22:17:22.994533,2.67532,2.6697,79
1,2004-02-29 22:17:54.041436,2.66332,2.6695,78
1,2004-02-29 22:18:22.948545,2.66332,2.6694,79
1,2004-02-29 22:18:51.449398,2.66332,2.6693,80
1,2004-02-29 22:19:28.048799,2.67532,2.6694,81
1,2004-02-29 22:20:00.383989,2.66332,2.6693,82
1,2004-02-29 22:23:20.870030,2.67532,2.6691,77
1,2004-02-29 22:26:31.837000,2.67532,2.669,72
1,2004-02-29 22:26:56.076923,2.66332,2.6689,73
1,2004-02-29 22:29:01.558411,2.67532,2.669,74
1,2004-02-29 22:29:50.500352,2.65143,2.6688,75
1,2004-02-29 22:31:57.104609,2.66332,2.6688,73
1,2004-02-29 22:32:57.221860,2.66332,2.6686,73
1,2004-02-29 22:33:59.042696,2.67532,2.6686,73
1,2004-02-29 22:34:26.489505,2.67532,2.6688,73
1,2004-02-29 22:35:00.057886,2.66332,2.6687,74
1,2004-02-29 22:35:26.161557,2.67532,2.6688,75
1,2004-02-29 22:36:21.155142,2.67532,2.6689,76
1,2004-02-29 22:36:52.858903,2.66332,2.6688,77
1,2004-02-29 22:38:25.087656,2.66332,2.6687,76
1,2004-02-29 22:38:56.922885,2.66332,2.6685,76
1,2004-02-29 22:39:28.945755,2.67532,2.6685,76
1,2004-02-29 22:39:53.140662,2.66332,2.6685,77
1,2004-02-29 22:40:52.262685,2.67532,2.6688,77
1,2004-02-29 22:41:22.188177,2.67532,2.6688,77
1,2004-02-29 22:41:50.231767,2.65143,2.6686,78
1,2004-02-29 22:42:27.088780,2.67532,2.6686,77
1,2004-02-29 22:42:50.477528,2.67532,2.6687,78
1,2004-02-29 22:43:58.073705,2.67532,2.6688,77
1,2004-02-29 22:44:28.402422,2.66332,2.6686,77
1,2004-02-29 22:44:52.191010,2.66332,2.6686,78
1,2004-02-29 22:45:27.892776,2.67532,2.6686,78
1,2004-02-29 22:45:51.488916,2.66332,2.6684,78
1,2004-02-29 22:46:25.284063,2.66332,2.6683,79
1,2004-02-29 22:46:57.965142,2.67532,2.6684,80
1,2004-02-29 22:47:28.967724,2.67532,2.6685,79
1,2004-02-29 22:47:51.899762,2.66332,2.6684,80
1,2004-02-29 22:48:51.051559,2.66332,2.6683,80
1,2004-02-29 22:49:50.255390,2.67532,2.6684,81
1,2004-02-29 22:50:28.535140,2.66332,2.6682,81
1,2004-02-29 22:50:55.037798,2.67532,2.6683,82
1,2004-02-29 22:52:03.007579,2.66332,2.6682,81
1,2004-02-29 22:52:26.470654,2.65143,2.668,82
1,2004-02-29 22:52:52.329764,2.67532,2.6681,83
1,2004-02-29 22:53:30.538617,2.66332,2.668,83
1,2004-02-29 22:53:54.953732,2.67532,2.668,83
1,2004-02-29 22:56:21.070193,2.66332,2.6677,80
1,2004-02-29 22:56:57.535700,2.65143,2.6675,81
1,2004-02-29 22:57:27.551126,2.67532,2.6676,81
1,2004-02-29 22:57:51.062364,2.67532,2.6677,82
1,2004-02-29 22:58:23.229070,2.67532,2.6679,82
1,2004-02-29 22:59:22.082485,2.66332,2.6679,81
1,2004-02-29 22:59:53.301680,2.66332,2.6679,81
1,2004-02-29 23:00:52.181019,2.66332,2.6678,81
1,2004-02-29 23:01:20.310565,2.66332,2.6678,81
1,2004-02-29 23:01:52.185740,2.67532,2.6678,80
1,2004-02-29 23:02:21.103001,2.67532,2.6679,81
1,2004-02-29 23:03:00.004789,2.66332,2.668,80
1,2004-02-29 23:03:24.984661,2.66332,2.6679,81
1,2004-02-29 23:03:56.106371,2.66332,2.6679,81
1,2004-02-29 23:04:21.414141,2.66332,2.6678,81
1,2004-02-29 23:04:53.516863,2.65143,2.6676,81
1,2004-02-29 23:05:58.160029,2.66332,2.6675,80
1,2004-02-29 23:06:27.747007,2.66332,2.6675,80
1,2004-02-29 23:07:33.957436,2.66332,2.6674,80
1,2004-02-29 23:07:54.217665,2.66332,2.6673,81
1,2004-02-29 23:08:26.062591,2.66332,2.6674,80
1,2004-02-29 23:08:51.147202,2.66332,2.6673,81
1,2004-02-29 23:09:23.296921,2.67532,2.6675,81
1,2004-02-29 23:09:51.162983,2.66332,2.6672,80
1,2004-02-29 23:10:32.143633,2.66332,2.6672,81
1,2004-02-29 23:11:00.174467,2.66332,2.6671,82
1,2004-02-29 23:11:20.300169,2.66332,2.6671,82
1,2004-02-29 23:12:01.269410,2.66332,2.6672,81
1,2004-02-29 23:12:25.052464,2.67532,2.6673,81
1,2004-02-29 23:13:57.364964,2.67532,2.6674,80
1,2004-02-29 23:14:20.560197,2.66332,2.6675,80
1,2004-02-29 23:15:24.163491,2.67532,2.6675,80
1,2004-02-29 23:15:50.579488,2.66332,2.6675,81
1,2004-02-29 23:19:55.022757,2.66332,2.6672,75
1,2004-02-29 23:20:51.226688,2.65143,2.667,75
1,2004-02-29 23:21:24.181607,2.65143,2.6668,76
1,2004-02-29 23:21:57.487088,2.66332,2.6668,77
1,2004-02-29 23:23:25.079928,2.67532,2.6668,77
1,2004-02-29 23:24:21.563782,2.66332,2.6667,78
1,2004-02-29 23:24:56.253070,2.66332,2.6667,79
1,2004-02-29 23:25:54.457609,2.66332,2.6666,80
1,2004-02-29 23:26:23.256022,2.66332,2.6666,81
1,2004-02-29 23:28:52.239931,2.66332,2.6665,80
1,2004-02-29 23:29:27.062304,2.66332,2.6663,80
1,2004-02-29 23:29:55.284676,2.66332,2.6665,80
1,2004-02-29 23:30:53.285221,2.67532,2.6666,81
1,2004-02-29 23:31:24.426310,2.66332,2.6665,82
1,2004-02-29 23:31:54.337340,2.65143,2.6664,83
1,2004-02-29 23:32:23.511076,2.67532,2.6665,83
1,2004-02-29 23:32:56.209498,2.65143,2.6663,84
1,2004-02-29 23:34:56.427758,2.66332,2.6661,82
1,2004-02-29 23:35:22.314488,2.66332,2.6661,82
1,2004-02-29 23:35:54.315582,2.66332,2.666,82
1,2004-02-29 23:37:02.541242,2.66332,2.6658,81
1,2004-02-29 23:37:21.600565,2.66332,2.6658,82
1,2004-02-29 23:37:50.428619,2.65143,2.6656,83
1,2004-02-29 23:38:51.455059,2.66332,2.6656,83
1,2004-02-29 23:39:56.513763,2.66332,2.6656,81
1,2004-02-29 23:40:28.256876,2.66332,2.6655,82
1,2004-02-29 23:41:27.571160,2.66332,2.6653,81
1,2004-02-29 23:41:55.427874,2.67532,2.6656,81
1,2004-02-29 23:42:29.593427,2.66332,2.6654,81
1,2004-02-29 23:43:00.482843,2.66332,2.6653,81
1,2004-02-29 23:44:51.258684,2.66332,2.6651,80
1,2004-02-29 23:45:50.275938,2.65143,2.6649,79
1,2004-02-29 23:46:20.469341,2.66332,2.6649,79
1,2004-02-29 23:46:50.298403,2.66332,2.6649,79
1,2004-02-29 23:47:25.673607,2.65143,2.6645,79
1,2004-02-29 23:48:57.574285,2.65143,2.6643,77
1,2004-02-29 23:49:33.801527,2.66332,2.6643,78
1,2004-02-29 23:49:55.827872,2.66332,2.6641,78
1,2004-02-29 23:50:24.295266,2.66332,2.6641,79
1,2004-02-29 23:50:52.300668,2.66332,2.6641,79
1,2004-02-29 23:51:58.001868,2.65143,2.6638,79
1,2004-02-29 23:52:22.819403,2.66332,2.6638,79
1,2004-02-29 23:53:01.220366,2.65143,2.6636,78
1,2004-02-29 23:53:27.344115,2.66332,2.6636,79
1,2004-02-29 23:53:51.287776,2.66332,2.6636,79
1,2004-02-29 23:55:33.739177,2.66332,2.6635,79
1,2004-02-29 23:55:52.432270,2.66332,2.6635,80
1,2004-02-29 23:57:02.284924,2.66332,2.6636,79
1,2004-02-29 23:58:00.144273,2.66332,2.6633,78
1,2004-02-29 23:58:51.207505,2.66332,2.6632,78
1,2004-03-01 00:01:57.130850,2.67532,2.6632,74
1,2004-03-01 00:02:50.458234,2.66332,2.663,74
1,2004-03-01 00:04:26.606602,2.65143,2.6628,71
1,2004-03-01 00:05:28.379208,2.65143,2.6628,71
1,2004-03-01 00:05:50.456126,2.66332,2.6628,72
1,2004-03-01 00:09:26.667260,2.66332,2.6626,66
1,2004-03-01 00:09:50.555614,2.65143,2.6624,67
1,2004-03-01 00:10:21.292328,2.65143,2.6623,67
1,2004-03-01 00:13:51.235241,2.67532,2.6622,63
1,2004-03-01 00:18:26.373102,2.66332,2.6617,60
1,2004-03-01 00:18:50.532116,2.65143,2.6616,61
1,2004-03-01 00:19:55.653270,2.65143,2.6614,61
1,2004-03-01 00:20:51.038547,2.65143,2.6612,62
1,2004-03-01 00:22:21.258777,2.66332,2.6615,60
1,2004-03-01 00:22:50.505144,2.66332,2.6616,61
1,2004-03-01 00:24:20.373476,2.65143,2.6612,61
1,2004-03-01 00:24:59.345520,2.66332,2.6611,60
1,2004-03-01 00:25:53.612508,2.66332,2.6612,61
1,2004-03-01 00:26:22.379146,2.66332,2.6612,61
1,2004-03-01 00:26:54.475448,2.65143,2.661,61
1,2004-03-01 00:27:25.385599,2.66332,2.661,62
1,2004-03-01 00:27:56.607463,2.66332,2.6611,63
1,2004-03-01 00:28:28.723342,2.65143,2.6609,64
1,2004-03-01 00:28:50.659051,2.66332,2.661,65
1,2004-03-01 00:29:29.717052,2.66332,2.6609,64
1,2004-03-01 00:29:52.452494,2.65143,2.6608,65
1,2004-03-01 00:30:27.691654,2.66332,2.6608,65
1,2004-03-01 00:30:50.560960,2.66332,2.6608,66
1,2004-03-01 00:31:22.291125,2.66332,2.6606,66
1,2004-03-01 00:31:50.390141,2.65143,2.6604,66
1,2004-03-01 00:32:21.608717,2.65143,2.6604,66
1,2004-03-01 00:32:51.288540,2.66332,2.6603,66
1,2004-03-01 00:33:56.256770,2.65143,2.6603,66
1,2004-03-01 00:34:30.598466,2.67532,2.6605,67
1,2004-03-01 00:34:51.419280,2.65143,2.6604,68
1,2004-03-01 00:35:31.752010,2.65143,2.6601,67
1,2004-03-01 00:35:58.578715,2.65143,2.66,67
1,2004-03-01 00:36:31.281825,2.66332,2.66,68
1,2004-03-01 00:37:08.141076,2.65143,2.6598,68
1,2004-03-01 00:38:03.422989,2.65143,2.6598,67
1,2004-03-01 00:38:28.605784,2.65143,2.6597,68
1,2004-03-01 00:39:31.886032,2.66332,2.6597,68
1,2004-03-01 00:39:50.472166,2.65143,2.6595,69
1,2004-03-01 00:40:23.432347,2.66332,2.6595,69
1,2004-03-01 00:41:23.411551,2.65143,2.6594,69
1,2004-03-01 00:42:20.427501,2.65143,2.659,68
1,2004-03-01 00:42:58.454996,2.65143,2.6588,68
1,2004-03-01 00:44:32.336318,2.65143,2.6586,68
1,2004-03-01 00:45:29.540544,2.65143,2.6584,68
1,2004-03-01 00:45:56.979171,2.65143,2.6584,68
1,2004-03-01 00:46:26.667725,2.66332,2.6584,68
1,2004-03-01 00:46:58.605870,2.65143,2.6583,68
1,2004-03-01 00:48:29.604387,2.65143,2.6583,68
1,2004-03-01 00:48:57.365329,2.65143,2.6582,69
1,2004-03-01 00:49:23.432098,2.65143,2.6582,69
1,2004-03-01 00:49:50.485519,2.65143,2.658,69
1,2004-03-01 00:50:55.351346,2.65143,2.6576,67
1,2004-03-01 00:53:20.484134,2.65143,2.6577,65
1,2004-03-01 00:53:51.562461,2.67532,2.6578,64
1,2004-03-01 00:54:23.546481,2.66332,2.6578,65
1,2004-03-01 00:56:50.474554,2.66332,2.6578,64
1,2004-03-01 00:57:20.662896,2.65143,2.6576,64
1,2004-03-01 00:57:50.636308,2.65143,2.6575,65
1,2004-03-01 00:59:25.381969,2.65143,2.6572,64
1,2004-03-01 01:00:25.668858,2.66332,2.6573,65
1,2004-03-01 01:00:51.609845,2.66332,2.6574,66
1,2004-03-01 01:01:27.453217,2.66332,2.6575,67
1,2004-03-01 01:01:53.553882,2.65143,2.6574,68
1,2004-03-01 01:02:20.503141,2.65143,2.657,68
1,2004-03-01 01:02:54.533948,2.65143,2.6569,68
1,2004-03-01 01:03:23.394992,2.67532,2.6571,69
1,2004-03-01 01:04:20.499279,2.66332,2.6572,70
1,2004-03-01 01:04:51.646628,2.66332,2.6574,70
1,2004-03-01 01:05:25.581098,2.66332,2.6575,71
1,2004-03-01 01:08:51.003019,2.65143,2.6574,70
1,2004-03-01 01:09:21.005482,2.65143,2.6573,71
1,2004-03-01 01:09:57.831328,2.65143,2.6572,70
1,2004-03-01 01:10:22.535263,2.65143,2.6572,70
1,2004-03-01 01:11:24.691400,2.66332,2.6573,71
1,2004-03-01 01:11:51.617713,2.65143,2.6572,72
1,2004-03-01 01:14:21.150495,2.65143,2.6569,72
1,2004-03-01 01:15:51.654802,2.66332,2.657,73
1,2004-03-01 01:16:58.581948,2.65143,2.6569,74
1,2004-03-01 01:17:22.376234,2.65143,2.6568,75
1,2004-03-01 01:18:53.731116,2.65143,2.6567,74
1,2004-03-01 01:20:51.510756,2.65143,2.6568,73
1,2004-03-01 01:21:51.672839,2.65143,2.6567,74
1,2004-03-01 01:23:55.987054,2.65143,2.6565,73
1,2004-03-01 01:24:51.421004,2.66332,2.6566,73
1,2004-03-01 01:25:28.008764,2.66332,2.6566,73
1,2004-03-01 01:28:51.571475,2.65143,2.6562,67
1,2004-03-01 01:29:24.630236,2.65143,2.6562,68
1,2004-03-01 01:29:50.562906,2.65143,2.656,68
1,2004-03-01 01:30:24.894751,2.65143,2.656,68
1,2004-03-01 01:31:28.755157,2.65143,2.6556,66
1,2004-03-01 01:31:50.641483,2.65143,2.6556,66
1,2004-03-01 01:32:26.974514,2.65143,2.6556,66
1,2004-03-01 01:33:25.916536,2.66332,2.6556,66
1,2004-03-01 01:33:59.763017,2.65143,2.6556,66
1,2004-03-01 01:34:58.569687,2.66332,2.6555,65
1,2004-03-01 01:36:31.282875,2.65143,2.6554,63
1,2004-03-01 01:37:06.845992,2.65143,2.6553,64
1,2004-03-01 01:37:25.963184,2.65143,2.6553,64
1,2004-03-01 01:38:31.591736,2.65143,2.6554,63
1,2004-03-01 01:38:59.602320,2.65143,2.6553,64
1,2004-03-01 01:39:20.671411,2.65143,2.6553,65
1,2004-03-01 01:42:26.985072,2.65143,2.6551,61
1,2004-03-01 01:42:51.457998,2.65143,2.6551,62
1,2004-03-01 01:43:26.989019,2.65143,2.6551,62
1,2004-03-01 01:43:53.740614,2.65143,2.655,63
1,2004-03-01 01:44:55.630109,2.65143,2.655,63
1,2004-03-01 01:45:20.589929,2.65143,2.655,64
1,2004-03-01 01:46:50.639666,2.65143,2.6549,62
1,2004-03-01 01:47:27.859743,2.66332,2.6551,62
1,2004-03-01 01:48:34.052166,2.65143,2.6551,62
1,2004-03-01 01:48:58.898418,2.65143,2.6551,62
1,2004-03-01 01:50:50.712241,2.65143,2.6551,61
1,2004-03-01 01:51:27.757927,2.65143,2.6551,61
1,2004-03-01 01:51:53.069254,2.65143,2.6551,62
1,2004-03-01 01:52:25.755541,2.65143,2.655,63
1,2004-03-01 01:52:50.646343,2.65143,2.655,64
1,2004-03-01 01:53:23.917478,2.65143,2.655,64
1,2004-03-01 01:56:24.583655,2.65143,2.6545,63
1,2004-03-01 01:58:32.848031,2.65143,2.6544,61
1,2004-03-01 01:59:23.696198,2.65143,2.6543,62
1,2004-03-01 01:59:52.734952,2.65143,2.6543,62
1,2004-03-01 02:01:23.795736,2.65143,2.654,61
1,2004-03-01 02:01:55.907774,2.65143,2.6538,60
1,2004-03-01 02:02:25.701063,2.65143,2.6538,60
1,2004-03-01 02:02:57.899989,2.66332,2.654,60
1,2004-03-01 02:03:51.214267,2.65143,2.6536,60
1,2004-03-01 02:04:50.919204,2.65143,2.6534,60
1,2004-03-01 02:06:20.744047,2.65143,2.653,59
1,2004-03-01 02:06:53.159462,2.65143,2.653,60
1,2004-03-01 02:08:27.062518,2.65143,2.653,61
1,2004-03-01 02:09:50.944103,2.65143,2.653,60
1,2004-03-01 02:10:58.893527,2.65143,2.653,59
1,2004-03-01 02:12:20.546359,2.65143,2.6529,58
1,2004-03-01 02:12:51.727643,2.65143,2.6528,59
1,2004-03-01 02:14:24.663338,2.65143,2.6528,59
1,2004-03-01 02:15:51.803973,2.65143,2.6526,59
1,2004-03-01 02:16:20.546364,2.65143,2.6526,60
1,2004-03-01 02:17:25.931404,2.65143,2.6526,59
1,2004-03-01 02:18:00.260953,2.65143,2.6526,60
1,2004-03-01 02:18:21.535044,2.65143,2.6526,61
1,2004-03-01 02:18:53.641844,2.65143,2.6526,62
1,2004-03-01 02:19:50.730539,2.65143,2.6526,62
1,2004-03-01 02:20:21.731141,2.65143,2.6526,63
1,2004-03-01 02:20:57.320251,2.65143,2.6526,63
1,2004-03-01 02:21:23.739311,2.65143,2.6525,64
1,2004-03-01 02:22:32.267223,2.66332,2.6527,64
1,2004-03-01 02:23:24.863034,2.65143,2.6527,65
1,2004-03-01 02:24:26.967075,2.65143,2.6527,65
1,2004-03-01 02:25:56.970165,2.65143,2.6524,64
1,2004-03-01 02:27:24.991538,2.65143,2.6523,65
1,2004-03-01 02:27:58.191177,2.65143,2.6523,66
1,2004-03-01 02:28:24.658890,2.65143,2.6523,67
1,2004-03-01 02:28:54.613190,2.66332,2.6525,67
1,2004-03-01 02:29:53.738746,2.65143,2.6525,66
1,2004-03-01 02:30:21.773331,2.65143,2.6525,67
1,2004-03-01 02:30:54.740368,2.65143,2.6525,67
1,2004-03-01 02:31:23.901102,2.65143,2.6525,68
1,2004-03-01 02:31:53.845005,2.65143,2.6525,67
1,2004-03-01 02:32:22.684077,2.65143,2.6525,68
1,2004-03-01 02:32:51.618509,2.65143,2.6525,68
1,2004-03-01 02:34:29.096149,2.65143,2.6523,67
1,2004-03-01 02:34:56.804621,2.65143,2.6523,68
1,2004-03-01 02:35:23.856484,2.65143,2.6521,68
1,2004-03-01 02:36:50.638368,2.65143,2.6521,68
1,2004-03-01 02:39:51.034904,2.65143,2.6522,64
1,2004-03-01 02:40:26.888140,2.65143,2.6522,65
1,2004-03-01 02:41:21.532824,2.65143,2.6522,66
1,2004-03-01 02:41:53.759617,2.65143,2.6521,67
1,2004-03-01 02:42:25.202460,2.65143,2.6521,68
1,2004-03-01 02:44:50.620481,2.65143,2.6522,65
1,2004-03-01 02:45:22.168308,2.65143,2.6522,64
1,2004-03-01 02:45:53.652340,2.65143,2.6522,65
1,2004-03-01 02:46:56.169335,2.65143,2.6522,65
1,2004-03-01 02:48:22.700215,2.65143,2.652,65
1,2004-03-01 02:48:50.636492,2.65143,2.652,65
1,2004-03-01 02:49:25.960680,2.65143,2.652,65
1,2004-03-01 02:50:28.140622,2.65143,2.652,66
1,2004-03-01 02:50:50.675285,2.65143,2.652,67
1,2004-03-01 02:52:24.592755,2.65143,2.652,65
1,2004-03-01 02:53:52.784816,2.65143,2.652,63
1,2004-03-01 02:55:22.764591,2.65143,2.652,64
1,2004-03-01 02:55:59.249359,2.65143,2.652,65
1,2004-03-01 02:56:28.626824,2.65143,2.652,65
1,2004-03-01 02:56:56.920403,2.65143,2.652,66
1,2004-03-01 02:57:23.810742,2.65143,2.652,67
1,2004-03-01 02:57:53.909761,2.65143,2.652,68
1,2004-03-01 02:58:20.674170,2.65143,2.6519,69
1,2004-03-01 02:59:29.503003,2.65143,2.652,68
1,2004-03-01 03:02:21.558893,2.65143,2.652,66
1,2004-03-01 03:03:23.925842,2.65143,2.6518,65
1,2004-03-01 03:04:21.878749,2.65143,2.6518,65
1,2004-03-01 03:05:24.785143,2.66332,2.652,65
1,2004-03-01 03:06:22.647121,2.65143,2.652,65
1,2004-03-01 03:06:54.712512,2.65143,2.652,65
1,2004-03-01 03:07:51.913722,2.65143,2.652,66
1,2004-03-01 03:08:53.946724,2.65143,2.652,66
1,2004-03-01 03:09:25.916826,2.65143,2.652,67
1,2004-03-01 03:10:52.736367,2.66332,2.6521,67
1,2004-03-01 03:11:27.197534,2.65143,2.6521,67
1,2004-03-01 03:11:53.864814,2.65143,2.6521,68
1,2004-03-01 03:12:24.192928,2.65143,2.6521,68
1,2004-03-01 03:12:54.012918,2.65143,2.6521,68
1,2004-03-01 03:13:23.817685,2.65143,2.6521,69
1,2004-03-01 03:14:22.706301,2.65143,2.6521,70
1,2004-03-01 03:14:58.168997,2.65143,2.6521,70
1,2004-03-01 03:15:26.195698,2.65143,2.6521,71
1,2004-03-01 03:16:20.705763,2.65143,2.6521,70
1,2004-03-01 03:16:59.233408,2.65143,2.6521,71
1,2004-03-01 03:17:28.329890,2.65143,2.6521,71
1,2004-03-01 03:18:52.776406,2.65143,2.6521,70
1,2004-03-01 03:19:27.218077,2.65143,2.6521,70
1,2004-03-01 03:20:52.813570,2.65143,2.6521,69
1,2004-03-01 03:22:30.550198,2.65143,2.6521,68
1,2004-03-01 03:22:58.701166,2.65143,2.652,68
1,2004-03-01 03:24:02.248812,2.65143,2.652,68
1,2004-03-01 03:24:22.834176,2.65143,2.6519,69
1,2004-03-01 03:24:52.802476,2.65143,2.6519,69
1,2004-03-01 03:25:29.196305,2.65143,2.6519,70
1,2004-03-01 03:26:01.137428,2.65143,2.6519,70
1,2004-03-01 03:26:32.372826,2.65143,2.6519,71
1,2004-03-01 03:26:56.961389,2.65143,2.6519,72
1,2004-03-01 03:27:32.706326,2.65143,2.6519,72
1,2004-03-01 03:28:01.595808,2.65143,2.6519,72
1,2004-03-01 03:28:23.975249,2.65143,2.6519,73
1,2004-03-01 03:28:50.857803,2.65143,2.6519,73
1,2004-03-01 03:29:21.713481,2.65143,2.6518,73
1,2004-03-01 03:29:55.952471,2.65143,2.6518,73
1,2004-03-01 03:30:58.246119,2.65143,2.6518,72
1,2004-03-01 03:31:59.439648,2.65143,2.6518,71
1,2004-03-01 03:32:21.752303,2.65143,2.6518,72
1,2004-03-01 03:33:03.665445,2.65143,2.6518,71
1,2004-03-01 03:34:01.963833,2.65143,2.6518,72
1,2004-03-01 03:34:24.046541,2.65143,2.6518,73
1,2004-03-01 03:34:53.850020,2.65143,2.6518,73
1,2004-03-01 03:35:50.759771,2.65143,2.6518,72
1,2004-03-01 03:37:52.001697,2.65143,2.6518,72
1,2004-03-01 03:38:51.533675,2.65143,2.6518,73
1,2004-03-01 03:39:29.408678,2.65143,2.6518,74
1,2004-03-01 03:39:57.255985,2.65143,2.6518,74
1,2004-03-01 03:40:50.648868,2.65143,2.6518,74
1,2004-03-01 03:41:30.923559,2.65143,2.6518,74
1,2004-03-01 03:41:53.949983,2.65143,2.6518,74
1,2004-03-01 03:42:29.603933,2.65143,2.6518,74
1,2004-03-01 03:42:51.864766,2.65143,2.6517,75
1,2004-03-01 03:43:50.839986,2.65143,2.6517,76
1,2004-03-01 03:45:22.961505,2.65143,2.6517,75
1,2004-03-01 03:49:51.816306,2.65143,2.6518,71
1,2004-03-01 03:51:01.538679,2.65143,2.6518,70
1,2004-03-01 03:51:23.285336,2.65143,2.6518,71
1,2004-03-01 03:51:54.560489,2.65143,2.6518,72
1,2004-03-01 03:52:30.116037,2.65143,2.6518,72
1,2004-03-01 03:52:58.426630,2.65143,2.6518,73
1,2004-03-01 03:53:30.450947,2.65143,2.6518,74
1,2004-03-01 03:56:26.345942,2.65143,2.6518,72
1,2004-03-01 03:56:53.858928,2.65143,2.6518,72
1,2004-03-01 03:57:53.967240,2.65143,2.6518,70
1,2004-03-01 03:58:56.157079,2.65143,2.6518,70
1,2004-03-01 04:03:51.889940,2.65143,2.6518,68
1,2004-03-01 04:05:20.884641,2.65143,2.6518,68
1,2004-03-01 04:05:54.102418,2.65143,2.6516,68
1,2004-03-01 04:06:21.274909,2.65143,2.6516,69
1,2004-03-01 04:06:57.566930,2.65143,2.6516,68
1,2004-03-01 04:07:24.614091,2.65143,2.6516,69
1,2004-03-01 04:08:02.408942,2.65143,2.6516,69
1,2004-03-01 04:08:25.004341,2.65143,2.6516,70
1,2004-03-01 04:08:53.765342,2.65143,2.6516,71
1,2004-03-01 04:09:26.326448,2.65143,2.6516,70
1,2004-03-01 04:09:50.733652,2.65143,2.6516,71
1,2004-03-01 04:10:28.433234,2.65143,2.6516,72
1,2004-03-01 04:10:51.869559,2.65143,2.6516,73
1,2004-03-01 04:11:22.788830,2.65143,2.6514,73
1,2004-03-01 04:12:30.362736,2.65143,2.6514,71
1,2004-03-01 04:13:00.677576,2.65143,2.6514,71
1,2004-03-01 04:13:23.040018,2.65143,2.6514,72
1,2004-03-01 04:14:25.096648,2.65143,2.6514,71
1,2004-03-01 04:15:26.378698,2.65143,2.6514,70
1,2004-03-01 04:16:26.229242,2.65143,2.6514,70
1,2004-03-01 04:16:57.521861,2.65143,2.6514,71
1,2004-03-01 04:17:23.048632,2.65143,2.6514,71
1,2004-03-01 04:18:27.364925,2.65143,2.6514,71
1,2004-03-01 04:18:51.786024,2.65143,2.6514,72
1,2004-03-01 04:20:24.244452,2.65143,2.6514,71
1,2004-03-01 04:20:53.963375,2.65143,2.6514,71
1,2004-03-01 04:21:33.174943,2.65143,2.6514,72
1,2004-03-01 04:22:53.435989,2.65143,2.6514,72
1,2004-03-01 04:23:50.761163,2.65143,2.6514,72
1,2004-03-01 04:24:24.027126,2.65143,2.6514,71
1,2004-03-01 04:24:54.088179,2.65143,2.6514,71
1,2004-03-01 04:27:29.764745,2.65143,2.6514,68
1,2004-03-01 04:27:54.006347,2.65143,2.6514,68
1,2004-03-01 04:29:31.943409,2.65143,2.6514,65
1,2004-03-01 04:29:51.047361,2.65143,2.6514,66
1,2004-03-01 04:30:55.117533,2.65143,2.6514,66
1,2004-03-01 04:31:20.793326,2.65143,2.6514,66
1,2004-03-01 04:31:57.317029,2.65143,2.6514,67
1,2004-03-01 04:32:20.795767,2.65143,2.6514,67
1,2004-03-01 04:32:56.360194,2.65143,2.6514,67
1,2004-03-01 04:33:27.350570,2.65143,2.6514,67
1,2004-03-01 04:33:52.110881,2.65143,2.6514,68
1,2004-03-01 04:34:28.421978,2.65143,2.6514,67
1,2004-03-01 04:34:58.938809,2.65143,2.6514,67
1,2004-03-01 04:35:21.538071,2.65143,2.6514,68
1,2004-03-01 04:35:51.575136,2.65143,2.6514,68
1,2004-03-01 04:36:20.806411,2.65143,2.6514,69
1,2004-03-01 04:36:59.062890,2.65143,2.6514,70
1,2004-03-01 04:39:31.952710,2.65143,2.6514,68
1,2004-03-01 04:40:21.607509,2.65143,2.6514,68
1,2004-03-01 04:43:30.713710,2.65143,2.6514,64
1,2004-03-01 04:44:57.323524,2.65143,2.6514,64
1,2004-03-01 04:46:51.345005,2.65143,2.6514,64
1,2004-03-01 04:48:21.723018,2.65143,2.6514,65
1,2004-03-01 04:48:51.014067,2.65143,2.6514,66
1,2004-03-01 04:50:20.856864,2.65143,2.6514,66
1,2004-03-01 04:54:21.632500,2.65143,2.6514,61
1,2004-03-01 04:55:22.880648,2.65143,2.6514,62
1,2004-03-01 04:55:57.546217,2.65143,2.6514,63
1,2004-03-01 04:56:20.868331,2.65143,2.6514,64
1,2004-03-01 04:58:27.422377,2.65143,2.6514,62
1,2004-03-01 04:58:53.372221,2.65143,2.6514,63
1,2004-03-01 04:59:31.131008,2.65143,2.6514,63
1,2004-03-01 05:02:28.198628,2.65143,2.6514,64
1,2004-03-01 05:03:27.881646,2.65143,2.6514,65
1,2004-03-01 05:04:56.274561,2.65143,2.6514,65
1,2004-03-01 05:06:21.217415,2.65143,2.6514,64
1,2004-03-01 05:07:31.867856,2.65143,2.6514,62
1,2004-03-01 05:08:21.432285,2.65143,2.6514,62
1,2004-03-01 05:08:51.168617,2.65143,2.6514,62
1,2004-03-01 05:09:32.453178,2.65143,2.6514,61
1,2004-03-01 05:09:55.452375,2.65143,2.6514,61
1,2004-03-01 05:10:55.372561,2.65143,2.6514,60
1,2004-03-01 05:13:57.486312,2.65143,2.6514,57
1,2004-03-01 05:14:25.339651,2.65143,2.6514,57
1,2004-03-01 05:14:50.925095,2.65143,2.6514,58
1,2004-03-01 05:15:50.932617,2.63964,2.6512,58
1,2004-03-01 05:18:51.024309,2.65143,2.6512,55
1,2004-03-01 05:20:31.996886,2.65143,2.6512,54
1,2004-03-01 05:20:59.676049,2.65143,2.6512,54
1,2004-03-01 05:21:25.334043,2.65143,2.6512,55
1,2004-03-01 05:21:52.204969,2.65143,2.6512,55
1,2004-03-01 05:22:27.040686,2.65143,2.6512,56
1,2004-03-01 05:23:52.960459,2.65143,2.6512,55
1,2004-03-01 05:24:27.680219,2.65143,2.6512,55
1,2004-03-01 05:24:50.809369,2.65143,2.6512,56
1,2004-03-01 05:25:59.736005,2.65143,2.6512,56
1,2004-03-01 05:26:57.638116,2.65143,2.6512,57
1,2004-03-01 05:28:26.242604,2.65143,2.6512,56
1,2004-03-01 05:30:21.978365,2.65143,2.6512,55
1,2004-03-01 05:30:56.443575,2.65143,2.6512,55
1,2004-03-01 05:31:50.947233,2.65143,2.6512,55
1,2004-03-01 05:32:27.936694,2.65143,2.6512,54
1,2004-03-01 05:32:51.963592,2.65143,2.6512,55
1,2004-03-01 05:34:04.639991,2.65143,2.6512,53
1,2004-03-01 05:35:56.606711,2.65143,2.6512,50
1,2004-03-01 05:36:57.671299,2.65143,2.6512,50
1,2004-03-01 05:37:28.366954,2.65143,2.6512,50
1,2004-03-01 05:37:59.477974,2.65143,2.6512,51
1,2004-03-01 05:38:55.584339,2.65143,2.6512,52
1,2004-03-01 05:39:29.774212,2.65143,2.6512,53
1,2004-03-01 05:40:01.197464,2.65143,2.6512,53
1,2004-03-01 05:41:28.529460,2.65143,2.6512,53
1,2004-03-01 05:42:22.129774,2.65143,2.6512,54
1,2004-03-01 05:42:54.242666,2.65143,2.6512,55
1,2004-03-01 05:45:24.437545,2.65143,2.6512,54
1,2004-03-01 05:46:02.469086,2.65143,2.6512,55
1,2004-03-01 05:46:29.941754,2.65143,2.6512,56
1,2004-03-01 05:47:51.973199,2.65143,2.6512,56
1,2004-03-01 05:48:30.985033,2.65143,2.6512,56
1,2004-03-01 05:48:51.990367,2.65143,2.6512,56
1,2004-03-01 05:49:25.467378,2.65143,2.6512,57
1,2004-03-01 05:49:51.998661,2.65143,2.6512,58
1,2004-03-01 05:50:24.193024,2.65143,2.6512,58
1,2004-03-01 05:51:25.295787,2.63964,2.651,59
1,2004-03-01 05:52:02.378985,2.65143,2.651,60
1,2004-03-01 05:52:35.932284,2.65143,2.651,61
1,2004-03-01 05:53:25.909680,2.65143,2.651,62
1,2004-03-01 05:54:53.064607,2.63964,2.6509,62
1,2004-03-01 05:56:25.911861,2.65143,2.6508,60
1,2004-03-01 05:58:27.835962,2.65143,2.6508,60
1,2004-03-01 05:59:01.475603,2.65143,2.6508,60
1,2004-03-01 05:59:26.444022,2.63964,2.6507,61
1,2004-03-01 05:59:54.117569,2.63964,2.6505,61
1,2004-03-01 06:00:25.214017,2.65143,2.6505,62
1,2004-03-01 06:00:54.258320,2.63964,2.6503,63
1,2004-03-01 06:01:57.651770,2.65143,2.6503,64
1,2004-03-01 06:03:28.184832,2.65143,2.6503,63
1,2004-03-01 06:03:53.096918,2.65143,2.6503,64
1,2004-03-01 06:04:25.362412,2.65143,2.6503,65
1,2004-03-01 06:05:04.033543,2.63964,2.6502,65
1,2004-03-01 06:05:50.794026,2.65143,2.6502,66
1,2004-03-01 06:06:24.586407,2.65143,2.6502,66
1,2004-03-01 06:06:51.972779,2.65143,2.6502,67
1,2004-03-01 06:07:29.378478,2.65143,2.6502,68
1,2004-03-01 06:08:28.830563,2.63964,2.65,67
1,2004-03-01 06:08:50.931597,2.65143,2.65,68
1,2004-03-01 06:09:28.942682,2.65143,2.65,68
1,2004-03-01 06:10:59.115686,2.65143,2.65,66
1,2004-03-01 06:12:23.271331,2.65143,2.65,67
1,2004-03-01 06:12:53.179813,2.65143,2.65,68
1,2004-03-01 06:13:53.275952,2.65143,2.6501,69
1,2004-03-01 06:14:28.812838,2.65143,2.65,68
1,2004-03-01 06:15:00.194562,2.65143,2.65,68
1,2004-03-01 06:15:32.937776,2.65143,2.6501,69
1,2004-03-01 06:15:53.268835,2.65143,2.6502,69
1,2004-03-01 06:16:22.045544,2.65143,2.6503,70
1,2004-03-01 06:17:23.180780,2.65143,2.6503,71
1,2004-03-01 06:18:20.956200,2.65143,2.6503,72
1,2004-03-01 06:18:51.983272,2.65143,2.6503,72
1,2004-03-01 06:19:31.215834,2.65143,2.6503,73
1,2004-03-01 06:19:52.076750,2.65143,2.6503,74
1,2004-03-01 06:20:33.461262,2.65143,2.6503,74
1,2004-03-01 06:21:55.178184,2.63964,2.6501,72
1,2004-03-01 06:22:26.528846,2.63964,2.65,73
1,2004-03-01 06:22:52.382830,2.63964,2.6498,73
1,2004-03-01 06:23:58.885339,2.63964,2.6497,73
1,2004-03-01 06:24:21.000572,2.65143,2.6497,74
1,2004-03-01 06:25:29.229864,2.65143,2.6497,73
1,2004-03-01 06:25:51.146159,2.65143,2.6497,74
1,2004-03-01 06:26:20.965874,2.65143,2.6497,74
1,2004-03-01 06:26:56.594478,2.65143,2.6497,75
1,2004-03-01 06:27:53.450344,2.65143,2.6497,75
1,2004-03-01 06:28:54.481446,2.63964,2.6495,75
1,2004-03-01 06:29:25.586491,2.65143,2.6496,76
1,2004-03-01 06:31:53.141610,2.65143,2.6495,74
1,2004-03-01 06:34:59.098423,2.63964,2.6493,72
1,2004-03-01 06:37:23.648018,2.65143,2.6493,71
1,2004-03-01 06:37:58.953023,2.65143,2.6493,71
1,2004-03-01 06:38:21.928335,2.65143,2.6493,71
1,2004-03-01 06:38:52.088871,2.63964,2.6491,72
1,2004-03-01 06:39:26.694081,2.63964,2.649,72
1,2004-03-01 06:39:51.147463,2.65143,2.649,72
1,2004-03-01 06:40:25.660505,2.65143,2.649,72
1,2004-03-01 06:40:57.748065,2.65143,2.649,73
1,2004-03-01 06:41:26.658246,2.65143,2.649,74
1,2004-03-01 06:42:24.360221,2.65143,2.649,73
1,2004-03-01 06:42:55.573863,2.65143,2.649,73
1,2004-03-01 06:43:26.607658,2.63964,2.6489,74
1,2004-03-01 06:43:52.020100,2.65143,2.6489,75
1,2004-03-01 06:44:31.104282,2.65143,2.6489,76
1,2004-03-01 06:45:04.669129,2.65143,2.649,77
1,2004-03-01 06:45:51.029978,2.65143,2.649,77
1,2004-03-01 06:46:22.114299,2.63964,2.6488,77
1,2004-03-01 06:46:55.933837,2.65143,2.6488,77
1,2004-03-01 06:48:28.924510,2.65143,2.6488,77
1,2004-03-01 06:48:52.161136,2.65143,2.6488,76
1,2004-03-01 06:49:27.870384,2.65143,2.6488,76
1,2004-03-01 06:49:55.535616,2.63964,2.6486,76
1,2004-03-01 06:50:24.481208,2.65143,2.6486,76
1,2004-03-01 06:50:59.047707,2.65143,2.6487,77
1,2004-03-01 06:51:56.664581,2.65143,2.6488,77
1,2004-03-01 06:52:22.466713,2.63964,2.6487,77
1,2004-03-01 06:53:26.802747,2.63964,2.6485,76
1,2004-03-01 06:54:31.154947,2.65143,2.6485,77
1,2004-03-01 06:55:25.706849,2.63964,2.6485,77
1,2004-03-01 06:56:23.511621,2.63964,2.6484,78
1,2004-03-01 06:56:53.522438,2.65143,2.6484,78
1,2004-03-01 06:57:23.683717,2.65143,2.6484,79
1,2004-03-01 06:57:55.693779,2.63964,2.6483,80
1,2004-03-01 06:58:52.140492,2.65143,2.6483,80
1,2004-03-01 06:59:21.068814,2.63964,2.6482,80
1,2004-03-01 06:59:52.404240,2.63964,2.6482,80
1,2004-03-01 07:00:21.927094,2.63964,2.6482,80
1,2004-03-01 07:02:23.263202,2.65143,2.6483,78
1,2004-03-01 07:03:24.588746,2.65143,2.6483,79
1,2004-03-01 07:04:55.646265,2.66332,2.6484,77
1,2004-03-01 07:05:23.371784,2.67532,2.6488,77
1,2004-03-01 07:06:24.472117,2.66332,2.649,77
1,2004-03-01 07:07:28.434299,2.66332,2.6491,76
1,2004-03-01 07:07:53.512363,2.66332,2.6493,76
1,2004-03-01 07:08:23.268399,2.67532,2.6496,77
1,2004-03-01 07:09:23.234229,2.67532,2.6501,76
1,2004-03-01 07:10:53.410412,2.67532,2.6504,76
1,2004-03-01 07:12:04.985146,2.68742,2.6508,76
1,2004-03-01 07:12:58.128750,2.67532,2.6511,75
1,2004-03-01 07:13:22.121817,2.68742,2.6516,76
1,2004-03-01 07:13:56.927518,2.67532,2.6519,76
1,2004-03-01 07:14:24.638578,2.67532,2.6522,77
1,2004-03-01 07:14:57.966880,2.68742,2.6527,77
1,2004-03-01 07:15:56.812149,2.67532,2.6531,75
1,2004-03-01 07:16:26.794277,2.67532,2.6534,75
1,2004-03-01 07:17:24.471896,2.67532,2.6537,75
1,2004-03-01 07:18:23.383053,2.68742,2.6542,75
1,2004-03-01 07:19:59.629433,2.68742,2.6548,73
1,2004-03-01 07:20:28.101091,2.67532,2.655,74
1,2004-03-01 07:22:05.541514,2.67532,2.6556,73
1,2004-03-01 07:22:23.806529,2.67532,2.6558,74
1,2004-03-01 07:23:30.354635,2.67532,2.6565,73
1,2004-03-01 07:23:58.245339,2.68742,2.657,74
1,2004-03-01 07:25:30.652856,2.67532,2.6576,72
1,2004-03-01 07:26:00.991477,2.68742,2.6581,72
1,2004-03-01 07:26:22.161766,2.68742,2.6586,72
1,2004-03-01 07:26:53.273293,2.68742,2.659,73
1,2004-03-01 07:27:28.262515,2.67532,2.6593,73
1,2004-03-01 07:28:30.456042,2.68742,2.6598,73
1,2004-03-01 07:28:52.185835,2.68742,2.6602,74
1,2004-03-01 07:29:22.005887,2.67532,2.6607,74
1,2004-03-01 07:29:52.290190,2.68742,2.6612,74
1,2004-03-01 07:30:29.492262,2.68742,2.6615,75
1,2004-03-01 07:31:22.062625,2.67532,2.6617,76
1,2004-03-01 07:33:29.684864,2.68742,2.6622,76
1,2004-03-01 07:33:51.283364,2.67532,2.6623,77
1,2004-03-01 07:35:21.155015,2.68742,2.663,77
1,2004-03-01 07:36:03.163016,2.67532,2.6631,78
1,2004-03-01 07:36:23.320335,2.67532,2.6633,79
1,2004-03-01 07:36:51.163758,2.68742,2.6636,80
1,2004-03-01 07:37:21.186440,2.68742,2.6639,81
1,2004-03-01 07:37:59.798392,2.68742,2.6645,80
1,2004-03-01 07:39:22.030871,2.68742,2.6652,79
1,2004-03-01 07:39:54.498018,2.68742,2.666,78
1,2004-03-01 07:40:21.525159,2.68742,2.6663,79
1,2004-03-01 07:40:55.785648,2.68742,2.6668,79
1,2004-03-01 07:41:52.152799,2.68742,2.6674,78
1,2004-03-01 07:42:21.325407,2.67532,2.6675,79
1,2004-03-01 07:42:59.370015,2.67532,2.668,78
1,2004-03-01 07:43:24.407034,2.68742,2.6683,79
1,2004-03-01 07:44:21.816272,2.67532,2.669,78
1,2004-03-01 07:44:52.206457,2.68742,2.6694,78
1,2004-03-01 07:45:21.231872,2.68742,2.6699,78
1,2004-03-01 07:45:53.221995,2.67532,2.6702,78
1,2004-03-01 07:46:53.406724,2.68742,2.6708,78
1,2004-03-01 07:47:24.869277,2.67532,2.6711,78
1,2004-03-01 07:48:21.256019,2.67532,2.6712,79
1,2004-03-01 07:48:59.180011,2.67532,2.6717,78
1,2004-03-01 07:49:51.547563,2.68742,2.6722,78
1,2004-03-01 07:50:25.761480,2.68742,2.6731,77
1,2004-03-01 07:50:52.107077,2.68742,2.6732,78
1,2004-03-01 07:51:57.012909,2.67532,2.6738,77
1,2004-03-01 07:52:21.629330,2.68742,2.674,78
1,2004-03-01 07:52:52.036967,2.68742,2.6746,78
1,2004-03-01 07:53:23.310013,2.68742,2.6748,79
1,2004-03-01 07:53:51.327308,2.68742,2.6754,79
1,2004-03-01 07:54:52.189396,2.67532,2.6757,79
1,2004-03-01 07:55:26.505475,2.68742,2.6763,79
1,2004-03-01 07:56:01.679022,2.68742,2.6764,80
1,2004-03-01 07:56:21.707413,2.67532,2.6764,81
1,2004-03-01 07:56:52.144907,2.68742,2.677,81
1,2004-03-01 07:57:23.448238,2.68742,2.6775,81
1,2004-03-01 07:57:57.115609,2.67532,2.6782,80
1,2004-03-01 07:58:57.293088,2.68742,2.6787,80
1,2004-03-01 07:59:21.096350,2.68742,2.6793,80
1,2004-03-01 08:00:21.108576,2.68742,2.6799,80
1,2004-03-01 08:02:22.545313,2.67532,2.6803,80
1,2004-03-01 08:02:54.646625,2.67532,2.6806,80
1,2004-03-01 08:03:51.651691,2.68742,2.6811,80
1,2004-03-01 08:04:25.950218,2.68742,2.6812,81
1,2004-03-01 08:04:56.673661,2.68742,2.6814,81
1,2004-03-01 08:05:31.713755,2.68742,2.6816,81
1,2004-03-01 08:06:00.553116,2.67532,2.6815,82
1,2004-03-01 08:06:21.385118,2.67532,2.6814,83
1,2004-03-01 08:07:24.048208,2.67532,2.6816,83
1,2004-03-01 08:07:51.631173,2.68742,2.6819,83
1,2004-03-01 08:08:59.537656,2.68742,2.6823,82
1,2004-03-01 08:09:56.073993,2.68742,2.6824,82
1,2004-03-01 08:10:54.483536,2.67532,2.6824,82
1,2004-03-01 08:12:21.161189,2.67532,2.6823,82
1,2004-03-01 08:12:53.425786,2.68742,2.6823,83
1,2004-03-01 08:13:32.136983,2.67532,2.6823,82
1,2004-03-01 08:14:01.007960,2.68742,2.6824,82
1,2004-03-01 08:14:24.970747,2.68742,2.6826,82
1,2004-03-01 08:14:52.483005,2.68742,2.6826,83
1,2004-03-01 08:15:22.424302,2.68742,2.6826,83
1,2004-03-01 08:16:06.654220,2.68742,2.6828,83
1,2004-03-01 08:16:25.877493,2.67532,2.6827,84
1,2004-03-01 08:16:52.238272,2.68742,2.6828,84
1,2004-03-01 08:17:22.537601,2.68742,2.6829,85
1,2004-03-01 08:17:53.810270,2.68742,2.683,85
1,2004-03-01 08:18:24.679682,2.68742,2.683,85
1,2004-03-01 08:18:57.108203,2.68742,2.6831,86
1,2004-03-01 08:19:21.210472,2.67532,2.683,87
1,2004-03-01 08:19:58.200915,2.68742,2.683,88
1,2004-03-01 08:20:21.435523,2.67532,2.6829,88
1,2004-03-01 08:20:53.864145,2.67532,2.6829,88
1,2004-03-01 08:21:31.653119,2.68742,2.6829,89
1,2004-03-01 08:21:56.986288,2.68742,2.683,90
1,2004-03-01 08:22:34.145499,2.68742,2.6832,89
1,2004-03-01 08:23:22.532718,2.68742,2.6833,90
1,2004-03-01 08:24:23.455719,2.68742,2.6833,89
1,2004-03-01 08:24:57.053795,2.68742,2.6834,90
1,2004-03-01 08:25:27.393217,2.68742,2.6834,91
1,2004-03-01 08:25:51.166304,2.68742,2.6836,91
1,2004-03-01 08:26:36.045729,2.68742,2.6835,90
1,2004-03-01 08:27:23.442529,2.68742,2.6835,90
1,2004-03-01 08:28:00.796845,2.68742,2.6837,90
1,2004-03-01 08:28:30.862396,2.68742,2.6837,90
1,2004-03-01 08:28:59.353719,2.68742,2.6837,90
1,2004-03-01 08:29:24.641460,2.68742,2.6838,90
1,2004-03-01 08:30:05.329861,2.68742,2.6838,90
1,2004-03-01 08:30:31.186234,2.68742,2.6838,90
1,2004-03-01 08:30:53.505717,2.68742,2.6838,91
1,2004-03-01 08:31:25.723673,2.68742,2.684,91
1,2004-03-01 08:31:52.304620,2.67532,2.6839,92
1,2004-03-01 08:32:55.037691,2.68742,2.6839,93
1,2004-03-01 08:33:23.451572,2.67532,2.6838,94
1,2004-03-01 08:34:01.913907,2.68742,2.6839,93
1,2004-03-01 08:35:23.415378,2.68742,2.6839,93
1,2004-03-01 08:35:51.340885,2.68742,2.6839,94
1,2004-03-01 08:36:57.044963,2.68742,2.6841,92
1,2004-03-01 08:38:05.922238,2.68742,2.6841,91
1,2004-03-01 08:38:28.222490,2.68742,2.6841,92
1,2004-03-01 08:39:25.990220,2.68742,2.6841,92
1,2004-03-01 08:39:55.871129,2.68742,2.6841,92
1,2004-03-01 08:40:28.342242,2.68742,2.6841,92
1,2004-03-01 08:40:52.301798,2.68742,2.6842,93
1,2004-03-01 08:41:30.667743,2.68742,2.6842,93
1,2004-03-01 08:41:54.887130,2.67532,2.684,93
1,2004-03-01 08:42:21.202473,2.67532,2.6839,94
1,2004-03-01 08:42:51.217098,2.68742,2.6841,94
1,2004-03-01 08:43:25.010284,2.68742,2.6842,93
1,2004-03-01 08:44:05.594084,2.68742,2.6842,94
1,2004-03-01 08:44:53.462959,2.68742,2.6843,93
1,2004-03-01 08:45:29.532546,2.68742,2.6843,93
1,2004-03-01 08:45:51.315554,2.68742,2.6843,94
1,2004-03-01 08:46:57.109145,2.68742,2.6844,93
1,2004-03-01 08:47:22.197666,2.67532,2.6843,94
1,2004-03-01 08:47:54.650306,2.68742,2.6845,94
1,2004-03-01 08:49:04.334165,2.68742,2.6847,93
1,2004-03-01 08:49:23.400491,2.68742,2.6847,94
1,2004-03-01 08:49:53.684323,2.68742,2.6847,94
1,2004-03-01 08:50:28.442726,2.68742,2.6847,94
1,2004-03-01 08:50:55.305461,2.68742,2.6847,94
1,2004-03-01 08:51:31.609401,2.68742,2.6847,95
1,2004-03-01 08:51:54.025668,2.68742,2.6848,96
1,2004-03-01 08:53:31.397081,2.68742,2.6848,93
1,2004-03-01 08:54:51.256676,2.68742,2.6848,93
1,2004-03-01 08:55:29.573010,2.68742,2.6849,92
1,2004-03-01 08:55:58.376001,2.68742,2.6849,93
1,2004-03-01 08:56:58.788991,2.68742,2.685,91
1,2004-03-01 08:58:30.781099,2.68742,2.6851,90
1,2004-03-01 08:58:55.798507,2.68742,2.6852,91
1,2004-03-01 08:59:23.584085,2.68742,2.6851,90
1,2004-03-01 09:01:24.788123,2.68742,2.6851,90
1,2004-03-01 09:01:54.837011,2.68742,2.6852,91
1,2004-03-01 09:02:23.567246,2.68742,2.6853,91
1,2004-03-01 09:02:53.568197,2.68742,2.6853,92
1,2004-03-01 09:04:32.046676,2.68742,2.6854,90
1,2004-03-01 09:04:52.436531,2.68742,2.6854,91
1,2004-03-01 09:05:34.375540,2.68742,2.6854,90
1,2004-03-01 09:09:03.273690,2.68742,2.6857,86
1,2004-03-01 09:09:51.309361,2.67532,2.6856,87
1,2004-03-01 09:10:27.013683,2.68742,2.6856,87
1,2004-03-01 09:10:52.082469,2.68742,2.6856,88
1,2004-03-01 09:11:21.337273,2.68742,2.6858,88
1,2004-03-01 09:11:57.351291,2.68742,2.6858,89
1,2004-03-01 09:12:52.442654,2.68742,2.6859,89
1,2004-03-01 09:13:24.854776,2.68742,2.6859,89
1,2004-03-01 09:13:59.433621,2.68742,2.6861,89
1,2004-03-01 09:14:32.012057,2.67532,2.6859,88
1,2004-03-01 09:14:54.394766,2.68742,2.6859,88
1,2004-03-01 09:15:25.976665,2.68742,2.6859,88
1,2004-03-01 09:16:00.859589,2.68742,2.6859,89
1,2004-03-01 09:16:28.176022,2.68742,2.686,88
1,2004-03-01 09:17:26.202442,2.68742,2.686,87
1,2004-03-01 09:18:00.822343,2.68742,2.686,87
1,2004-03-01 09:18:30.980243,2.68742,2.686,87
1,2004-03-01 09:18:58.465370,2.69964,2.6862,87
1,2004-03-01 09:19:34.826664,2.68742,2.6863,87
1,2004-03-01 09:21:26.099151,2.69964,2.6867,85
1,2004-03-01 09:21:52.153734,2.68742,2.6867,85
1,2004-03-01 09:22:52.633093,2.69964,2.6868,84
1,2004-03-01 09:23:25.911606,2.69964,2.687,84
1,2004-03-01 09:24:29.785303,2.69964,2.6871,84
1,2004-03-01 09:24:51.361000,2.68742,2.6871,85
1,2004-03-01 09:26:29.701642,2.69964,2.6873,83
1,2004-03-01 09:26:55.702972,2.69964,2.6874,83
1,2004-03-01 09:27:53.701266,2.68742,2.6874,83
1,2004-03-01 09:28:30.867783,2.69964,2.6876,82
1,2004-03-01 09:28:59.664487,2.68742,2.6876,82
1,2004-03-01 09:29:59.594914,2.68742,2.6876,82
1,2004-03-01 09:30:26.056548,2.69964,2.6877,82
1,2004-03-01 09:32:32.114187,2.68742,2.6879,79
1,2004-03-01 09:32:52.364123,2.69964,2.688,80
1,2004-03-01 09:33:26.312830,2.68742,2.6882,79
1,2004-03-01 09:33:55.157647,2.68742,2.6882,80
1,2004-03-01 09:34:28.452936,2.68742,2.6882,80
1,2004-03-01 09:35:03.906049,2.69964,2.6883,81
1,2004-03-01 09:35:28.449350,2.68742,2.6883,81
1,2004-03-01 09:35:57.364519,2.69964,2.6885,81
1,2004-03-01 09:36:28.571441,2.68742,2.6885,82
1,2004-03-01 09:36:54.189895,2.68742,2.6885,83
1,2004-03-01 09:37:59.580287,2.69964,2.6886,83
1,2004-03-01 09:38:26.083959,2.68742,2.6886,83
1,2004-03-01 09:38:51.226284,2.68742,2.6886,83
1,2004-03-01 09:39:31.037169,2.69964,2.6888,83
1,2004-03-01 09:40:29.705342,2.69964,2.6889,82
1,2004-03-01 09:40:57.310287,2.69964,2.6891,82
1,2004-03-01 09:41:28.781763,2.68742,2.689,83
1,2004-03-01 09:42:26.119387,2.68742,2.6894,81
1,2004-03-01 09:43:52.776641,2.68742,2.6894,80
1,2004-03-01 09:44:21.236805,2.69964,2.6896,80
1,2004-03-01 09:45:56.396479,2.69964,2.6898,78
1,2004-03-01 09:46:27.537516,2.69964,2.6899,79
1,2004-03-01 09:46:56.120435,2.68742,2.6899,80
1,2004-03-01 09:47:27.472339,2.68742,2.6901,79
1,2004-03-01 09:48:23.675950,2.68742,2.6901,79
1,2004-03-01 09:49:54.758590,2.68742,2.6901,77
1,2004-03-01 09:50:33.470089,2.68742,2.6901,77
1,2004-03-01 09:50:58.816760,2.69964,2.6903,77
1,2004-03-01 09:52:33.734378,2.69964,2.6905,76
1,2004-03-01 09:53:00.511071,2.69964,2.6906,77
1,2004-03-01 09:54:03.486046,2.68742,2.6906,77
1,2004-03-01 09:54:51.276530,2.69964,2.6908,77
1,2004-03-01 09:55:21.271634,2.69964,2.6909,78
1,2004-03-01 09:56:01.091134,2.68742,2.6909,77
1,2004-03-01 09:56:28.520814,2.69964,2.691,78
1,2004-03-01 09:57:21.859339,2.69964,2.6912,78
1,2004-03-01 09:57:51.276871,2.69964,2.6913,79
1,2004-03-01 09:58:29.964277,2.69964,2.6914,80
1,2004-03-01 09:58:55.105813,2.69964,2.6915,80
1,2004-03-01 09:59:24.916199,2.69964,2.6918,79
1,2004-03-01 09:59:54.822186,2.68742,2.6917,80
1,2004-03-01 10:00:21.860587,2.68742,2.6916,81
1,2004-03-01 10:00:51.317581,2.69964,2.6917,82
1,2004-03-01 10:01:26.276085,2.69964,2.6919,82
1,2004-03-01 10:02:21.288488,2.68742,2.6919,82
1,2004-03-01 10:02:57.365784,2.69964,2.6921,81
1,2004-03-01 10:03:56.253408,2.69964,2.6922,82
1,2004-03-01 10:04:26.226645,2.69964,2.6923,83
1,2004-03-01 10:04:53.635383,2.69964,2.6925,82
1,2004-03-01 10:05:52.564354,2.68742,2.6925,82
1,2004-03-01 10:06:21.338310,2.69964,2.6926,83
1,2004-03-01 10:06:52.783420,2.69964,2.6927,84
1,2004-03-01 10:07:28.773871,2.69964,2.6927,85
1,2004-03-01 10:07:55.353378,2.69964,2.6928,86
1,2004-03-01 10:08:58.763697,2.69964,2.6929,87
1,2004-03-01 10:09:28.706794,2.69964,2.693,87
1,2004-03-01 10:09:54.270710,2.69964,2.6933,87
1,2004-03-01 10:10:28.898776,2.69964,2.6935,87
1,2004-03-01 10:10:51.313056,2.68742,2.6934,88
1,2004-03-01 10:11:29.908875,2.69964,2.6936,87
1,2004-03-01 10:12:57.674630,2.69964,2.6938,86
1,2004-03-01 10:13:21.313643,2.69964,2.6939,87
1,2004-03-01 10:13:52.833746,2.69964,2.694,87
1,2004-03-01 10:14:21.334758,2.69964,2.6942,87
1,2004-03-01 10:15:03.679147,2.69964,2.6945,86
1,2004-03-01 10:15:29.090934,2.69964,2.6947,86
1,2004-03-01 10:15:52.609993,2.69964,2.6947,87
1,2004-03-01 10:17:25.982973,2.69964,2.695,86
1,2004-03-01 10:17:59.162166,2.69964,2.6951,86
1,2004-03-01 10:18:27.745166,2.69964,2.6952,86
1,2004-03-01 10:18:51.340407,2.69964,2.6954,86
1,2004-03-01 10:19:32.779660,2.69964,2.6954,86
1,2004-03-01 10:20:52.551675,2.69964,2.6955,86
1,2004-03-01 10:21:58.740358,2.69964,2.6956,85
1,2004-03-01 10:22:30.431442,2.69964,2.6957,86
1,2004-03-01 10:22:54.297600,2.69964,2.6957,86
1,2004-03-01 10:23:32.064993,2.69964,2.6957,86
1,2004-03-01 10:24:06.214717,2.69964,2.6957,87
1,2004-03-01 10:24:27.739857,2.69964,2.6958,88
1,2004-03-01 10:25:02.386638,2.69964,2.6958,87
1,2004-03-01 10:26:27.402533,2.69964,2.6959,88
1,2004-03-01 10:26:54.895306,2.69964,2.6959,88
1,2004-03-01 10:27:28.628165,2.69964,2.6959,88
1,2004-03-01 10:28:59.784763,2.69964,2.6961,86
1,2004-03-01 10:30:00.036806,2.69964,2.6962,86
1,2004-03-01 10:30:24.981846,2.69964,2.6963,87
1,2004-03-01 10:30:51.390313,2.69964,2.6963,87
1,2004-03-01 10:31:55.365334,2.69964,2.6963,88
1,2004-03-01 10:32:31.218633,2.69964,2.6963,89
1,2004-03-01 10:32:51.562675,2.68742,2.6963,89
1,2004-03-01 10:33:25.153829,2.69964,2.6963,89
1,2004-03-01 10:33:59.015039,2.69964,2.6966,88
1,2004-03-01 10:34:23.640182,2.69964,2.6966,89
1,2004-03-01 10:34:54.828762,2.69964,2.6968,89
1,2004-03-01 10:35:23.893688,2.69964,2.6968,89
1,2004-03-01 10:35:52.816818,2.69964,2.6969,89
1,2004-03-01 10:36:32.424676,2.68742,2.6969,88
1,2004-03-01 10:36:54.200991,2.69964,2.697,88
1,2004-03-01 10:37:32.182828,2.69964,2.697,89
1,2004-03-01 10:37:52.822451,2.69964,2.6971,90
1,2004-03-01 10:38:32.868114,2.69964,2.6972,89
1,2004-03-01 10:38:52.509631,2.69964,2.6973,89
1,2004-03-01 10:39:31.148475,2.68742,2.6972,89
1,2004-03-01 10:39:51.493080,2.69964,2.6972,90
1,2004-03-01 10:40:26.378238,2.69964,2.6972,91
1,2004-03-01 10:41:00.309368,2.69964,2.6972,90
1,2004-03-01 10:41:26.174452,2.69964,2.6972,91
1,2004-03-01 10:42:22.594092,2.69964,2.6974,91
1,2004-03-01 10:42:53.683252,2.69964,2.6975,91
1,2004-03-01 10:43:25.354333,2.68742,2.6974,92
1,2004-03-01 10:44:02.777605,2.69964,2.6975,92
1,2004-03-01 10:44:28.746495,2.69964,2.6975,92
1,2004-03-01 10:45:00.147561,2.69964,2.6975,93
1,2004-03-01 10:45:23.908379,2.69964,2.6976,94
1,2004-03-01 10:46:03.508732,2.69964,2.6976,94
1,2004-03-01 10:46:25.045687,2.69964,2.6976,95
1,2004-03-01 10:46:52.586063,2.69964,2.6976,95
1,2004-03-01 10:47:28.874645,2.69964,2.6978,94
1,2004-03-01 10:47:59.196380,2.69964,2.6978,95
1,2004-03-01 10:49:23.710987,2.69964,2.698,95
1,2004-03-01 10:49:52.418113,2.69964,2.698,96
1,2004-03-01 10:50:25.054165,2.69964,2.6981,96
1,2004-03-01 10:50:55.284129,2.69964,2.6982,96
1,2004-03-01 10:51:22.602667,2.69964,2.6982,96
1,2004-03-01 10:52:31.527313,2.69964,2.6983,97
1,2004-03-01 10:53:02.109442,2.69964,2.6982,96
1,2004-03-01 10:53:59.920871,2.69964,2.6983,97
1,2004-03-01 10:54:29.152260,2.69964,2.6984,97
1,2004-03-01 10:54:52.677821,2.69964,2.6984,97
1,2004-03-01 10:55:22.165295,2.68742,2.6983,97
1,2004-03-01 10:55:54.941691,2.69964,2.6983,98
1,2004-03-01 10:56:25.254722,2.69964,2.6984,98
1,2004-03-01 10:57:03.677804,2.69964,2.6984,98
1,2004-03-01 10:57:22.545775,2.69964,2.6984,98
1,2004-03-01 10:58:01.668647,2.69964,2.6984,98
1,2004-03-01 10:59:28.767251,2.69964,2.6984,96
1,2004-03-01 10:59:58.748328,2.69964,2.6985,96
1,2004-03-01 11:00:31.299389,2.69964,2.6986,96
1,2004-03-01 11:00:52.341915,2.69964,2.6986,96
1,2004-03-01 11:01:28.698348,2.69964,2.6986,96
1,2004-03-01 11:01:53.832212,2.69964,2.6986,97
1,2004-03-01 11:02:23.893234,2.69964,2.6988,97
1,2004-03-01 11:03:26.429952,2.69964,2.6988,97
1,2004-03-01 11:03:56.316470,2.69964,2.6988,97
1,2004-03-01 11:04:57.548584,2.69964,2.6987,96
1,2004-03-01 11:05:59.916429,2.69964,2.6989,96
1,2004-03-01 11:06:54.985375,2.69964,2.6989,95
1,2004-03-01 11:07:21.533945,2.69964,2.6989,96
1,2004-03-01 11:08:00.123040,2.69964,2.6989,95
1,2004-03-01 11:08:27.431404,2.69964,2.6989,96
1,2004-03-01 11:10:56.190746,2.69964,2.699,92
1,2004-03-01 11:13:31.618017,2.69964,2.699,90
1,2004-03-01 11:14:26.381772,2.69964,2.699,89
1,2004-03-01 11:14:57.791731,2.69964,2.699,90
1,2004-03-01 11:15:37.583196,2.69964,2.699,89
1,2004-03-01 11:16:23.951949,2.69964,2.699,89
1,2004-03-01 11:16:53.782631,2.71196,2.6991,90
1,2004-03-01 11:17:21.644010,2.69964,2.6991,91
1,2004-03-01 11:18:26.701140,2.69964,2.6991,90
1,2004-03-01 11:19:28.748287,2.69964,2.6991,89
1,2004-03-01 11:19:52.615549,2.69964,2.6991,89
1,2004-03-01 11:20:26.355102,2.69964,2.6991,90
1,2004-03-01 11:20:53.921405,2.69964,2.6991,90
1,2004-03-01 11:21:31.954519,2.71196,2.6992,91
1,2004-03-01 11:22:03.097898,2.69964,2.6992,91
1,2004-03-01 11:22:29.134895,2.69964,2.6992,92
1,2004-03-01 11:22:57.515355,2.69964,2.6992,91
1,2004-03-01 11:23:38.456807,2.69964,2.6992,91
1,2004-03-01 11:23:57.861870,2.69964,2.6992,92
1,2004-03-01 11:24:31.348615,2.69964,2.6992,91
1,2004-03-01 11:24:57.533819,2.69964,2.6992,92
1,2004-03-01 11:25:23.833865,2.69964,2.6992,92
1,2004-03-01 11:25:55.081560,2.69964,2.6992,93
1,2004-03-01 11:27:23.794497,2.71196,2.6994,92
1,2004-03-01 11:28:22.666506,2.69964,2.6994,92
1,2004-03-01 11:28:53.707597,2.69964,2.6994,93
1,2004-03-01 11:29:27.553525,2.69964,2.6994,93
1,2004-03-01 11:29:55.109626,2.69964,2.6994,94
1,2004-03-01 11:30:52.864416,2.69964,2.6994,92
1,2004-03-01 11:31:21.402767,2.69964,2.6994,93
1,2004-03-01 11:31:56.778946,2.69964,2.6994,93
1,2004-03-01 11:32:26.328184,2.71196,2.6995,94
1,2004-03-01 11:32:57.855963,2.71196,2.6998,93
1,2004-03-01 11:33:34.117153,2.69964,2.6998,93
1,2004-03-01 11:33:57.621465,2.69964,2.6998,94
1,2004-03-01 11:34:58.830047,2.71196,2.6999,92
1,2004-03-01 11:35:23.959125,2.69964,2.6999,92
1,2004-03-01 11:36:32.723259,2.69964,2.7,91
1,2004-03-01 11:36:54.434010,2.69964,2.7,91
1,2004-03-01 11:37:55.956100,2.71196,2.7002,90
1,2004-03-01 11:38:27.981664,2.71196,2.7003,91
1,2004-03-01 11:38:51.297352,2.71196,2.7005,91
1,2004-03-01 11:39:22.694813,2.71196,2.7006,91
1,2004-03-01 11:40:21.416401,2.71196,2.7009,90
1,2004-03-01 11:40:52.649386,2.71196,2.701,90
1,2004-03-01 11:41:26.375226,2.71196,2.7012,89
1,2004-03-01 11:41:56.396902,2.71196,2.7013,90
1,2004-03-01 11:42:26.363660,2.69964,2.7013,90
1,2004-03-01 11:43:31.999493,2.71196,2.7016,89
1,2004-03-01 11:43:55.358392,2.71196,2.7017,90
1,2004-03-01 11:44:26.339683,2.71196,2.7018,90
1,2004-03-01 11:45:22.600876,2.71196,2.702,89
1,2004-03-01 11:45:53.957571,2.71196,2.7021,89
1,2004-03-01 11:46:27.833557,2.7244,2.7024,88
1,2004-03-01 11:46:58.953962,2.71196,2.7026,88
1,2004-03-01 11:47:59.026732,2.71196,2.7027,88
1,2004-03-01 11:48:56.380393,2.71196,2.7029,88
1,2004-03-01 11:49:25.375184,2.71196,2.703,88
1,2004-03-01 11:50:04.584222,2.7244,2.7033,88
1,2004-03-01 11:50:27.711816,2.71196,2.7034,88
1,2004-03-01 11:51:22.908258,2.71196,2.7036,87
1,2004-03-01 11:51:59.335044,2.71196,2.7037,88
1,2004-03-01 11:53:29.284592,2.71196,2.7039,87
1,2004-03-01 11:54:35.289161,2.7244,2.7042,86
1,2004-03-01 11:54:51.512574,2.71196,2.7043,87
1,2004-03-01 11:56:00.213155,2.7244,2.7049,85
1,2004-03-01 11:57:29.246199,2.7244,2.7053,83
1,2004-03-01 11:58:02.947351,2.7244,2.7056,83
1,2004-03-01 11:58:22.783135,2.7244,2.7058,84
1,2004-03-01 11:58:52.562681,2.7244,2.706,85
1,2004-03-01 11:59:31.674944,2.7244,2.7063,85
1,2004-03-01 12:00:02.500795,2.71196,2.7065,85
1,2004-03-01 12:00:27.374318,2.71196,2.7065,86
1,2004-03-01 12:00:57.836642,2.7244,2.7069,85
1,2004-03-01 12:02:27.812257,2.7244,2.7074,83
1,2004-03-01 12:03:21.504080,2.7244,2.7076,84
1,2004-03-01 12:03:52.653755,2.71196,2.7077,84
1,2004-03-01 12:05:26.536866,2.71196,2.708,83
1,2004-03-01 12:06:27.758922,2.7244,2.7083,83
1,2004-03-01 12:06:52.591070,2.7244,2.7085,84
1,2004-03-01 12:07:21.558321,2.71196,2.7087,83
1,2004-03-01 12:07:56.037915,2.7244,2.7089,84
1,2004-03-01 12:09:29.110191,2.7244,2.7093,83
1,2004-03-01 12:10:30.408694,2.7244,2.7095,84
1,2004-03-01 12:10:57.817833,2.7244,2.7098,84
1,2004-03-01 12:13:22.623331,2.7244,2.71,85
1,2004-03-01 12:13:57.759999,2.7244,2.7102,85
1,2004-03-01 12:14:27.861017,2.7244,2.7105,85
1,2004-03-01 12:15:00.348627,2.7244,2.7108,85
1,2004-03-01 12:15:30.563316,2.7244,2.711,86
1,2004-03-01 12:15:51.558098,2.7244,2.7113,86
1,2004-03-01 12:16:21.533188,2.7244,2.7114,87
1,2004-03-01 12:17:29.100587,2.7244,2.7119,85
1,2004-03-01 12:18:01.731241,2.7244,2.712,86
1,2004-03-01 12:18:55.217489,2.71196,2.7121,86
1,2004-03-01 12:19:25.553066,2.7244,2.7123,87
1,2004-03-01 12:19:51.538547,2.7244,2.7126,87
1,2004-03-01 12:20:21.538730,2.7244,2.7129,87
1,2004-03-01 12:21:25.213620,2.7244,2.7133,86
1,2004-03-01 12:22:02.399313,2.7244,2.7134,86
1,2004-03-01 12:22:22.691617,2.71196,2.7136,86
1,2004-03-01 12:22:56.368407,2.7244,2.7139,86
1,2004-03-01 12:24:01.613807,2.7244,2.7145,84
1,2004-03-01 12:24:25.236734,2.7244,2.7146,85
1,2004-03-01 12:25:03.537458,2.7244,2.7151,84
1,2004-03-01 12:25:26.583572,2.7244,2.7154,84
1,2004-03-01 12:25:59.244701,2.7244,2.7157,84
1,2004-03-01 12:26:31.505773,2.7244,2.7158,85
1,2004-03-01 12:26:54.186558,2.7244,2.7159,86
1,2004-03-01 12:27:32.959742,2.7244,2.716,86
1,2004-03-01 12:27:51.562578,2.7244,2.7161,87
1,2004-03-01 12:28:31.669854,2.7244,2.7164,87
1,2004-03-01 12:29:00.277398,2.7244,2.7167,87
1,2004-03-01 12:29:30.376594,2.7244,2.717,87
1,2004-03-01 12:30:55.269864,2.7244,2.7175,86
1,2004-03-01 12:31:21.584003,2.7244,2.7178,86
1,2004-03-01 12:32:25.299770,2.7244,2.718,86
1,2004-03-01 12:32:52.883895,2.7244,2.7182,86
1,2004-03-01 12:33:21.701380,2.7244,2.7183,86
1,2004-03-01 12:33:53.184443,2.7244,2.7186,86
1,2004-03-01 12:34:29.386492,2.7244,2.7189,86
1,2004-03-01 12:34:55.302960,2.7244,2.719,87
1,2004-03-01 12:36:22.790274,2.7244,2.7193,86
1,2004-03-01 12:37:26.097890,2.7244,2.7199,85
1,2004-03-01 12:38:02.822544,2.7244,2.72,85
1,2004-03-01 12:38:37.596167,2.7244,2.7202,85
1,2004-03-01 12:39:02.471415,2.7244,2.7203,85
1,2004-03-01 12:39:22.982156,2.7244,2.7204,85
1,2004-03-01 12:39:52.917375,2.7244,2.7205,86
1,2004-03-01 12:40:26.789403,2.7244,2.7206,86
1,2004-03-01 12:40:53.106145,2.71196,2.7206,86
1,2004-03-01 12:41:25.419206,2.7244,2.7207,87
1,2004-03-01 12:41:56.537358,2.7244,2.7209,86
1,2004-03-01 12:42:29.453615,2.7244,2.7212,86
1,2004-03-01 12:42:51.616576,2.7244,2.7213,87
1,2004-03-01 12:43:30.623364,2.7244,2.7213,88
1,2004-03-01 12:44:04.328023,2.7244,2.7215,87
1,2004-03-01 12:45:21.614254,2.7244,2.7217,87
1,2004-03-01 12:46:36.949653,2.7244,2.7219,85
1,2004-03-01 12:46:59.481414,2.7244,2.7221,85
1,2004-03-01 12:47:32.193290,2.7244,2.7221,86
1,2004-03-01 12:47:59.213845,2.7244,2.7222,86
1,2004-03-01 12:48:29.226826,2.7244,2.7223,87
1,2004-03-01 12:48:51.692110,2.7244,2.7223,88
1,2004-03-01 12:49:32.197280,2.7244,2.7225,87
1,2004-03-01 12:50:24.428104,2.7244,2.7225,87
1,2004-03-01 12:51:03.566060,2.73696,2.7228,87
1,2004-03-01 12:51:26.519749,2.7244,2.723,87
1,2004-03-01 12:51:57.918946,2.7244,2.723,88
1,2004-03-01 12:52:52.315676,2.7244,2.7231,88
1,2004-03-01 12:53:27.820988,2.7244,2.7231,89
1,2004-03-01 12:53:55.246529,2.7244,2.7233,89
1,2004-03-01 12:54:59.304194,2.7244,2.7234,88
1,2004-03-01 12:55:22.804966,2.7244,2.7234,89
1,2004-03-01 12:56:00.046171,2.7244,2.7234,90
1,2004-03-01 12:56:32.247307,2.71196,2.7233,90
1,2004-03-01 12:57:00.908275,2.71196,2.7232,91
1,2004-03-01 12:57:21.635160,2.71196,2.723,92
1,2004-03-01 12:58:00.580303,2.71196,2.7229,92
1,2004-03-01 12:58:23.154723,2.71196,2.7228,91
1,2004-03-01 12:58:51.534912,2.69964,2.7225,92
1,2004-03-01 12:59:24.175523,2.71196,2.7224,92
1,2004-03-01 13:00:25.575579,2.71196,2.7224,91
1,2004-03-01 13:00:54.035933,2.7244,2.7225,91
1,2004-03-01 13:01:25.719100,2.7244,2.7225,91
1,2004-03-01 13:02:02.558577,2.71196,2.7224,92
1,2004-03-01 13:02:30.829542,2.71196,2.7222,92
1,2004-03-01 13:02:56.605356,2.71196,2.7221,93
1,2004-03-01 13:03:33.566792,2.71196,2.722,93
1,2004-03-01 13:04:04.036164,2.71196,2.722,93
1,2004-03-01 13:04:30.443639,2.69964,2.7218,94
1,2004-03-01 13:04:56.686544,2.71196,2.7217,95
1,2004-03-01 13:05:26.580392,2.71196,2.7217,95
1,2004-03-01 13:06:24.077548,2.71196,2.7216,96
1,2004-03-01 13:08:02.739226,2.71196,2.7215,93
1,2004-03-01 13:10:02.580012,2.7244,2.7215,93
1,2004-03-01 13:11:03.302201,2.7244,2.7214,92
1,2004-03-01 13:11:24.287624,2.7244,2.7215,93
1,2004-03-01 13:11:51.661698,2.7244,2.7215,94
1,2004-03-01 13:12:29.445381,2.7244,2.7215,95
1,2004-03-01 13:12:55.405314,2.73696,2.7217,96
1,2004-03-01 13:13:25.186294,2.7244,2.7217,96
1,2004-03-01 13:14:04.496380,2.7244,2.7217,96
1,2004-03-01 13:14:30.886806,2.7244,2.7217,96
1,2004-03-01 13:14:51.795274,2.73696,2.7218,97
1,2004-03-01 13:15:21.710517,2.7244,2.7218,97
1,2004-03-01 13:15:55.361731,2.73696,2.7219,96
1,2004-03-01 13:16:22.853163,2.73696,2.7221,96
1,2004-03-01 13:17:04.394472,2.73696,2.7222,97
1,2004-03-01 13:17:29.094800,2.73696,2.7224,98
1,2004-03-01 13:17:58.025615,2.73696,2.7225,98
1,2004-03-01 13:18:54.038156,2.73696,2.7226,98
1,2004-03-01 13:19:32.096380,2.73696,2.7229,97
1,2004-03-01 13:19:55.915260,2.73696,2.723,97
1,2004-03-01 13:20:29.316450,2.73696,2.7231,97
1,2004-03-01 13:21:05.497642,2.73696,2.7233,98
1,2004-03-01 13:21:22.892639,2.73696,2.7234,99
1,2004-03-01 13:22:06.065501,2.73696,2.7235,98
1,2004-03-01 13:22:28.098266,2.7244,2.7237,98
1,2004-03-01 13:23:06.635972,2.73696,2.7238,98
1,2004-03-01 13:23:26.879548,2.7244,2.7238,99
1,2004-03-01 13:24:00.626337,2.7244,2.7238,100
1,2004-03-01 13:24:24.634463,2.73696,2.7239,100
1,2004-03-01 13:25:05.332713,2.73696,2.724,99
1,2004-03-01 13:25:52.948482,2.73696,2.7242,99
1,2004-03-01 13:26:33.693312,2.7244,2.7242,98
1,2004-03-01 13:27:02.245101,2.73696,2.7243,98
1,2004-03-01 13:27:33.892819,2.73696,2.7244,98
1,2004-03-01 13:28:51.617118,2.73696,2.7246,97
1,2004-03-01 13:29:30.614905,2.73696,2.7247,96
1,2004-03-01 13:30:02.876019,2.73696,2.7248,97
1,2004-03-01 13:30:22.866261,2.73696,2.7249,98
1,2004-03-01 13:31:21.736098,2.73696,2.7251,97
1,2004-03-01 13:31:51.760573,2.73696,2.7252,98
1,2004-03-01 13:32:29.603709,2.73696,2.7253,98
1,2004-03-01 13:32:54.191855,2.7244,2.7253,98
1,2004-03-01 13:33:22.912842,2.73696,2.7255,98
1,2004-03-01 13:33:54.287933,2.73696,2.7256,98
1,2004-03-01 13:34:25.704988,2.7244,2.7256,99
1,2004-03-01 13:35:28.141510,2.73696,2.7257,98
1,2004-03-01 13:36:25.328092,2.73696,2.7258,98
1,2004-03-01 13:37:31.173064,2.73696,2.726,98
1,2004-03-01 13:37:59.596644,2.73696,2.7261,99
1,2004-03-01 13:38:27.916405,2.7244,2.7261,99
1,2004-03-01 13:39:28.614383,2.73696,2.7262,97
1,2004-03-01 13:40:00.816436,2.73696,2.7264,97
1,2004-03-01 13:40:24.342477,2.73696,2.7265,98
1,2004-03-01 13:41:21.610086,2.73696,2.7268,97
1,2004-03-01 13:41:56.963405,2.73696,2.7269,96
1,2004-03-01 13:42:34.726843,2.73696,2.727,96
1,2004-03-01 13:42:59.397071,2.73696,2.7272,96
1,2004-03-01 13:43:30.845628,2.7244,2.7272,96
1,2004-03-01 13:43:59.577856,2.73696,2.7273,97
1,2004-03-01 13:44:58.231773,2.74963,2.7275,97
1,2004-03-01 13:45:30.647712,2.73696,2.7277,97
1,2004-03-01 13:46:03.348830,2.74963,2.7279,98
1,2004-03-01 13:46:31.184374,2.73696,2.728,99
1,2004-03-01 13:46:52.812213,2.73696,2.7281,99
1,2004-03-01 13:47:23.034158,2.73696,2.7282,99
1,2004-03-01 13:47:51.631983,2.73696,2.7284,99
1,2004-03-01 13:48:54.269404,2.73696,2.7286,97
1,2004-03-01 13:49:29.489581,2.73696,2.7287,98
1,2004-03-01 13:49:56.736808,2.73696,2.7288,98
1,2004-03-01 13:50:56.981686,2.73696,2.7289,98
1,2004-03-01 13:51:22.744046,2.73696,2.7289,98
1,2004-03-01 13:52:04.601221,2.73696,2.7291,97
1,2004-03-01 13:52:34.442228,2.73696,2.7292,98
1,2004-03-01 13:52:56.637949,2.73696,2.7293,98
1,2004-03-01 13:54:33.496971,2.73696,2.7295,97
1,2004-03-01 13:55:02.712275,2.7244,2.7295,97
1,2004-03-01 13:56:02.459308,2.7244,2.7295,96
1,2004-03-01 13:56:28.134334,2.73696,2.7296,97
1,2004-03-01 13:57:03.611416,2.7244,2.7299,96
1,2004-03-01 13:57:24.254733,2.7244,2.7301,96
1,2004-03-01 13:58:21.997723,2.73696,2.7303,96
1,2004-03-01 13:59:59.537407,2.73696,2.7311,94
1,2004-03-01 14:00:21.823358,2.73696,2.7312,95
1,2004-03-01 14:01:58.301466,2.7244,2.7314,93
1,2004-03-01 14:02:24.336892,2.73696,2.7317,93
1,2004-03-01 14:02:55.505265,2.73696,2.732,93
1,2004-03-01 14:03:21.667376,2.73696,2.7322,93
1,2004-03-01 14:04:52.595491,2.73696,2.7331,91
1,2004-03-01 14:05:27.208599,2.73696,2.7336,90
1,2004-03-01 14:05:52.205402,2.73696,2.7337,91
1,2004-03-01 14:06:51.931503,2.73696,2.7339,91
1,2004-03-01 14:07:51.859025,2.7244,2.7338,92
1,2004-03-01 14:09:28.522345,2.73696,2.7341,92
1,2004-03-01 14:10:22.500415,2.73696,2.7342,92
1,2004-03-01 14:10:52.213526,2.73696,2.7343,93
1,2004-03-01 14:11:53.011793,2.73696,2.7346,91
1,2004-03-01 14:12:21.717177,2.73696,2.7346,92
1,2004-03-01 14:12:52.450033,2.73696,2.7348,92
1,2004-03-01 14:13:22.887216,2.73696,2.7348,92
1,2004-03-01 14:13:59.858777,2.73696,2.7349,92
1,2004-03-01 14:14:21.728691,2.73696,2.7351,92
1,2004-03-01 14:14:54.173475,2.73696,2.7352,91
1,2004-03-01 14:15:29.973663,2.73696,2.7353,91
1,2004-03-01 14:15:54.264597,2.73696,2.7353,92
1,2004-03-01 14:16:32.221303,2.73696,2.7353,91
1,2004-03-01 14:16:54.312096,2.73696,2.7353,92
1,2004-03-01 14:17:52.970655,2.73696,2.7353,91
1,2004-03-01 14:18:30.790517,2.7244,2.7352,91
1,2004-03-01 14:18:59.478259,2.73696,2.7352,91
1,2004-03-01 14:19:30.901998,2.73696,2.7352,92
1,2004-03-01 14:19:54.463607,2.73696,2.7352,92
1,2004-03-01 14:20:36.039671,2.73696,2.7352,91
1,2004-03-01 14:21:23.174853,2.73696,2.7351,90
1,2004-03-01 14:21:56.365065,2.73696,2.7352,91
1,2004-03-01 14:22:23.692494,2.73696,2.7352,91
1,2004-03-01 14:22:56.808939,2.73696,2.7353,91
1,2004-03-01 14:23:31.999388,2.73696,2.7354,90
1,2004-03-01 14:24:01.091081,2.73696,2.7356,90
1,2004-03-01 14:24:23.063847,2.73696,2.7356,91
1,2004-03-01 14:26:30.736437,2.73696,2.7356,89
1,2004-03-01 14:27:00.858135,2.73696,2.7357,89
1,2004-03-01 14:27:35.137910,2.73696,2.7357,88
1,2004-03-01 14:29:09.381534,2.7244,2.7355,88
1,2004-03-01 14:30:21.739278,2.73696,2.7355,87
1,2004-03-01 14:30:51.816860,2.74963,2.7357,87
1,2004-03-01 14:31:35.467599,2.74963,2.7358,87
1,2004-03-01 14:31:59.699035,2.73696,2.7358,87
1,2004-03-01 14:33:03.745218,2.73696,2.7359,86
1,2004-03-01 14:34:02.517235,2.73696,2.7359,85
1,2004-03-01 14:34:24.271705,2.74963,2.7361,86
1,2004-03-01 14:35:54.516905,2.73696,2.7362,85
1,2004-03-01 14:37:05.079333,2.73696,2.7362,85
1,2004-03-01 14:37:26.749318,2.73696,2.7362,86
1,2004-03-01 14:38:28.729070,2.73696,2.7364,84
1,2004-03-01 14:38:52.881511,2.7244,2.7362,85
1,2004-03-01 14:39:34.242869,2.73696,2.7362,85
1,2004-03-01 14:40:23.036062,2.73696,2.7362,85
1,2004-03-01 14:40:58.483568,2.73696,2.7362,85
1,2004-03-01 14:41:24.342371,2.73696,2.7362,85
1,2004-03-01 14:42:03.948130,2.7244,2.7361,85
1,2004-03-01 14:42:31.237242,2.73696,2.7361,86
1,2004-03-01 14:42:57.085494,2.73696,2.7361,86
1,2004-03-01 14:43:29.753614,2.73696,2.7361,86
1,2004-03-01 14:44:33.353227,2.73696,2.7362,85
1,2004-03-01 14:45:05.209878,2.73696,2.7361,85
1,2004-03-01 14:46:36.354898,2.73696,2.7359,83
1,2004-03-01 14:46:55.760943,2.73696,2.7359,83
1,2004-03-01 14:47:42.078133,2.73696,2.7359,83
1,2004-03-01 14:48:06.459470,2.73696,2.7359,83
1,2004-03-01 14:48:25.856742,2.73696,2.7359,84
1,2004-03-01 14:49:24.241635,2.73696,2.7359,84
1,2004-03-01 14:50:07.023552,2.7244,2.7358,83
1,2004-03-01 14:50:31.325600,2.73696,2.7358,84
1,2004-03-01 14:50:59.742038,2.73696,2.7358,84
1,2004-03-01 14:51:34.048692,2.73696,2.7358,84
1,2004-03-01 14:52:42.192246,2.73696,2.7358,83
1,2004-03-01 14:52:58.181315,2.7244,2.7356,83
1,2004-03-01 14:53:34.737414,2.73696,2.7356,84
1,2004-03-01 14:54:51.841864,2.73696,2.7356,84
1,2004-03-01 14:55:24.280874,2.73696,2.7358,84
1,2004-03-01 14:56:25.517469,2.74963,2.7361,84
1,2004-03-01 14:56:56.845142,2.73696,2.7361,84
1,2004-03-01 14:57:33.658237,2.7244,2.7362,83
1,2004-03-01 14:58:27.288715,2.7244,2.7361,83
1,2004-03-01 14:58:51.821907,2.7244,2.7359,84
1,2004-03-01 15:00:04.722563,2.73696,2.7359,84
1,2004-03-01 15:00:23.082651,2.73696,2.7359,84
1,2004-03-01 15:01:25.933395,2.7244,2.7358,85
1,2004-03-01 15:03:07.078144,2.73696,2.7359,83
1,2004-03-01 15:03:29.652807,2.7244,2.7358,83
1,2004-03-01 15:04:23.174832,2.73696,2.7358,84
1,2004-03-01 15:04:53.352805,2.7244,2.7356,84
1,2004-03-01 15:05:21.960859,2.7244,2.7355,85
1,2004-03-01 15:05:51.860228,2.7244,2.7353,85
1,2004-03-01 15:06:53.354673,2.73696,2.7353,84
1,2004-03-01 15:07:22.600756,2.73696,2.7353,85
1,2004-03-01 15:07:52.651203,2.73696,2.7355,85
1,2004-03-01 15:08:25.030527,2.7244,2.7354,86
1,2004-03-01 15:08:57.143442,2.7244,2.7352,87
1,2004-03-01 15:09:28.349293,2.7244,2.7351,88
1,2004-03-01 15:09:58.406054,2.7244,2.735,88
1,2004-03-01 15:10:54.662848,2.7244,2.7348,87
1,2004-03-01 15:11:23.019125,2.7244,2.7347,88
1,2004-03-01 15:12:00.105067,2.7244,2.7345,88
1,2004-03-01 15:12:23.250317,2.7244,2.7344,88
1,2004-03-01 15:13:03.967258,2.73696,2.7344,88
1,2004-03-01 15:13:23.184459,2.7244,2.7343,88
1,2004-03-01 15:13:52.900485,2.73696,2.7343,89
1,2004-03-01 15:15:08.976704,2.73696,2.7342,87
1,2004-03-01 15:15:27.034823,2.73696,2.7343,88
1,2004-03-01 15:16:02.458318,2.7244,2.7341,87
1,2004-03-01 15:16:23.136029,2.7244,2.734,88
1,2004-03-01 15:16:53.113104,2.73696,2.734,88
1,2004-03-01 15:17:33.859263,2.73696,2.734,88
1,2004-03-01 15:17:51.737698,2.73696,2.734,89
1,2004-03-01 15:18:54.489281,2.73696,2.7341,88
1,2004-03-01 15:19:31.280484,2.7244,2.7339,87
1,2004-03-01 15:19:51.753887,2.73696,2.734,88
1,2004-03-01 15:20:57.455401,2.7244,2.7338,87
1,2004-03-01 15:21:28.384503,2.73696,2.7338,87
1,2004-03-01 15:22:03.507599,2.73696,2.7338,87
1,2004-03-01 15:22:23.417869,2.7244,2.7337,88
1,2004-03-01 15:22:58.987516,2.73696,2.7336,87
1,2004-03-01 15:23:30.803488,2.73696,2.7337,88
1,2004-03-01 15:24:51.779649,2.7244,2.7335,86
1,2004-03-01 15:25:31.238113,2.7244,2.7334,87
1,2004-03-01 15:25:51.758163,2.73696,2.7334,88
1,2004-03-01 15:26:38.361241,2.73696,2.7334,88
1,2004-03-01 15:26:54.290194,2.7244,2.7333,89
1,2004-03-01 15:27:28.401323,2.7244,2.7332,89
1,2004-03-01 15:27:54.390156,2.7244,2.733,89
1,2004-03-01 15:28:26.998953,2.7244,2.7329,90
1,2004-03-01 15:29:29.626956,2.7244,2.7329,90
1,2004-03-01 15:30:03.762130,2.73696,2.733,91
1,2004-03-01 15:30:36.747512,2.7244,2.7328,91
1,2004-03-01 15:30:53.085675,2.7244,2.7325,91
1,2004-03-01 15:31:32.337918,2.7244,2.7325,92
1,2004-03-01 15:32:02.509336,2.7244,2.7321,91
1,2004-03-01 15:32:29.769151,2.7244,2.732,92
1,2004-03-01 15:32:51.785738,2.7244,2.732,93
1,2004-03-01 15:33:51.781265,2.7244,2.7318,93
1,2004-03-01 15:34:25.593820,2.73696,2.7316,92
1,2004-03-01 15:34:57.036627,2.7244,2.7316,93
1,2004-03-01 15:35:22.829934,2.7244,2.7315,94
1,2004-03-01 15:35:59.876271,2.73696,2.7315,94
1,2004-03-01 15:36:24.493533,2.73696,2.7315,95
1,2004-03-01 15:36:51.847184,2.7244,2.7315,96
1,2004-03-01 15:37:23.348106,2.73696,2.7315,96
1,2004-03-01 15:37:54.963866,2.7244,2.7313,96
1,2004-03-01 15:38:51.817637,2.7244,2.7312,96
1,2004-03-01 15:39:21.793194,2.73696,2.7313,96
1,2004-03-01 15:40:24.663319,2.71196,2.731,95
1,2004-03-01 15:40:55.809705,2.7244,2.7309,96
1,2004-03-01 15:41:51.955891,2.7244,2.7307,95
1,2004-03-01 15:42:25.697455,2.7244,2.7307,95
1,2004-03-01 15:42:58.538194,2.7244,2.7305,94
1,2004-03-01 15:43:52.186529,2.73696,2.7305,94
1,2004-03-01 15:44:22.932325,2.7244,2.7305,95
1,2004-03-01 15:44:58.266026,2.7244,2.7304,95
1,2004-03-01 15:45:21.697961,2.7244,2.7302,95
1,2004-03-01 15:45:54.729835,2.7244,2.7302,96
1,2004-03-01 15:46:27.310113,2.7244,2.7301,97
1,2004-03-01 15:46:57.256745,2.7244,2.7299,96
1,2004-03-01 15:47:32.382407,2.73696,2.73,97
1,2004-03-01 15:47:58.728778,2.73696,2.73,97
1,2004-03-01 15:48:36.722075,2.7244,2.7298,96
1,2004-03-01 15:48:58.575326,2.73696,2.7298,97
1,2004-03-01 15:49:54.407150,2.73696,2.7298,97
1,2004-03-01 15:50:25.889193,2.7244,2.7298,97
1,2004-03-01 15:51:02.705335,2.73696,2.7298,96
1,2004-03-01 15:52:01.807155,2.73696,2.7298,96
1,2004-03-01 15:52:35.298213,2.73696,2.7298,97
1,2004-03-01 15:52:58.228357,2.73696,2.7299,96
1,2004-03-01 15:53:24.363539,2.7244,2.7298,97
1,2004-03-01 15:53:51.897526,2.7244,2.7297,97
1,2004-03-01 15:54:22.151394,2.7244,2.7297,98
1,2004-03-01 15:54:54.614950,2.73696,2.7297,98
1,2004-03-01 15:55:30.307928,2.7244,2.7295,98
1,2004-03-01 15:56:54.361554,2.7244,2.7293,98
1,2004-03-01 15:58:54.491094,2.7244,2.7293,95
1,2004-03-01 16:00:57.237493,2.73696,2.7292,94
1,2004-03-01 16:01:21.868170,2.73696,2.7293,95
1,2004-03-01 16:01:59.820195,2.7244,2.7293,95
1,2004-03-01 16:02:55.811883,2.7244,2.7292,96
1,2004-03-01 16:05:00.136998,2.7244,2.7291,93
1,2004-03-01 16:06:34.849798,2.73696,2.7293,92
1,2004-03-01 16:06:58.517796,2.7244,2.7292,92
1,2004-03-01 16:07:22.437683,2.7244,2.7291,93
1,2004-03-01 16:07:51.999563,2.7244,2.729,93
1,2004-03-01 16:08:27.505252,2.73696,2.729,92
1,2004-03-01 16:10:27.487149,2.7244,2.7291,90
1,2004-03-01 16:11:31.339905,2.73696,2.7293,89
1,2004-03-01 16:12:24.684125,2.73696,2.7295,88
1,2004-03-01 16:12:54.423553,2.7244,2.7295,89
1,2004-03-01 16:13:31.133170,2.7244,2.7294,88
1,2004-03-01 16:15:25.859719,2.7244,2.7292,87
1,2004-03-01 16:15:56.221594,2.7244,2.729,87
1,2004-03-01 16:16:22.108295,2.73696,2.7292,87
1,2004-03-01 16:17:22.039289,2.7244,2.7291,86
1,2004-03-01 16:17:53.154136,2.73696,2.729,85
1,2004-03-01 16:18:24.694332,2.7244,2.7289,86
1,2004-03-01 16:18:54.522261,2.73696,2.7289,86
1,2004-03-01 16:20:27.350790,2.73696,2.729,85
1,2004-03-01 16:20:51.966255,2.7244,2.7289,86
1,2004-03-01 16:22:28.794953,2.73696,2.7289,83
1,2004-03-01 16:22:51.982324,2.73696,2.729,84
1,2004-03-01 16:24:21.921733,2.73696,2.7289,83
1,2004-03-01 16:25:02.104811,2.7244,2.7289,83
1,2004-03-01 16:25:22.179621,2.73696,2.729,84
1,2004-03-01 16:27:23.404975,2.7244,2.7289,81
1,2004-03-01 16:27:52.215259,2.73696,2.7291,81
1,2004-03-01 16:28:56.097246,2.73696,2.7293,80
1,2004-03-01 16:29:29.088340,2.7244,2.7292,81
1,2004-03-01 16:29:52.503788,2.7244,2.7292,81
1,2004-03-01 16:30:54.604972,2.7244,2.7292,79
1,2004-03-01 16:31:27.677962,2.7244,2.7291,80
1,2004-03-01 16:33:55.849645,2.7244,2.7294,76
1,2004-03-01 16:38:05.633502,2.7244,2.7291,69
1,2004-03-01 16:38:22.733826,2.73696,2.7292,70
1,2004-03-01 16:38:52.044919,2.7244,2.7292,70
1,2004-03-01 16:40:30.180746,2.7244,2.7293,69
1,2004-03-01 16:40:58.712711,2.73696,2.7295,69
1,2004-03-01 16:43:25.905171,2.73696,2.7298,67
1,2004-03-01 16:43:57.308374,2.7244,2.7296,67
1,2004-03-01 16:44:57.561028,2.7244,2.7296,67
1,2004-03-01 16:45:53.237630,2.73696,2.7299,66
1,2004-03-01 16:46:31.573282,2.73696,2.7302,65
1,2004-03-01 16:46:53.411666,2.7244,2.7301,66
1,2004-03-01 16:47:27.236111,2.7244,2.7301,66
1,2004-03-01 16:48:07.634106,2.73696,2.73,65
1,2004-03-01 16:49:57.280280,2.73696,2.73,63
1,2004-03-01 16:50:21.987019,2.73696,2.7301,64
1,2004-03-01 16:50:59.899927,2.73696,2.7303,64
1,2004-03-01 16:51:32.663660,2.73696,2.7303,64
1,2004-03-01 16:51:52.506129,2.73696,2.7304,65
1,2004-03-01 16:52:30.387691,2.7244,2.7302,65
1,2004-03-01 16:53:04.967690,2.73696,2.7301,64
1,2004-03-01 16:53:22.051713,2.7244,2.73,65
1,2004-03-01 16:55:07.629408,2.73696,2.7303,62
1,2004-03-01 16:55:31.471661,2.73696,2.7305,62
1,2004-03-01 16:55:58.968292,2.73696,2.7306,63
1,2004-03-01 16:56:30.139351,2.7244,2.7305,64
1,2004-03-01 16:56:52.805552,2.73696,2.7306,65
1,2004-03-01 16:57:32.994287,2.7244,2.7306,65
1,2004-03-01 16:58:22.260773,2.73696,2.7307,66
1,2004-03-01 16:59:02.969750,2.73696,2.7309,66
1,2004-03-01 16:59:23.185212,2.7244,2.7308,67
1,2004-03-01 17:00:52.572990,2.73696,2.7309,68
1,2004-03-01 17:01:52.791822,2.73696,2.7308,67
1,2004-03-01 17:02:58.687420,2.73696,2.7311,66
1,2004-03-01 17:03:30.477803,2.73696,2.7311,67
1,2004-03-01 17:04:22.607881,2.7244,2.731,68
1,2004-03-01 17:05:24.691552,2.73696,2.7312,68
1,2004-03-01 17:06:27.212052,2.73696,2.7313,69
1,2004-03-01 17:07:02.320958,2.73696,2.7314,68
1,2004-03-01 17:07:27.276117,2.73696,2.7316,68
1,2004-03-01 17:08:23.252705,2.73696,2.7318,68
1,2004-03-01 17:10:00.579820,2.73696,2.7318,68
1,2004-03-01 17:10:56.041684,2.73696,2.732,68
1,2004-03-01 17:11:28.574464,2.73696,2.732,69
1,2004-03-01 17:12:51.916463,2.7244,2.7318,68
1,2004-03-01 17:13:30.088659,2.7244,2.7318,68
1,2004-03-01 17:13:54.595041,2.73696,2.732,68
1,2004-03-01 17:15:03.867404,2.7244,2.7319,69
1,2004-03-01 17:15:57.544454,2.73696,2.7322,68
1,2004-03-01 17:16:22.010084,2.73696,2.7322,69
1,2004-03-01 17:16:54.703889,2.7244,2.732,69
1,2004-03-01 17:17:27.354982,2.73696,2.7322,69
1,2004-03-01 17:17:53.172013,2.73696,2.7322,69
1,2004-03-01 17:18:37.060066,2.73696,2.7324,69
1,2004-03-01 17:19:21.947238,2.73696,2.7324,69
1,2004-03-01 17:19:54.677466,2.73696,2.7325,70
1,2004-03-01 17:20:22.691465,2.73696,2.7325,71
1,2004-03-01 17:22:36.182874,2.73696,2.7326,69
1,2004-03-01 17:22:52.023409,2.73696,2.7326,69
1,2004-03-01 17:23:30.324916,2.73696,2.7327,70
1,2004-03-01 17:23:52.466956,2.73696,2.7327,71
1,2004-03-01 17:24:24.646583,2.74963,2.7329,71
1,2004-03-01 17:25:23.270696,2.73696,2.733,70
1,2004-03-01 17:25:56.189705,2.7244,2.7329,71
1,2004-03-01 17:26:54.526130,2.73696,2.7329,72
1,2004-03-01 17:29:04.538061,2.7244,2.7328,70
1,2004-03-01 17:29:22.036737,2.73696,2.7329,71
1,2004-03-01 17:30:02.602560,2.73696,2.7332,70
1,2004-03-01 17:30:28.890567,2.73696,2.7332,71
1,2004-03-01 17:30:57.544431,2.73696,2.7334,71
1,2004-03-01 17:31:31.626194,2.73696,2.7336,71
1,2004-03-01 17:32:02.954972,2.73696,2.7336,72
1,2004-03-01 17:32:38.403474,2.73696,2.7337,73
1,2004-03-01 17:33:06.151051,2.73696,2.7337,74
1,2004-03-01 17:33:28.853140,2.73696,2.7338,75
1,2004-03-01 17:33:51.998960,2.73696,2.7338,76
1,2004-03-01 17:35:30.289424,2.73696,2.734,76
1,2004-03-01 17:35:56.150219,2.73696,2.734,77
1,2004-03-01 17:36:36.055957,2.73696,2.7341,78
1,2004-03-01 17:37:00.875125,2.73696,2.7341,79
1,2004-03-01 17:37:35.612101,2.73696,2.7341,80
1,2004-03-01 17:38:59.296477,2.73696,2.7344,78
1,2004-03-01 17:39:29.047494,2.73696,2.7344,79
1,2004-03-01 17:39:54.660899,2.74963,2.7346,80
1,2004-03-01 17:40:24.679986,2.73696,2.7346,81
1,2004-03-01 17:41:00.595363,2.73696,2.7348,80
1,2004-03-01 17:41:38.544604,2.7244,2.7346,81
1,2004-03-01 17:42:03.064698,2.73696,2.7347,82
1,2004-03-01 17:42:29.088957,2.73696,2.7347,83
1,2004-03-01 17:43:07.424950,2.73696,2.7347,84
1,2004-03-01 17:43:52.263113,2.73696,2.7347,84
1,2004-03-01 17:44:24.762051,2.7244,2.7347,84
1,2004-03-01 17:45:28.949787,2.73696,2.7349,84
1,2004-03-01 17:46:32.986944,2.73696,2.7348,83
1,2004-03-01 17:47:01.668068,2.73696,2.735,83
1,2004-03-01 17:48:04.869277,2.73696,2.7351,83
1,2004-03-01 17:48:24.699247,2.73696,2.7351,83
1,2004-03-01 17:48:52.080513,2.73696,2.7352,84
1,2004-03-01 17:49:26.277904,2.73696,2.7352,85
1,2004-03-01 17:49:53.224560,2.7244,2.7351,86
1,2004-03-01 17:50:52.026830,2.73696,2.735,85
1,2004-03-01 17:51:26.058833,2.73696,2.735,85
1,2004-03-01 17:52:52.252935,2.73696,2.7351,83
1,2004-03-01 17:53:30.266237,2.73696,2.7353,82
1,2004-03-01 17:53:57.932355,2.73696,2.7353,83
1,2004-03-01 17:54:31.742268,2.7244,2.7352,84
1,2004-03-01 17:54:57.493660,2.7244,2.735,85
1,2004-03-01 17:55:36.094798,2.73696,2.735,84
1,2004-03-01 17:55:53.736626,2.73696,2.735,85
1,2004-03-01 17:56:26.552261,2.73696,2.735,85
1,2004-03-01 17:56:52.130766,2.74963,2.7353,85
1,2004-03-01 17:57:31.837190,2.73696,2.7353,85
1,2004-03-01 17:58:41.759650,2.7244,2.7353,84
1,2004-03-01 17:59:03.342917,2.73696,2.7353,84
1,2004-03-01 17:59:24.754207,2.7244,2.7353,84
1,2004-03-01 18:00:27.740507,2.73696,2.7353,85
1,2004-03-01 18:01:28.986950,2.7244,2.7352,85
1,2004-03-01 18:04:22.063240,2.7244,2.735,83
1,2004-03-01 18:04:53.499595,2.71196,2.7348,83
1,2004-03-01 18:06:00.375448,2.71196,2.7345,83
1,2004-03-01 18:06:26.042749,2.71196,2.7343,84
1,2004-03-01 18:06:55.459621,2.71196,2.734,84
1,2004-03-01 18:07:44.240099,2.71196,2.7336,83
1,2004-03-01 18:08:09.320668,2.71196,2.7334,84
1,2004-03-01 18:09:24.792784,2.71196,2.7331,84
1,2004-03-01 18:09:53.445468,2.69964,2.7327,85
1,2004-03-01 18:11:56.508345,2.71196,2.7323,83
1,2004-03-01 18:12:23.398239,2.69964,2.7319,84
1,2004-03-01 18:13:01.850772,2.69964,2.7316,84
1,2004-03-01 18:14:00.972839,2.69964,2.7312,83
1,2004-03-01 18:14:36.284729,2.69964,2.7309,84
1,2004-03-01 18:15:28.183999,2.69964,2.7306,84
1,2004-03-01 18:17:27.497364,2.69964,2.73,81
1,2004-03-01 18:18:03.404457,2.69964,2.7296,81
1,2004-03-01 18:18:24.707318,2.69964,2.7292,82
1,2004-03-01 18:18:54.744483,2.69964,2.7287,82
1,2004-03-01 18:20:06.803094,2.69964,2.7282,81
1,2004-03-01 18:20:29.045923,2.69964,2.7277,81
1,2004-03-01 18:21:00.582643,2.69964,2.7274,82
1,2004-03-01 18:21:30.525763,2.69964,2.727,83
1,2004-03-01 18:22:37.786058,2.69964,2.7266,83
1,2004-03-01 18:23:26.482092,2.69964,2.7261,83
1,2004-03-01 18:23:52.118144,2.69964,2.7257,83
1,2004-03-01 18:24:23.915055,2.69964,2.7253,83
1,2004-03-01 18:25:05.145406,2.69964,2.7246,83
1,2004-03-01 18:26:01.994954,2.71196,2.7243,82
1,2004-03-01 18:26:54.898597,2.69964,2.7239,82
1,2004-03-01 18:27:23.338858,2.69964,2.7236,83
1,2004-03-01 18:28:05.079845,2.69964,2.7233,84
1,2004-03-01 18:28:53.463175,2.69964,2.723,85
1,2004-03-01 18:29:30.032818,2.69964,2.7226,84
1,2004-03-01 18:29:56.130939,2.69964,2.7223,85
1,2004-03-01 18:30:29.007648,2.69964,2.7217,84
1,2004-03-01 18:31:03.128391,2.69964,2.7212,84
1,2004-03-01 18:31:39.076433,2.69964,2.7208,84
1,2004-03-01 18:31:54.678963,2.69964,2.7205,85
1,2004-03-01 18:32:30.406138,2.69964,2.7201,85
1,2004-03-01 18:33:07.461075,2.69964,2.7195,84
1,2004-03-01 18:33:27.848177,2.69964,2.7192,85
1,2004-03-01 18:33:53.831872,2.69964,2.7186,84
1,2004-03-01 18:34:26.276877,2.69964,2.7184,85
1,2004-03-01 18:34:57.765758,2.69964,2.7181,86
1,2004-03-01 18:35:26.272234,2.69964,2.7179,87
1,2004-03-01 18:36:33.517507,2.69964,2.7173,86
1,2004-03-01 18:36:57.235726,2.68742,2.7167,86
1,2004-03-01 18:37:22.146904,2.69964,2.7163,86
1,2004-03-01 18:38:23.401409,2.69964,2.7158,86
1,2004-03-01 18:39:05.183976,2.69964,2.7154,86
1,2004-03-01 18:39:29.062454,2.69964,2.715,86
1,2004-03-01 18:40:00.458001,2.69964,2.7144,86
1,2004-03-01 18:40:26.302481,2.69964,2.7139,86
1,2004-03-01 18:41:25.004537,2.69964,2.7135,86
1,2004-03-01 18:41:53.345460,2.69964,2.7132,86
1,2004-03-01 18:42:32.148658,2.69964,2.7125,85
1,2004-03-01 18:43:00.812206,2.69964,2.7124,86
1,2004-03-01 18:43:29.093356,2.69964,2.7119,86
1,2004-03-01 18:43:57.654658,2.68742,2.7113,86
1,2004-03-01 18:44:34.487828,2.69964,2.7111,86
1,2004-03-01 18:45:34.997569,2.68742,2.7105,86
1,2004-03-01 18:46:08.080644,2.69964,2.7104,87
1,2004-03-01 18:47:04.930555,2.69964,2.7096,86
1,2004-03-01 18:47:34.587118,2.69964,2.7095,87
1,2004-03-01 18:47:56.177959,2.69964,2.7094,88
1,2004-03-01 18:48:39.822243,2.68742,2.7085,87
1,2004-03-01 18:48:57.984298,2.69964,2.7081,87
1,2004-03-01 18:49:23.926052,2.69964,2.708,88
1,2004-03-01 18:50:25.072938,2.69964,2.7074,87
1,2004-03-01 18:50:57.748448,2.69964,2.7069,87
1,2004-03-01 18:52:06.154797,2.69964,2.7065,87
1,2004-03-01 18:52:25.349916,2.68742,2.7063,88
1,2004-03-01 18:53:30.789226,2.69964,2.7055,87
1,2004-03-01 18:53:54.837423,2.68742,2.7053,88
1,2004-03-01 18:54:27.763846,2.68742,2.7047,88
1,2004-03-01 18:58:02.048655,2.69964,2.7021,82
1,2004-03-01 18:58:30.708212,2.68742,2.7019,83
1,2004-03-01 18:58:57.700561,2.68742,2.7014,83
1,2004-03-01 18:59:35.888242,2.69964,2.7007,82
1,2004-03-01 18:59:52.242459,2.69964,2.7007,83
1,2004-03-01 19:00:56.234518,2.69964,2.7002,83
1,2004-03-01 19:01:34.885844,2.68742,2.6998,83
1,2004-03-01 19:01:57.859629,2.69964,2.6998,84
1,2004-03-01 19:02:59.160724,2.68742,2.6997,85
1,2004-03-01 19:03:23.514911,2.69964,2.6997,86
1,2004-03-01 19:04:07.926209,2.69964,2.6997,87
1,2004-03-01 19:04:53.414548,2.69964,2.6994,87
1,2004-03-01 19:05:26.593756,2.68742,2.6991,87
1,2004-03-01 19:07:02.621482,2.68742,2.6985,85
1,2004-03-01 19:07:41.523049,2.68742,2.6984,86
1,2004-03-01 19:07:53.772536,2.69964,2.6982,86
1,2004-03-01 19:08:31.104467,2.69964,2.6981,86
1,2004-03-01 19:09:03.703253,2.68742,2.698,87
1,2004-03-01 19:09:33.374010,2.68742,2.6977,87
1,2004-03-01 19:10:23.450538,2.68742,2.6975,87
1,2004-03-01 19:12:33.548359,2.69964,2.6974,86
1,2004-03-01 19:13:01.074583,2.69964,2.6974,87
1,2004-03-01 19:14:22.112984,2.68742,2.6972,86
1,2004-03-01 19:15:06.605826,2.68742,2.6971,86
1,2004-03-01 19:15:26.814274,2.69964,2.6971,87
1,2004-03-01 19:16:00.865386,2.69964,2.6971,87
1,2004-03-01 19:16:32.360878,2.68742,2.697,88
1,2004-03-01 19:18:14.359989,2.68742,2.6968,87
1,2004-03-01 19:19:26.295761,2.68742,2.6967,86
1,2004-03-01 19:19:55.187181,2.68742,2.6966,87
1,2004-03-01 19:21:03.710970,2.69964,2.6965,85
1,2004-03-01 19:21:23.471972,2.68742,2.6964,86
1,2004-03-01 19:21:52.170702,2.68742,2.6962,86
1,2004-03-01 19:22:27.318734,2.68742,2.6961,87
1,2004-03-01 19:22:57.503266,2.68742,2.696,87
1,2004-03-01 19:23:34.856371,2.68742,2.6958,87
1,2004-03-01 19:23:56.396144,2.68742,2.6957,87
1,2004-03-01 19:24:52.140833,2.68742,2.6956,87
1,2004-03-01 19:25:59.490208,2.68742,2.6954,87
1,2004-03-01 19:26:56.322530,2.68742,2.6951,86
1,2004-03-01 19:28:29.111009,2.68742,2.6949,85
1,2004-03-01 19:28:52.439530,2.69964,2.695,86
1,2004-03-01 19:29:33.743395,2.68742,2.6948,85
1,2004-03-01 19:30:28.207698,2.68742,2.6946,85
1,2004-03-01 19:30:53.047190,2.68742,2.6945,85
1,2004-03-01 19:31:52.302526,2.68742,2.6943,84
1,2004-03-01 19:32:57.965111,2.68742,2.694,83
1,2004-03-01 19:33:28.411257,2.69964,2.694,82
1,2004-03-01 19:34:07.905302,2.68742,2.6938,82
1,2004-03-01 19:34:22.296545,2.68742,2.6938,83
1,2004-03-01 19:35:04.558023,2.68742,2.6935,82
1,2004-03-01 19:36:07.778573,2.68742,2.6934,82
1,2004-03-01 19:36:22.219430,2.68742,2.6933,83
1,2004-03-01 19:37:05.272656,2.68742,2.6932,82
1,2004-03-01 19:37:57.564995,2.68742,2.6931,82
1,2004-03-01 19:38:27.351386,2.68742,2.6929,82
1,2004-03-01 19:39:25.116357,2.68742,2.6928,82
1,2004-03-01 19:39:59.539369,2.68742,2.6926,82
1,2004-03-01 19:40:25.018185,2.68742,2.6925,82
1,2004-03-01 19:41:01.126702,2.68742,2.6923,82
1,2004-03-01 19:41:30.889634,2.68742,2.6922,82
1,2004-03-01 19:41:59.248721,2.69964,2.6922,82
1,2004-03-01 19:42:52.210750,2.68742,2.692,82
1,2004-03-01 19:43:36.394008,2.69964,2.6919,81
1,2004-03-01 19:44:25.113675,2.68742,2.6919,81
1,2004-03-01 19:47:00.773660,2.69964,2.6919,79
1,2004-03-01 19:48:29.166477,2.68742,2.6915,77
1,2004-03-01 19:49:23.555137,2.68742,2.6914,76
1,2004-03-01 19:49:52.207602,2.68742,2.6913,76
1,2004-03-01 19:50:36.056240,2.68742,2.6911,76
1,2004-03-01 19:50:52.242943,2.68742,2.6911,77
1,2004-03-01 19:51:33.672940,2.68742,2.6909,77
1,2004-03-01 19:52:02.841473,2.68742,2.6909,78
1,2004-03-01 19:52:23.363421,2.68742,2.6907,78
1,2004-03-01 19:53:38.795235,2.68742,2.6906,77
1,2004-03-01 19:54:26.354223,2.68742,2.6906,77
1,2004-03-01 19:54:57.999291,2.68742,2.6906,77
1,2004-03-01 19:55:34.911191,2.68742,2.6906,78
1,2004-03-01 19:55:55.039807,2.68742,2.6905,79
1,2004-03-01 19:56:38.164576,2.68742,2.6905,80
1,2004-03-01 19:57:00.982133,2.68742,2.6904,81
1,2004-03-01 19:57:29.320738,2.68742,2.6904,82
1,2004-03-01 19:58:27.966770,2.68742,2.6903,82
1,2004-03-01 19:58:58.147953,2.68742,2.6903,81
1,2004-03-01 19:59:22.387513,2.68742,2.6903,82
1,2004-03-01 19:59:59.200596,2.68742,2.69,81
1,2004-03-01 20:00:23.923487,2.67532,2.6898,82
1,2004-03-01 20:01:53.691706,2.68742,2.6897,81
1,2004-03-01 20:02:32.285297,2.67532,2.6894,81
1,2004-03-01 20:02:55.185930,2.68742,2.6894,82
1,2004-03-01 20:03:23.528271,2.68742,2.6892,81
1,2004-03-01 20:03:59.692200,2.69964,2.6894,82
1,2004-03-01 20:04:22.399373,2.68742,2.6892,82
1,2004-03-01 20:05:10.061009,2.69964,2.6892,82
1,2004-03-01 20:05:29.301316,2.68742,2.6892,82
1,2004-03-01 20:05:56.902445,2.69964,2.6893,83
1,2004-03-01 20:06:35.759199,2.68742,2.6893,84
1,2004-03-01 20:07:04.914386,2.68742,2.6893,84
1,2004-03-01 20:07:31.401051,2.68742,2.6893,85
1,2004-03-01 20:08:10.525154,2.68742,2.6892,84
1,2004-03-01 20:09:03.989767,2.68742,2.689,83
1,2004-03-01 20:09:33.833926,2.68742,2.689,83
1,2004-03-01 20:09:59.370481,2.68742,2.689,84
1,2004-03-01 20:10:29.361441,2.68742,2.689,84
1,2004-03-01 20:11:33.734681,2.68742,2.689,85
1,2004-03-01 20:12:02.245514,2.68742,2.689,86
1,2004-03-01 20:12:30.674055,2.68742,2.689,87
1,2004-03-01 20:13:10.805170,2.68742,2.6887,86
1,2004-03-01 20:13:25.185099,2.67532,2.6885,87
1,2004-03-01 20:13:53.894126,2.68742,2.6885,88
1,2004-03-01 20:14:32.037306,2.68742,2.6885,88
1,2004-03-01 20:15:26.500206,2.68742,2.6885,88
1,2004-03-01 20:16:23.395209,2.68742,2.6883,87
1,2004-03-01 20:17:06.780732,2.68742,2.6883,87
1,2004-03-01 20:17:36.551152,2.68742,2.6883,88
1,2004-03-01 20:18:32.393642,2.68742,2.6883,88
1,2004-03-01 20:19:02.564672,2.68742,2.6882,89
1,2004-03-01 20:19:26.588267,2.68742,2.6882,89
1,2004-03-01 20:19:59.408540,2.68742,2.6882,89
1,2004-03-01 20:20:33.767797,2.67532,2.6881,90
1,2004-03-01 20:21:34.289861,2.67532,2.6878,89
1,2004-03-01 20:22:10.293703,2.68742,2.6878,89
1,2004-03-01 20:22:33.673759,2.68742,2.6878,89
1,2004-03-01 20:23:31.153911,2.68742,2.6878,89
1,2004-03-01 20:23:53.674676,2.68742,2.6878,89
1,2004-03-01 20:24:23.611911,2.67532,2.6877,89
1,2004-03-01 20:24:52.365460,2.68742,2.6877,89
1,2004-03-01 20:25:27.903101,2.68742,2.6877,90
1,2004-03-01 20:26:27.812489,2.68742,2.6877,90
1,2004-03-01 20:26:53.639219,2.68742,2.6877,91
1,2004-03-01 20:28:04.165066,2.68742,2.6877,91
1,2004-03-01 20:28:25.106810,2.68742,2.6877,92
1,2004-03-01 20:29:08.078562,2.68742,2.6876,91
1,2004-03-01 20:29:58.039838,2.68742,2.6876,91
1,2004-03-01 20:30:23.445174,2.68742,2.6876,92
1,2004-03-01 20:30:58.141028,2.68742,2.6876,91
1,2004-03-01 20:31:22.678081,2.68742,2.6876,92
1,2004-03-01 20:31:53.493180,2.68742,2.6876,92
1,2004-03-01 20:32:29.957653,2.68742,2.6876,93
1,2004-03-01 20:32:52.384833,2.68742,2.6876,94
1,2004-03-01 20:33:23.650499,2.68742,2.6876,94
1,2004-03-01 20:33:52.332957,2.67532,2.6873,94
1,2004-03-01 20:34:29.460750,2.67532,2.6872,93
1,2004-03-01 20:35:04.802938,2.68742,2.6872,93
1,2004-03-01 20:35:33.902350,2.67532,2.687,94
1,2004-03-01 20:35:59.883111,2.68742,2.687,95
1,2004-03-01 20:37:23.250032,2.67532,2.6869,93
1,2004-03-01 20:37:53.984523,2.68742,2.6869,94
1,2004-03-01 20:38:23.707133,2.67532,2.6868,94
1,2004-03-01 20:39:05.291207,2.68742,2.6868,94
1,2004-03-01 20:40:07.511521,2.68742,2.6868,93
1,2004-03-01 20:40:28.171984,2.68742,2.6868,93
1,2004-03-01 20:41:05.709893,2.68742,2.6868,93
1,2004-03-01 20:41:29.433481,2.68742,2.6868,94
1,2004-03-01 20:42:05.401937,2.68742,2.6866,93
1,2004-03-01 20:42:23.736961,2.68742,2.6867,94
1,2004-03-01 20:42:56.937112,2.68742,2.6867,94
1,2004-03-01 20:43:37.117049,2.67532,2.6864,94
1,2004-03-01 20:43:53.596260,2.68742,2.6864,95
1,2004-03-01 20:44:55.319762,2.68742,2.6864,95
1,2004-03-01 20:45:23.616589,2.68742,2.6864,96
1,2004-03-01 20:45:56.611240,2.68742,2.6864,97
1,2004-03-01 20:46:59.519180,2.68742,2.6864,98
1,2004-03-01 20:47:31.765767,2.68742,2.6863,98
1,2004-03-01 20:48:02.576864,2.68742,2.6863,99
1,2004-03-01 20:48:22.420108,2.68742,2.6863,100
1,2004-03-01 20:48:53.441536,2.68742,2.6863,100
1,2004-03-01 20:49:23.677118,2.67532,2.6862,100
1,2004-03-01 20:49:58.292526,2.68742,2.6862,100
1,2004-03-01 20:50:22.471285,2.68742,2.6862,101
1,2004-03-01 20:50:55.116307,2.67532,2.6861,100
1,2004-03-01 20:51:25.094237,2.67532,2.686,101
1,2004-03-01 20:51:59.735901,2.67532,2.6859,101
1,2004-03-01 20:52:25.885007,2.68742,2.6859,100
1,2004-03-01 20:53:01.496688,2.68742,2.6859,101
1,2004-03-01 20:53:22.508655,2.68742,2.6859,102
1,2004-03-01 20:53:56.626239,2.67532,2.6858,102
1,2004-03-01 20:54:22.250949,2.67532,2.6857,103
1,2004-03-01 20:54:58.332708,2.68742,2.6856,102
1,2004-03-01 20:55:22.276271,2.68742,2.6857,103
1,2004-03-01 20:55:52.249393,2.68742,2.6857,103
1,2004-03-01 20:56:28.051414,2.68742,2.6857,103
1,2004-03-01 20:56:52.258606,2.67532,2.6855,103
1,2004-03-01 20:57:23.705937,2.67532,2.6854,103
1,2004-03-01 20:57:58.111165,2.68742,2.6854,103
1,2004-03-01 20:58:35.395831,2.68742,2.6854,103
1,2004-03-01 20:59:05.994357,2.67532,2.6853,103
1,2004-03-01 20:59:23.062751,2.68742,2.6853,103
1,2004-03-01 20:59:57.055742,2.68742,2.6853,104
1,2004-03-01 21:00:32.497164,2.68742,2.6854,103
1,2004-03-01 21:01:52.952326,2.68742,2.6854,104
1,2004-03-01 21:03:53.051857,2.67532,2.6854,101
1,2004-03-01 21:04:23.732320,2.67532,2.6851,100
1,2004-03-01 21:04:53.045965,2.68742,2.6851,101
1,2004-03-01 21:05:52.441871,2.67532,2.6849,100
1,2004-03-01 21:06:34.847205,2.68742,2.6848,100
1,2004-03-01 21:06:53.068991,2.67532,2.6846,100
1,2004-03-01 21:07:31.664098,2.68742,2.6846,99
1,2004-03-01 21:07:54.164982,2.67532,2.6845,100
1,2004-03-01 21:08:52.286633,2.68742,2.6845,100
1,2004-03-01 21:09:35.508326,2.68742,2.6845,99
1,2004-03-01 21:09:59.555963,2.67532,2.6844,99
1,2004-03-01 21:10:25.254489,2.68742,2.6844,100
1,2004-03-01 21:10:58.011151,2.68742,2.6844,100
1,2004-03-01 21:12:01.165718,2.67532,2.6843,100
1,2004-03-01 21:13:01.719882,2.68742,2.6842,99
1,2004-03-01 21:13:28.196306,2.68742,2.6843,98
1,2004-03-01 21:13:52.296481,2.67532,2.6842,99
1,2004-03-01 21:14:29.521668,2.68742,2.6842,99
1,2004-03-01 21:17:29.471436,2.67532,2.684,96
1,2004-03-01 21:18:01.109900,2.68742,2.684,96
1,2004-03-01 21:18:22.587039,2.68742,2.6841,97
1,2004-03-01 21:18:55.167463,2.67532,2.6839,97
1,2004-03-01 21:19:52.365667,2.67532,2.6838,96
1,2004-03-01 21:20:32.892620,2.67532,2.6836,96
1,2004-03-01 21:20:59.843691,2.67532,2.6836,96
1,2004-03-01 21:21:23.231443,2.67532,2.6836,97
1,2004-03-01 21:22:27.921842,2.67532,2.6835,96
1,2004-03-01 21:22:52.998324,2.68742,2.6835,96
1,2004-03-01 21:23:52.896619,2.67532,2.6834,96
1,2004-03-01 21:24:24.061454,2.68742,2.6835,95
1,2004-03-01 21:24:52.342868,2.68742,2.6835,96
1,2004-03-01 21:25:26.515994,2.68742,2.6835,96
1,2004-03-01 21:27:23.177144,2.67532,2.6833,94
1,2004-03-01 21:28:31.189083,2.68742,2.6833,93
1,2004-03-01 21:29:01.209201,2.67532,2.6832,94
1,2004-03-01 21:29:53.159584,2.67532,2.683,94
1,2004-03-01 21:30:22.354144,2.67532,2.6829,94
1,2004-03-01 21:30:59.027295,2.67532,2.6827,93
1,2004-03-01 21:31:25.997658,2.67532,2.6826,93
1,2004-03-01 21:32:06.797261,2.67532,2.6825,93
1,2004-03-01 21:32:52.424491,2.67532,2.6823,92
1,2004-03-01 21:33:31.491946,2.67532,2.6822,92
1,2004-03-01 21:33:52.488390,2.67532,2.6822,92
1,2004-03-01 21:34:29.624336,2.67532,2.6822,92
1,2004-03-01 21:34:52.369416,2.67532,2.6821,93
1,2004-03-01 21:35:25.765450,2.67532,2.682,93
1,2004-03-01 21:36:53.295540,2.68742,2.682,92
1,2004-03-01 21:37:35.130925,2.68742,2.6822,92
1,2004-03-01 21:38:09.596876,2.67532,2.682,92
1,2004-03-01 21:38:30.990412,2.67532,2.682,92
1,2004-03-01 21:38:58.710481,2.67532,2.682,93
1,2004-03-01 21:39:26.349556,2.67532,2.6818,93
1,2004-03-01 21:39:52.909541,2.67532,2.6818,94
1,2004-03-01 21:40:22.887234,2.67532,2.6816,94
1,2004-03-01 21:40:54.103766,2.68742,2.6816,94
1,2004-03-01 21:41:36.570059,2.68742,2.6816,93
1,2004-03-01 21:41:58.556663,2.67532,2.6815,94
1,2004-03-01 21:42:53.991811,2.67532,2.6813,93
1,2004-03-01 21:43:31.283012,2.67532,2.6812,93
1,2004-03-01 21:44:00.668926,2.68742,2.6812,92
1,2004-03-01 21:44:24.189906,2.67532,2.6812,93
1,2004-03-01 21:44:59.545123,2.67532,2.681,93
1,2004-03-01 21:46:35.978492,2.67532,2.6808,92
1,2004-03-01 21:46:52.436764,2.67532,2.6808,93
1,2004-03-01 21:47:31.487989,2.67532,2.6807,93
1,2004-03-01 21:47:53.625215,2.68742,2.6807,93
1,2004-03-01 21:48:25.350715,2.67532,2.6804,92
1,2004-03-01 21:48:55.531202,2.67532,2.6803,92
1,2004-03-01 21:49:31.258120,2.67532,2.6803,92
1,2004-03-01 21:49:52.276779,2.67532,2.6803,93
1,2004-03-01 21:50:38.634577,2.67532,2.6801,92
1,2004-03-01 21:50:55.862518,2.67532,2.6801,92
1,2004-03-01 21:51:33.718842,2.67532,2.6801,92
1,2004-03-01 21:51:54.415150,2.68742,2.6801,93
1,2004-03-01 21:52:35.650891,2.67532,2.6801,92
1,2004-03-01 21:53:31.401137,2.67532,2.6798,91
1,2004-03-01 21:53:59.659379,2.67532,2.6798,91
1,2004-03-01 21:54:27.980353,2.67532,2.6798,91
1,2004-03-01 21:55:12.146270,2.67532,2.6797,91
1,2004-03-01 21:55:35.746983,2.67532,2.6796,91
1,2004-03-01 21:56:05.683689,2.67532,2.6794,91
1,2004-03-01 21:56:25.504389,2.67532,2.6794,92
1,2004-03-01 21:56:53.808240,2.67532,2.6793,91
1,2004-03-01 21:57:31.641752,2.67532,2.6793,91
1,2004-03-01 21:57:53.860071,2.67532,2.6793,92
1,2004-03-01 21:58:31.373360,2.67532,2.6791,92
1,2004-03-01 22:00:05.951952,2.67532,2.6789,89
1,2004-03-01 22:00:30.201517,2.67532,2.6788,90
1,2004-03-01 22:00:53.797692,2.67532,2.6787,90
1,2004-03-01 22:01:34.100927,2.67532,2.6786,91
1,2004-03-01 22:02:05.557974,2.67532,2.6785,91
1,2004-03-01 22:02:38.877127,2.67532,2.6785,92
1,2004-03-01 22:02:58.300398,2.67532,2.6784,93
1,2004-03-01 22:03:23.527904,2.67532,2.6784,94
1,2004-03-01 22:03:53.560617,2.67532,2.6784,94
1,2004-03-01 22:04:34.191294,2.67532,2.6784,94
1,2004-03-01 22:04:59.614522,2.67532,2.6783,94
1,2004-03-01 22:05:56.749154,2.67532,2.6783,94
1,2004-03-01 22:07:01.686107,2.67532,2.6782,93
1,2004-03-01 22:07:53.588256,2.67532,2.6781,93
1,2004-03-01 22:08:24.168936,2.68742,2.6782,93
1,2004-03-01 22:08:52.322497,2.67532,2.6781,93
1,2004-03-01 22:09:53.224688,2.67532,2.6779,93
1,2004-03-01 22:11:01.634324,2.67532,2.6777,91
1,2004-03-01 22:11:28.150698,2.67532,2.6777,92
1,2004-03-01 22:11:53.025490,2.67532,2.6777,93
1,2004-03-01 22:12:25.297166,2.67532,2.6777,93
1,2004-03-01 22:12:59.778350,2.67532,2.6776,94
1,2004-03-01 22:13:59.862212,2.67532,2.6774,92
1,2004-03-01 22:14:31.303374,2.67532,2.6773,92
1,2004-03-01 22:15:29.943525,2.67532,2.6773,93
1,2004-03-01 22:16:35.771077,2.67532,2.6773,94
1,2004-03-01 22:17:05.896781,2.67532,2.6772,95
1,2004-03-01 22:17:28.367605,2.67532,2.6772,96
1,2004-03-01 22:17:56.703674,2.67532,2.6772,96
1,2004-03-01 22:18:36.905005,2.67532,2.677,95
1,2004-03-01 22:18:59.904393,2.67532,2.677,95
1,2004-03-01 22:19:26.767151,2.67532,2.677,96
1,2004-03-01 22:19:56.946102,2.67532,2.677,96
1,2004-03-01 22:20:32.678976,2.67532,2.6769,97
1,2004-03-01 22:21:04.444909,2.67532,2.677,96
1,2004-03-01 22:21:26.757657,2.66332,2.6768,96
1,2004-03-01 22:21:56.339395,2.66332,2.6767,97
1,2004-03-01 22:23:27.855610,2.67532,2.6766,96
1,2004-03-01 22:24:39.486816,2.67532,2.6765,95
1,2004-03-01 22:26:31.280780,2.66332,2.6761,94
1,2004-03-01 22:26:53.859754,2.67532,2.6761,95
1,2004-03-01 22:28:05.973686,2.67532,2.6761,95
1,2004-03-01 22:29:28.462177,2.67532,2.676,94
1,2004-03-01 22:30:22.519196,2.67532,2.676,93
1,2004-03-01 22:30:59.989821,2.67532,2.676,93
1,2004-03-01 22:31:23.161711,2.67532,2.676,94
1,2004-03-01 22:32:08.597629,2.67532,2.676,93
1,2004-03-01 22:32:22.557657,2.67532,2.676,94
1,2004-03-01 22:33:08.592286,2.67532,2.676,94
1,2004-03-01 22:34:14.436919,2.66332,2.6758,93
1,2004-03-01 22:34:23.126840,2.67532,2.6758,94
1,2004-03-01 22:35:22.596510,2.67532,2.6758,93
1,2004-03-01 22:35:52.535907,2.67532,2.6758,93
1,2004-03-01 22:37:27.868566,2.67532,2.6757,93
1,2004-03-01 22:38:37.560898,2.67532,2.6756,91
1,2004-03-01 22:38:58.394419,2.66332,2.6755,92
1,2004-03-01 22:40:59.901116,2.67532,2.6753,88
1,2004-03-01 22:41:26.836711,2.67532,2.6753,89
1,2004-03-01 22:41:53.959745,2.67532,2.6752,89
1,2004-03-01 22:42:37.452794,2.67532,2.6752,89
1,2004-03-01 22:42:58.774345,2.67532,2.6752,89
1,2004-03-01 22:44:01.544663,2.66332,2.6749,88
1,2004-03-01 22:44:28.418995,2.67532,2.6749,88
1,2004-03-01 22:44:52.721869,2.67532,2.6749,89
1,2004-03-01 22:46:23.334832,2.66332,2.6748,89
1,2004-03-01 22:47:06.413889,2.67532,2.6748,88
1,2004-03-01 22:47:22.425784,2.67532,2.6748,89
1,2004-03-01 22:47:52.451559,2.67532,2.6748,89
1,2004-03-01 22:48:23.313568,2.67532,2.6746,89
1,2004-03-01 22:49:34.236098,2.67532,2.6746,87
1,2004-03-01 22:49:53.063135,2.67532,2.6746,87
1,2004-03-01 22:50:53.073688,2.67532,2.6746,87
1,2004-03-01 22:51:23.325276,2.67532,2.6746,87
1,2004-03-01 22:51:56.378249,2.66332,2.6743,86
1,2004-03-01 22:52:22.850555,2.66332,2.6742,87
1,2004-03-01 22:52:53.130490,2.67532,2.6742,87
1,2004-03-01 22:54:25.410749,2.67532,2.6742,86
1,2004-03-01 22:55:22.462625,2.67532,2.6742,85
1,2004-03-01 22:56:25.327398,2.67532,2.6742,84
1,2004-03-01 22:57:04.716485,2.67532,2.6742,83
1,2004-03-01 22:57:22.444695,2.66332,2.674,84
1,2004-03-01 22:58:58.475407,2.67532,2.674,82
1,2004-03-01 22:59:25.347989,2.67532,2.674,83
1,2004-03-01 23:00:30.339530,2.67532,2.674,82
1,2004-03-01 23:01:56.798835,2.66332,2.6738,81
1,2004-03-01 23:02:36.345371,2.67532,2.6738,81
1,2004-03-01 23:03:04.601043,2.66332,2.6737,80
1,2004-03-01 23:03:25.721790,2.67532,2.6737,80
1,2004-03-01 23:04:22.472831,2.67532,2.6737,80
1,2004-03-01 23:05:03.829392,2.66332,2.6735,79
1,2004-03-01 23:06:22.474209,2.67532,2.6735,79
1,2004-03-01 23:08:23.906343,2.67532,2.6735,78
1,2004-03-01 23:09:53.917780,2.67532,2.6733,76
1,2004-03-01 23:10:22.522337,2.67532,2.6733,77
1,2004-03-01 23:12:27.140260,2.67532,2.6732,74
1,2004-03-01 23:12:53.182237,2.67532,2.6732,75
1,2004-03-01 23:13:39.462737,2.67532,2.6732,75
1,2004-03-01 23:13:56.987874,2.67532,2.6733,76
1,2004-03-01 23:14:25.437145,2.66332,2.6731,76
1,2004-03-01 23:15:31.656570,2.67532,2.6731,75
1,2004-03-01 23:17:41.504604,2.67532,2.673,73
1,2004-03-01 23:17:52.759987,2.66332,2.6729,74
1,2004-03-01 23:18:32.954660,2.66332,2.6727,74
1,2004-03-01 23:18:55.478051,2.66332,2.6726,74
1,2004-03-01 23:19:55.378203,2.67532,2.6725,73
1,2004-03-01 23:21:28.668723,2.67532,2.6726,70
1,2004-03-01 23:21:53.391341,2.67532,2.6726,71
1,2004-03-01 23:22:22.558749,2.67532,2.6728,71
1,2004-03-01 23:23:03.884838,2.66332,2.6727,72
1,2004-03-01 23:23:29.855559,2.66332,2.6725,72
1,2004-03-01 23:23:55.367961,2.67532,2.6725,73
1,2004-03-01 23:24:25.446765,2.66332,2.6724,74
1,2004-03-01 23:25:24.012614,2.67532,2.6724,74
1,2004-03-01 23:26:23.066751,2.66332,2.6723,75
1,2004-03-01 23:26:55.520031,2.66332,2.6722,74
1,2004-03-01 23:27:33.251284,2.67532,2.6723,75
1,2004-03-01 23:29:38.957422,2.66332,2.6721,74
1,2004-03-01 23:30:22.549366,2.67532,2.6721,74
1,2004-03-01 23:31:22.848775,2.66332,2.6719,74
1,2004-03-01 23:32:03.023943,2.66332,2.6718,74
1,2004-03-01 23:32:23.437163,2.66332,2.6715,73
1,2004-03-01 23:32:53.469260,2.67532,2.6716,74
1,2004-03-01 23:33:52.556486,2.66332,2.6714,74
1,2004-03-01 23:34:24.021879,2.66332,2.6714,73
1,2004-03-01 23:35:02.183562,2.67532,2.6714,74
1,2004-03-01 23:35:27.226975,2.66332,2.6713,74
1,2004-03-01 23:35:55.722915,2.67532,2.6713,74
1,2004-03-01 23:37:09.852995,2.66332,2.6712,75
1,2004-03-01 23:37:23.067755,2.66332,2.6711,76
1,2004-03-01 23:37:52.618041,2.66332,2.6709,76
1,2004-03-01 23:38:32.983778,2.65143,2.6706,77
1,2004-03-01 23:39:06.397050,2.67532,2.6707,76
1,2004-03-01 23:39:35.040230,2.66332,2.6706,77
1,2004-03-01 23:41:11.649214,2.66332,2.6705,77
1,2004-03-01 23:41:33.019931,2.67532,2.6705,77
1,2004-03-01 23:43:06.287726,2.66332,2.6702,75
1,2004-03-01 23:43:28.608330,2.65143,2.67,76
1,2004-03-01 23:44:05.545141,2.67532,2.6701,76
1,2004-03-01 23:45:32.730846,2.67532,2.67,75
1,2004-03-01 23:46:01.749118,2.66332,2.67,76
1,2004-03-01 23:46:58.804578,2.67532,2.6701,76
1,2004-03-01 23:47:33.274154,2.66332,2.6699,75
1,2004-03-01 23:47:53.978785,2.67532,2.6699,75
1,2004-03-01 23:48:28.647744,2.67532,2.6699,75
1,2004-03-01 23:49:01.879133,2.66332,2.6698,76
1,2004-03-01 23:49:35.136404,2.67532,2.6698,76
1,2004-03-01 23:49:57.020141,2.67532,2.6698,76
1,2004-03-01 23:51:24.220120,2.67532,2.6697,75
1,2004-03-01 23:51:56.545571,2.66332,2.6697,75
1,2004-03-01 23:52:28.062318,2.67532,2.6699,75
1,2004-03-01 23:53:26.286571,2.66332,2.6697,75
1,2004-03-01 23:54:03.978438,2.65143,2.6695,76
1,2004-03-01 23:55:30.158519,2.67532,2.6694,75
1,2004-03-01 23:56:07.732305,2.66332,2.6693,76
1,2004-03-01 23:56:55.474386,2.67532,2.6693,76
1,2004-03-01 23:57:30.294719,2.66332,2.6692,75
1,2004-03-01 23:58:24.259707,2.66332,2.6692,76
1,2004-03-01 23:59:34.738795,2.66332,2.6689,75
1,2004-03-02 00:00:00.042928,2.66332,2.6689,76
1,2004-03-02 00:00:24.345110,2.67532,2.6689,77
1,2004-03-02 00:01:08.513021,2.66332,2.6688,77
1,2004-03-02 00:02:03.801998,2.66332,2.6688,77
1,2004-03-02 00:03:22.652950,2.66332,2.6687,76
1,2004-03-02 00:03:58.646594,2.66332,2.6685,76
1,2004-03-02 00:05:06.974173,2.66332,2.6684,75
1,2004-03-02 00:05:27.248953,2.67532,2.6685,76
1,2004-03-02 00:06:31.551271,2.66332,2.6684,76
1,2004-03-02 00:07:07.992629,2.66332,2.6683,77
1,2004-03-02 00:07:23.880681,2.67532,2.6684,78
1,2004-03-02 00:08:21.740082,2.66332,2.6683,79
1,2004-03-02 00:08:28.339736,2.66332,2.6682,79
1,2004-03-02 00:08:55.721137,2.66332,2.6681,80
1,2004-03-02 00:10:03.938403,2.67532,2.6681,80
1,2004-03-02 00:10:28.923912,2.66332,2.668,80
1,2004-03-02 00:12:23.706274,2.66332,2.6679,81
1,2004-03-02 00:12:54.076997,2.66332,2.6677,80
1,2004-03-02 00:13:31.631894,2.65143,2.6675,81
1,2004-03-02 00:13:58.616878,2.66332,2.6672,80
1,2004-03-02 00:15:53.452730,2.66332,2.6671,79
1,2004-03-02 00:16:33.411713,2.66332,2.6671,80
1,2004-03-02 00:17:04.997240,2.65143,2.6669,81
1,2004-03-02 00:17:34.758774,2.67532,2.667,82
1,2004-03-02 00:17:57.314589,2.66332,2.6669,81
1,2004-03-02 00:18:22.699795,2.67532,2.667,82
1,2004-03-02 00:19:53.198527,2.66332,2.667,81
1,2004-03-02 00:21:00.310836,2.66332,2.6669,81
1,2004-03-02 00:21:40.931563,2.66332,2.6667,81
1,2004-03-02 00:23:23.492712,2.66332,2.6665,79
1,2004-03-02 00:23:54.318143,2.66332,2.6665,79
1,2004-03-02 00:25:53.300954,2.65143,2.6661,77
1,2004-03-02 00:26:40.957887,2.66332,2.6661,77
1,2004-03-02 00:27:25.658457,2.66332,2.6661,77
